ANO_EJE,NIVEL_GOBIERNO,NIVEL_GOBIERNO_NOMBRE,SECTOR,SECTOR_NOMBRE,PLIEGO,PLIEGO_NOMBRE,SEC_EJEC,EJECUTORA,EJECUTORA_NOMBRE,DEPARTAMENTO_EJECUTORA,DEPARTAMENTO_EJECUTORA_NOMBRE,PROVINCIA_EJECUTORA,PROVINCIA_EJECUTORA_NOMBRE,DISTRITO_EJECUTORA,DISTRITO_EJECUTORA_NOMBRE,PROGRAMA_PPTO,PROGRAMA_PPTO_NOMBRE,TIPO_ACT_PROY,TIPO_ACT_PROY_NOMBRE,PRODUCTO_PROYECTO,PRODUCTO_PROYECTO_NOMBRE,ACTIVIDAD_ACCION_OBRA,ACTIVIDAD_ACCION_OBRA_NOMBRE,DEPARTAMENTO_META,DEPARTAMENTO_META_NOMBRE,RUBRO,RUBRO_NOMBRE,MONTO_PIM,MONTO_DEVENGADO
2021,M,GOBIERNOS LOCALES, , , , ,300308,030506,MUNICIPALIDAD DISTRITAL DE CHALLHUAHUACHO,03,APURIMAC,05,COTABAMBA,06,CHALLHUAHUACHO,0083,PROGRAMA NACIONAL DE SANEAMIENTO RURAL,2,PROYECTO,2342222,"MEJORAMIENTO Y AMPLIACION DEL SERVICIO DE AGUA POTABLE Y SANEAMIENTO RURAL EN LA COMUNIDAD DE LLAQTANI, DISTRITO DE CHALLHUAHUACHO - COTABAMBAS - APURIMAC",4000053,MEJORAMIENTO DEL SISTEMA DE AGUA POTABLE,03,APURIMAC,13,DONACIONES Y TRANSFERENCIAS,1875845.0,185708.66
2021,M,GOBIERNOS LOCALES, , , , ,300738,080707,MUNICIPALIDAD DISTRITAL DE QUIÑOTA,08,CUSCO,07,CHUMBIVILCAS,07,QUINOTA,0083,PROGRAMA NACIONAL DE SANEAMIENTO RURAL,2,PROYECTO,2344820,"AMPLIACION Y MEJORAMIENTO DEL SISTEMA DE SANEAMIENTO BASICO INTEGRAL EN LOS ANEXOS DE CHILLAPUJRO, SACHAYOQHUAYCCO,QUELLWAPAMPA,QUINSANIA Y CHALANSILLO DE LA COMUNIDAD CAMPESINA DE PUMALLACTA DEL DISTRITO DE QUIÑOTA, PROVINCIA DE CHUMBIVILCAS - CUSCO",4000053,MEJORAMIENTO DEL SISTEMA DE AGUA POTABLE,08,CUSCO,13,DONACIONES Y TRANSFERENCIAS,6462890.0,0.0
2021,M,GOBIERNOS LOCALES, , , , ,300738,080707,MUNICIPALIDAD DISTRITAL DE QUIÑOTA,08,CUSCO,07,CHUMBIVILCAS,07,QUINOTA,0042,APROVECHAMIENTO DE LOS RECURSOS HIDRICOS PARA USO AGRARIO,2,PROYECTO,2413343,"CREACION Y MEJORAMIENTO DEL SISTEMA DE RIEGO TECNIFICADO EN EL SECTOR DE CHILUYO COMUNIDAD DE QUIÑOTA, DISTRITO DE QUIÑOTA - PROVINCIA DE CHUMBIVILCAS - DEPARTAMENTO DE CUSCO",4000120,MEJORAMIENTO DE LINEA DE CONDUCCION DE SISTEMAS DE RIEGO,08,CUSCO,13,DONACIONES Y TRANSFERENCIAS,48259.0,0.0
2021,E,GOBIERNO NACIONAL,37,VIVIENDA CONSTRUCCION Y SANEAMIENTO,037,"MINISTERIO DE VIVIENDA, CONSTRUCCION Y SANEAMIENTO",1443,005,PROGRAMA NACIONAL DE SANEAMIENTO RURAL,15,LIMA,01,LIMA,22,MIRAFLORES,0083,PROGRAMA NACIONAL DE SANEAMIENTO RURAL,2,PROYECTO,2332562,"MEJORAMIENTO Y AMPLIACION DEL SERVICIO DE AGUA POTABLE Y SANEAMIENTO EN LA CC.NN NUEVA JERUSALEN DISTRITO DE TROMPETEROS, PROVINCIA DE LORETO, REGION DE LORETO",6000016,GESTION Y ADMINISTRACION,16,LORETO,13,DONACIONES Y TRANSFERENCIAS,52000.0,20304.48
2021,E,GOBIERNO NACIONAL,40,DESARROLLO E INCLUSION SOCIAL,040,MINISTERIO DE DESARROLLO E INCLUSION SOCIAL,1674,008,PROGRAMA NACIONAL PLATAFORMAS DE ACCION  PARA LA INCLUSION SOCIAL - PAIS,15,LIMA,01,LIMA,01,LIMA,9002,ASIGNACIONES PRESUPUESTARIAS QUE NO RESULTAN EN PRODUCTOS,2,PROYECTO,2514149,CREACION DEL CENTRO DE SERVICIOS - TAMBO EN EL CENTRO POBLADO TAMARATE DEL DISTRITO DE LAGUNAS - PROVINCIA DE ALTO AMAZONAS - DEPARTAMENTO DE LORETO,6000001,EXPEDIENTE TECNICO,16,LORETO,13,DONACIONES Y TRANSFERENCIAS,41739.0,41739.0
2021,E,GOBIERNO NACIONAL,11,SALUD,011,M. DE SALUD,1655,125,PROGRAMA NACIONAL DE INVERSIONES EN SALUD,15,LIMA,01,LIMA,31,SAN ISIDRO,9002,ASIGNACIONES PRESUPUESTARIAS QUE NO RESULTAN EN PRODUCTOS,2,PROYECTO,2475091,CREACION DE LOS SERVICIOS DE SALUD DEL PRIMER NIVEL DE COMPLEJIDAD EN LA COMUNIDAD NATIVA DE MAYURIAGA MAYURIAGA DEL DISTRITO DE MORONA - PROVINCIA DE DATEM DEL MARAÑON - DEPARTAMENTO DE LORETO,6000016,GESTION Y ADMINISTRACION,16,LORETO,13,DONACIONES Y TRANSFERENCIAS,40000.0,30176.8
2021,E,GOBIERNO NACIONAL,37,VIVIENDA CONSTRUCCION Y SANEAMIENTO,037,"MINISTERIO DE VIVIENDA, CONSTRUCCION Y SANEAMIENTO",1443,005,PROGRAMA NACIONAL DE SANEAMIENTO RURAL,15,LIMA,01,LIMA,22,MIRAFLORES,0083,PROGRAMA NACIONAL DE SANEAMIENTO RURAL,2,PROYECTO,2400930,"INSTALACION DEL SERVICIO DE AGUA POTABLE Y SANEAMIENTO EN EL CENTRO POBLADO DE SAN RAMON, DISTRITO DE NAUTA, PROVINCIA DE LORETO - LORETO",6000002,SUPERVISION Y LIQUIDACION DE OBRAS,16,LORETO,13,DONACIONES Y TRANSFERENCIAS,88680.0,77045.43000000001
2021,E,GOBIERNO NACIONAL,37,VIVIENDA CONSTRUCCION Y SANEAMIENTO,037,"MINISTERIO DE VIVIENDA, CONSTRUCCION Y SANEAMIENTO",1443,005,PROGRAMA NACIONAL DE SANEAMIENTO RURAL,15,LIMA,01,LIMA,22,MIRAFLORES,0083,PROGRAMA NACIONAL DE SANEAMIENTO RURAL,2,PROYECTO,2400934,"INSTALACION DEL SERVICIO DE AGUA POTABLE Y SANEAMIENTO EN EL CENTRO POBLADO DE SUCRE, DISTRITO DE NAUTA, PROVINCIA DE LORETO - LORETO",4000182,CONSTRUCCION DEL SISTEMA DE AGUA POTABLE Y DISPOSICION SANITARIA DE EXCRETA,16,LORETO,13,DONACIONES Y TRANSFERENCIAS,5490307.0,4878172.5600000005
2021,E,GOBIERNO NACIONAL,11,SALUD,011,M. DE SALUD,1655,125,PROGRAMA NACIONAL DE INVERSIONES EN SALUD,15,LIMA,01,LIMA,31,SAN ISIDRO,9002,ASIGNACIONES PRESUPUESTARIAS QUE NO RESULTAN EN PRODUCTOS,2,PROYECTO,2469195,"MEJORAMIENTO Y AMPLIACION DE LOS SERVICIOS DE SALUD DEL ESTABLECIMIENTO DE SALUD NUEVO ANDOAS, DISTRITO DE ANDOAS - PROVINCIA DE DATEM DEL MARAÑON - DEPARTAMENTO DE LORETO",6000001,EXPEDIENTE TECNICO,16,LORETO,13,DONACIONES Y TRANSFERENCIAS,1727518.0,66000.0
2021,M,GOBIERNOS LOCALES, , , , ,301441,160704,MUNICIPALIDAD DISTRITAL DE MORONA,16,LORETO,07,DATEM DEL MARAÑON,04,MORONA,9002,ASIGNACIONES PRESUPUESTARIAS QUE NO RESULTAN EN PRODUCTOS,2,PROYECTO,2501482,MEJORAMIENTO DE LA PRESTACION DE SERVICIO DE SALUD DEL PUESTO DE SALUD I-1 DE LA LOCALIDAD DE INCA ROCA DEL DISTRITO DE MORONA - PROVINCIA DE DATEM DEL MARAÑON - DEPARTAMENTO DE LORETO,4000013,MEJORAMIENTO DE PUESTOS DE SALUD,16,LORETO,13,DONACIONES Y TRANSFERENCIAS,158400.0,122910.0
2021,M,GOBIERNOS LOCALES, , , , ,300735,080704,MUNICIPALIDAD DISTRITAL DE COLQUEMARCA,08,CUSCO,07,CHUMBIVILCAS,04,COLQUEMARCA,0148,"REDUCCION DEL TIEMPO, INSEGURIDAD Y COSTO AMBIENTAL EN EL TRANSPORTE URBANO",2,PROYECTO,2472091,"MEJORAMIENTO DE LA CARRETERA EMP. PE-3S G - EMP. CU -1552 - EMP. CU - 119 (LACCANI), EMP.CU 119 - EMP. CU 1914, EMP.CU 1913 - JAPU- EMP.CU 127 DISTRITO DE COLQUEMARCA - PROVINCIA DE CHUMBIVILCAS - DEPARTAMENTO DE CUSCO",6000001,EXPEDIENTE TECNICO,08,CUSCO,13,DONACIONES Y TRANSFERENCIAS,290399.0,116010.4
2021,E,GOBIERNO NACIONAL,37,VIVIENDA CONSTRUCCION Y SANEAMIENTO,037,"MINISTERIO DE VIVIENDA, CONSTRUCCION Y SANEAMIENTO",1443,005,PROGRAMA NACIONAL DE SANEAMIENTO RURAL,15,LIMA,01,LIMA,22,MIRAFLORES,0083,PROGRAMA NACIONAL DE SANEAMIENTO RURAL,2,PROYECTO,2400936,"INSTALACION DEL SERVICIO DE AGUA POTABLE Y SANEAMIENTO EN EL CENTRO POBLADO DE MIRAFLORES, DISTRITO DE NAUTA, PROVINCIA DE LORETO - LORETO",4000182,CONSTRUCCION DEL SISTEMA DE AGUA POTABLE Y DISPOSICION SANITARIA DE EXCRETA,16,LORETO,13,DONACIONES Y TRANSFERENCIAS,6464127.0,4617879.63
2021,E,GOBIERNO NACIONAL,37,VIVIENDA CONSTRUCCION Y SANEAMIENTO,037,"MINISTERIO DE VIVIENDA, CONSTRUCCION Y SANEAMIENTO",1443,005,PROGRAMA NACIONAL DE SANEAMIENTO RURAL,15,LIMA,01,LIMA,22,MIRAFLORES,0083,PROGRAMA NACIONAL DE SANEAMIENTO RURAL,2,PROYECTO,2456767,MEJORAMIENTO Y AMPLIACION DEL SERVICIO DE AGUA POTABLE Y SISTEMA DE ELIMINACION DE EXCRETAS EN LA LOCALIDAD DE HUASCABAMBA DEL DISTRITO DE CAPACMARCA - PROVINCIA DE CHUMBIVILCAS - DEPARTAMENTO DE CUSCO,6000001,EXPEDIENTE TECNICO,08,CUSCO,13,DONACIONES Y TRANSFERENCIAS,326382.0,0.0
2021,E,GOBIERNO NACIONAL,11,SALUD,011,M. DE SALUD,1655,125,PROGRAMA NACIONAL DE INVERSIONES EN SALUD,15,LIMA,01,LIMA,31,SAN ISIDRO,9002,ASIGNACIONES PRESUPUESTARIAS QUE NO RESULTAN EN PRODUCTOS,2,PROYECTO,2479465,MEJORAMIENTO Y AMPLIACION DE LOS SERVICIOS DE SALUD DEL PUESTO DE SALUD NUEVA JERUSALEN DISTRITO DE TROMPETEROS - PROVINCIA DE LORETO - DEPARTAMENTO DE LORETO,6000016,GESTION Y ADMINISTRACION,16,LORETO,13,DONACIONES Y TRANSFERENCIAS,95000.0,87161.39
2021,M,GOBIERNOS LOCALES, , , , ,300735,080704,MUNICIPALIDAD DISTRITAL DE COLQUEMARCA,08,CUSCO,07,CHUMBIVILCAS,04,COLQUEMARCA,0083,PROGRAMA NACIONAL DE SANEAMIENTO RURAL,2,PROYECTO,2300687,"MEJORAMIENTO Y AMPLIACION DEL SISTEMA DE SERVICIO DE AGUA POTABLE, LETRINAS SANITARIAS CON ARRASTRE HIDRAULICO Y BIODIGESTOR EN EL SECTORES DE HUACCOTO, HUALLUANI, TOROMANYA Y CANTUTA EN LA COMUNIDAD DE HUACCOTO DEL DISTRITO DE COLQUEMARCA, PROVINCIA DE CHUMBIVILCAS - CUSCO",4000053,MEJORAMIENTO DEL SISTEMA DE AGUA POTABLE,08,CUSCO,13,DONACIONES Y TRANSFERENCIAS,4949226.0,493477.53
2021,M,GOBIERNOS LOCALES, , , , ,300732,080701,MUNICIPALIDAD PROVINCIAL DE CHUMBIVILCAS - SANTO TOMAS,08,CUSCO,07,CHUMBIVILCAS,01,SANTO TOMAS,0042,APROVECHAMIENTO DE LOS RECURSOS HIDRICOS PARA USO AGRARIO,2,PROYECTO,2327671,"AMPLIACION Y MEJORAMIENTO DE LOS SISTEMAS DE RIEGO DE ESPAÑA EN LOS ANEXOS DE LUTTO CENTRAL, KUTUTO, CRUZPATA, CHIHUAYHUANI, CCOLLPATUMAYCO DE LA COMUNIDAD DE LUTTO, KUTUTO DEL DISTRITO DE LLUSCO, PROVINCIA DE CHUMBIVILCAS - CUSCO",6000001,EXPEDIENTE TECNICO,08,CUSCO,13,DONACIONES Y TRANSFERENCIAS,0.0,0.0
2021,E,GOBIERNO NACIONAL,37,VIVIENDA CONSTRUCCION Y SANEAMIENTO,037,"MINISTERIO DE VIVIENDA, CONSTRUCCION Y SANEAMIENTO",1443,005,PROGRAMA NACIONAL DE SANEAMIENTO RURAL,15,LIMA,01,LIMA,22,MIRAFLORES,0083,PROGRAMA NACIONAL DE SANEAMIENTO RURAL,2,PROYECTO,2400945,"INSTALACION DEL SERVICIO DE AGUA POTABLE Y SANEAMIENTO EN EL CENTRO POBLADO DE SAN JUAN DE LAGUNILLAS, DISTRITO DE NAUTA, PROVINCIA DE LORETO - LORETO",4000182,CONSTRUCCION DEL SISTEMA DE AGUA POTABLE Y DISPOSICION SANITARIA DE EXCRETA,16,LORETO,13,DONACIONES Y TRANSFERENCIAS,4087722.0,3556776.78
2021,M,GOBIERNOS LOCALES, , , , ,300735,080704,MUNICIPALIDAD DISTRITAL DE COLQUEMARCA,08,CUSCO,07,CHUMBIVILCAS,04,COLQUEMARCA,0083,PROGRAMA NACIONAL DE SANEAMIENTO RURAL,2,PROYECTO,2488698,MEJORAMIENTO Y AMPLIACION DEL SERVICIO DE AGUA POTABLE Y SANEAMIENTO BASICO EN EL ANEXO DE CHOCCOYO DE LA COMUNIDAD IDIOPA - ÑAUPA JAPO - URINSAYA DEL DISTRITO DE COLQUEMARCA - PROVINCIA DE CHUMBIVILCAS - DEPARTAMENTO DE CUSCO,6000001,EXPEDIENTE TECNICO,08,CUSCO,13,DONACIONES Y TRANSFERENCIAS,202640.0,0.0
2021,M,GOBIERNOS LOCALES, , , , ,300308,030506,MUNICIPALIDAD DISTRITAL DE CHALLHUAHUACHO,03,APURIMAC,05,COTABAMBA,06,CHALLHUAHUACHO,0083,PROGRAMA NACIONAL DE SANEAMIENTO RURAL,2,PROYECTO,2342171,"MEJORAMIENTO Y AMPLIACION SERVICIO DE AGUA POTABLE Y SANEAMIENTO RURAL EN LA COMUNIDAD DE MOLINOPATA, DISTRITO DE CHALLHUAHUACHO - COTABAMBAS - APURIMAC",4000053,MEJORAMIENTO DEL SISTEMA DE AGUA POTABLE,03,APURIMAC,13,DONACIONES Y TRANSFERENCIAS,1903121.0,556662.83
2021,M,GOBIERNOS LOCALES, , , , ,300738,080707,MUNICIPALIDAD DISTRITAL DE QUIÑOTA,08,CUSCO,07,CHUMBIVILCAS,07,QUINOTA,0090,LOGROS DE APRENDIZAJE DE ESTUDIANTES DE LA EDUCACION BASICA REGULAR,2,PROYECTO,2484007,MEJORAMIENTO DEL SERVICIO EDUCATIVO DE LA INSTITUCION EDUCATIVA DE NIVEL PRIMARIO 501447 YAWARMAYO DEL DISTRITO DE QUIÑOTA - PROVINCIA DE CHUMBIVILCAS - DEPARTAMENTO DE CUSCO,4000036,MEJORAMIENTO DE INFRAESTRUCTURA DE EDUCACION PRIMARIA,08,CUSCO,13,DONACIONES Y TRANSFERENCIAS,190000.0,0.0
2021,E,GOBIERNO NACIONAL,37,VIVIENDA CONSTRUCCION Y SANEAMIENTO,037,"MINISTERIO DE VIVIENDA, CONSTRUCCION Y SANEAMIENTO",1443,005,PROGRAMA NACIONAL DE SANEAMIENTO RURAL,15,LIMA,01,LIMA,22,MIRAFLORES,0083,PROGRAMA NACIONAL DE SANEAMIENTO RURAL,2,PROYECTO,2275299,"MEJORAMIENTO Y AMPLIACION DEL SERVICIO DE AGUA POTABLE E INSTALACION DE SANEAMIENTO BASICO EN EL CENTRO POBLADO DE PALCA, DISTRITO DE OLLACHEA, DEPARTAMENTO DE PUNO",4000181,"REHABILITACION, MEJORAMIENTO Y AMPLIACION DEL SISTEMA DE AGUA POTABLE Y DISPOSICION SANITARIA DE EXCRETA",21,PUNO,13,DONACIONES Y TRANSFERENCIAS,3318299.0,2810509.69
2021,E,GOBIERNO NACIONAL,37,VIVIENDA CONSTRUCCION Y SANEAMIENTO,037,"MINISTERIO DE VIVIENDA, CONSTRUCCION Y SANEAMIENTO",1443,005,PROGRAMA NACIONAL DE SANEAMIENTO RURAL,15,LIMA,01,LIMA,22,MIRAFLORES,0083,PROGRAMA NACIONAL DE SANEAMIENTO RURAL,2,PROYECTO,2400908,"INSTALACION DEL SERVICIO DE AGUA POTABLE Y SANEAMIENTO EN EL CENTRO POBLADO DE SANTA CRUZ, DISTRITO DE NAUTA, PROVINCIA DE LORETO - LORETO",4000182,CONSTRUCCION DEL SISTEMA DE AGUA POTABLE Y DISPOSICION SANITARIA DE EXCRETA,16,LORETO,13,DONACIONES Y TRANSFERENCIAS,2936564.0,1256036.0899999999
2021,E,GOBIERNO NACIONAL,11,SALUD,011,M. DE SALUD,1655,125,PROGRAMA NACIONAL DE INVERSIONES EN SALUD,15,LIMA,01,LIMA,31,SAN ISIDRO,9002,ASIGNACIONES PRESUPUESTARIAS QUE NO RESULTAN EN PRODUCTOS,2,PROYECTO,2521713,CREACION DE LOS SERVICIOS DE SALUD BASICOS EN LA COMUNIDAD NATIVA NUEVA ALIANZA DEL DISTRITO DE URARINAS - PROVINCIA DE LORETO - DEPARTAMENTO DE LORETO,4000014,MEJORAMIENTO DE CENTROS DE SALUD,16,LORETO,13,DONACIONES Y TRANSFERENCIAS,7060179.0,0.0
2021,M,GOBIERNOS LOCALES, , , , ,300732,080701,MUNICIPALIDAD PROVINCIAL DE CHUMBIVILCAS - SANTO TOMAS,08,CUSCO,07,CHUMBIVILCAS,01,SANTO TOMAS,0083,PROGRAMA NACIONAL DE SANEAMIENTO RURAL,2,PROYECTO,2290579,"MEJORAMIENTO Y AMPLIACION DEL SISTEMA DE AGUA POTABLE E INSTALACION DE UNIDADES BASICAS SANITARIAS EN EL ANEXO ARMIRI DE LA C.C. CHARAMURAY, DISTRITO DE COLQUEMARCA, PROVINCIA DE CHUMBIVILCAS - CUSCO",4000053,MEJORAMIENTO DEL SISTEMA DE AGUA POTABLE,08,CUSCO,13,DONACIONES Y TRANSFERENCIAS,4988512.0,0.0
2021,M,GOBIERNOS LOCALES, , , , ,300732,080701,MUNICIPALIDAD PROVINCIAL DE CHUMBIVILCAS - SANTO TOMAS,08,CUSCO,07,CHUMBIVILCAS,01,SANTO TOMAS,0138,"REDUCCION DEL COSTO, TIEMPO E INSEGURIDAD EN EL SISTEMA DE TRANSPORTE",2,PROYECTO,2501886,MEJORAMIENTO DEL SERVICIO DE TRANSITABILIDAD DEL CAMINO VECINAL ANEXO RANRAPATA CC. CCOLLANA Y ANEXO TIRANI CC. PUMALLACTA - DISTRITO DE QUIÑOTA - ANEXO CCASHIAHUI CC. CCOLLPA CCASHIAHUI - DISTRITO DE LLUSCO - R-67 (DESV. LLIQUE- ACCACCO COCHANI MOSCCO) DISTRITO DE SANTO TOMAS - PROVINCIA DE CHUMBIVILCAS - DEPARTAMENTO DE CUSCO,4000079,MEJORAMIENTO DE CAMINO VECINAL,08,CUSCO,13,DONACIONES Y TRANSFERENCIAS,373950.0,0.0
2021,E,GOBIERNO NACIONAL,37,VIVIENDA CONSTRUCCION Y SANEAMIENTO,037,"MINISTERIO DE VIVIENDA, CONSTRUCCION Y SANEAMIENTO",1443,005,PROGRAMA NACIONAL DE SANEAMIENTO RURAL,15,LIMA,01,LIMA,22,MIRAFLORES,0083,PROGRAMA NACIONAL DE SANEAMIENTO RURAL,2,PROYECTO,2400941,"INSTALACION DEL SERVICIO DE AGUA POTABLE Y SANEAMIENTO EN EL CENTRO POBLADO DE LISBOA, DISTRITO DE NAUTA, PROVINCIA DE LORETO - LORETO",6000039,EDUCACION SANITARIA Y GESTION DE LOS SERVICIOS DE SANEAMIENTO,16,LORETO,13,DONACIONES Y TRANSFERENCIAS,1263.0,0.0
2021,M,GOBIERNOS LOCALES, , , , ,300308,030506,MUNICIPALIDAD DISTRITAL DE CHALLHUAHUACHO,03,APURIMAC,05,COTABAMBA,06,CHALLHUAHUACHO,0083,PROGRAMA NACIONAL DE SANEAMIENTO RURAL,2,PROYECTO,2342222,"MEJORAMIENTO Y AMPLIACION DEL SERVICIO DE AGUA POTABLE Y SANEAMIENTO RURAL EN LA COMUNIDAD DE LLAQTANI, DISTRITO DE CHALLHUAHUACHO - COTABAMBAS - APURIMAC",6000002,SUPERVISION Y LIQUIDACION DE OBRAS,03,APURIMAC,13,DONACIONES Y TRANSFERENCIAS,90386.0,0.0
2021,E,GOBIERNO NACIONAL,37,VIVIENDA CONSTRUCCION Y SANEAMIENTO,037,"MINISTERIO DE VIVIENDA, CONSTRUCCION Y SANEAMIENTO",1443,005,PROGRAMA NACIONAL DE SANEAMIENTO RURAL,15,LIMA,01,LIMA,22,MIRAFLORES,0083,PROGRAMA NACIONAL DE SANEAMIENTO RURAL,2,PROYECTO,2235611,"AMPLIACION Y MEJORAMIENTO DEL SERVICIO DE AGUA POTABLE E INSTALACION DEL SERVICIO DE SANEAMIENTO EN EL CENTRO POBLADO DE PAMPA HERMOSA, DISTRITO DE TROMPETEROS, PROVINCIA DE LORETO, REGION LORETO",6000001,EXPEDIENTE TECNICO,16,LORETO,13,DONACIONES Y TRANSFERENCIAS,35100.0,22800.0
2021,E,GOBIERNO NACIONAL,37,VIVIENDA CONSTRUCCION Y SANEAMIENTO,037,"MINISTERIO DE VIVIENDA, CONSTRUCCION Y SANEAMIENTO",1443,005,PROGRAMA NACIONAL DE SANEAMIENTO RURAL,15,LIMA,01,LIMA,22,MIRAFLORES,0083,PROGRAMA NACIONAL DE SANEAMIENTO RURAL,2,PROYECTO,2330634,"MEJORAMIENTO Y AMPLIACION DEL SERVICIO DE AGUA POTABLE Y SANEAMIENTO EN LA CC.NN SAN JUAN DE BARTRA DISTRITO DE EL TIGRE, PROVINCIA DE LORETO, REGION DE LORETO.",6000001,EXPEDIENTE TECNICO,16,LORETO,13,DONACIONES Y TRANSFERENCIAS,35100.0,23050.0
2021,E,GOBIERNO NACIONAL,40,DESARROLLO E INCLUSION SOCIAL,040,MINISTERIO DE DESARROLLO E INCLUSION SOCIAL,1674,008,PROGRAMA NACIONAL PLATAFORMAS DE ACCION  PARA LA INCLUSION SOCIAL - PAIS,15,LIMA,01,LIMA,01,LIMA,9002,ASIGNACIONES PRESUPUESTARIAS QUE NO RESULTAN EN PRODUCTOS,2,PROYECTO,2512432,CREACION DEL CENTRO DE SERVICIOS - TAMBO EN EL CENTRO POBLADO SAN ANTONIO DEL DISTRITO DE ALTO NANAY - PROVINCIA DE MAYNAS - DEPARTAMENTO DE LORETO,6000001,EXPEDIENTE TECNICO,16,LORETO,13,DONACIONES Y TRANSFERENCIAS,41761.0,41761.0
2021,M,GOBIERNOS LOCALES, , , , ,300736,080705,MUNICIPALIDAD DISTRITAL DE LIVITACA,08,CUSCO,07,CHUMBIVILCAS,05,LIVITACA,0042,APROVECHAMIENTO DE LOS RECURSOS HIDRICOS PARA USO AGRARIO,2,PROYECTO,2492705,"MEJORAMIENTO DEL SERVICIO DE AGUA PARA RIEGO EN LA MARGEN IZQUIERDA Y DERECHA DE LA COMUNIDAD CAMPESINA CCOLLANA ALTA, DISTRITO DE LIVITACA - PROVINCIA DE CHUMBIVILCAS - DEPARTAMENTO DE CUSCO",6000001,EXPEDIENTE TECNICO,08,CUSCO,13,DONACIONES Y TRANSFERENCIAS,42610.0,0.0
2021,E,GOBIERNO NACIONAL,11,SALUD,011,M. DE SALUD,1655,125,PROGRAMA NACIONAL DE INVERSIONES EN SALUD,15,LIMA,01,LIMA,31,SAN ISIDRO,9002,ASIGNACIONES PRESUPUESTARIAS QUE NO RESULTAN EN PRODUCTOS,2,PROYECTO,2469195,"MEJORAMIENTO Y AMPLIACION DE LOS SERVICIOS DE SALUD DEL ESTABLECIMIENTO DE SALUD NUEVO ANDOAS, DISTRITO DE ANDOAS - PROVINCIA DE DATEM DEL MARAÑON - DEPARTAMENTO DE LORETO",6000002,SUPERVISION Y LIQUIDACION DE OBRAS,16,LORETO,13,DONACIONES Y TRANSFERENCIAS,596556.0,0.0
2021,E,GOBIERNO NACIONAL,11,SALUD,011,M. DE SALUD,1655,125,PROGRAMA NACIONAL DE INVERSIONES EN SALUD,15,LIMA,01,LIMA,31,SAN ISIDRO,9002,ASIGNACIONES PRESUPUESTARIAS QUE NO RESULTAN EN PRODUCTOS,2,PROYECTO,2479733,"CREACION DE LOS SERVICIOS DE SALUD DEL PRIMER NIVEL DE COMPLEJIDAD EN LA COMUNIDAD NATIVA DE LA PETROLERA, DISTRITO DE URARINAS - PROVINCIA DE LORETO - DEPARTAMENTO DE LORETO",6000016,GESTION Y ADMINISTRACION,16,LORETO,13,DONACIONES Y TRANSFERENCIAS,70000.0,4000.0
2021,M,GOBIERNOS LOCALES, , , , ,300308,030506,MUNICIPALIDAD DISTRITAL DE CHALLHUAHUACHO,03,APURIMAC,05,COTABAMBA,06,CHALLHUAHUACHO,0083,PROGRAMA NACIONAL DE SANEAMIENTO RURAL,2,PROYECTO,2342230,"MEJORAMIENTO Y AMPLIACION DEL SERVICIO DE AGUA POTABLE Y SANEAMIENTO RURAL EN LAS LOCALIDADES DE ANCHACCALLA, YURACCMAYO, SURACA, HUALLPAMAYO Y CHALLA CHALLA DEL CENTRO POBLADO DE QUEUÑA, DISTRITO DE CHALLHUAHUACHO - COTABAMBAS - APURIMAC",6000002,SUPERVISION Y LIQUIDACION DE OBRAS,03,APURIMAC,13,DONACIONES Y TRANSFERENCIAS,73375.0,16800.0
2021,M,GOBIERNOS LOCALES, , , , ,300308,030506,MUNICIPALIDAD DISTRITAL DE CHALLHUAHUACHO,03,APURIMAC,05,COTABAMBA,06,CHALLHUAHUACHO,0083,PROGRAMA NACIONAL DE SANEAMIENTO RURAL,2,PROYECTO,2342219,"MEJORAMIENTO Y AMPLIACION DEL SERVICIO DE AGUA POTABLE Y SANEAMIENTO RURAL EN LA COMUNIDAD DE SUYTUYO, DISTRITO DE CHALLHUAHUACHO - COTABAMBAS - APURIMAC",4000053,MEJORAMIENTO DEL SISTEMA DE AGUA POTABLE,03,APURIMAC,13,DONACIONES Y TRANSFERENCIAS,1213836.0,346508.71
2021,M,GOBIERNOS LOCALES, , , , ,300737,080706,MUNICIPALIDAD DISTRITAL DE LLUSCO,08,CUSCO,07,CHUMBIVILCAS,06,LLUSCO,0138,"REDUCCION DEL COSTO, TIEMPO E INSEGURIDAD EN EL SISTEMA DE TRANSPORTE",2,PROYECTO,2488665,CREACION DEL CAMINO VECINAL ANTUYO - PERCCATUYO - CASIAHUI EN LAS COMUNIDADES DE ANTUYO LLAULLIMARCA Y CCOLLPA DEL DISTRITO DE LLUSCO - PROVINCIA DE CHUMBIVILCAS - DEPARTAMENTO DE CUSCO,4000070,CONSTRUCCION DE CAMINO VECINAL,08,CUSCO,13,DONACIONES Y TRANSFERENCIAS,141580.0,0.0
2021,M,GOBIERNOS LOCALES, , , , ,300739,080708,MUNICIPALIDAD DISTRITAL DE VELILLE,08,CUSCO,07,CHUMBIVILCAS,08,VELILLE,0090,LOGROS DE APRENDIZAJE DE ESTUDIANTES DE LA EDUCACION BASICA REGULAR,2,PROYECTO,2341831,"MEJORAMIENTO DE LOS SERVICIOS EDUCATIVOS EN LA I.E. INICIAL SAGRADO CORAZON DE JESUS EN EL, DISTRITO DE VELILLE - CHUMBIVILCAS - CUSCO",4000020,INSTALACION DE INFRAESTRUCTURA DE EDUCACION BASICA REGULAR,08,CUSCO,13,DONACIONES Y TRANSFERENCIAS,7456919.0,0.0
2021,E,GOBIERNO NACIONAL,37,VIVIENDA CONSTRUCCION Y SANEAMIENTO,037,"MINISTERIO DE VIVIENDA, CONSTRUCCION Y SANEAMIENTO",1443,005,PROGRAMA NACIONAL DE SANEAMIENTO RURAL,15,LIMA,01,LIMA,22,MIRAFLORES,0083,PROGRAMA NACIONAL DE SANEAMIENTO RURAL,2,PROYECTO,2400943,"INSTALACION DEL SERVICIO DE AGUA POTABLE Y SANEAMIENTO EN EL CENTRO POBLADO DE NUEVO SAN MARTIN, DISTRITO DE NAUTA, PROVINCIA DE LORETO - LORETO",4000182,CONSTRUCCION DEL SISTEMA DE AGUA POTABLE Y DISPOSICION SANITARIA DE EXCRETA,16,LORETO,13,DONACIONES Y TRANSFERENCIAS,2102187.0,1456000.4100000001
2021,E,GOBIERNO NACIONAL,37,VIVIENDA CONSTRUCCION Y SANEAMIENTO,037,"MINISTERIO DE VIVIENDA, CONSTRUCCION Y SANEAMIENTO",1443,005,PROGRAMA NACIONAL DE SANEAMIENTO RURAL,15,LIMA,01,LIMA,22,MIRAFLORES,0083,PROGRAMA NACIONAL DE SANEAMIENTO RURAL,2,PROYECTO,2275299,"MEJORAMIENTO Y AMPLIACION DEL SERVICIO DE AGUA POTABLE E INSTALACION DE SANEAMIENTO BASICO EN EL CENTRO POBLADO DE PALCA, DISTRITO DE OLLACHEA, DEPARTAMENTO DE PUNO",6000002,SUPERVISION Y LIQUIDACION DE OBRAS,21,PUNO,13,DONACIONES Y TRANSFERENCIAS,394587.0,238950.86
2021,E,GOBIERNO NACIONAL,37,VIVIENDA CONSTRUCCION Y SANEAMIENTO,037,"MINISTERIO DE VIVIENDA, CONSTRUCCION Y SANEAMIENTO",1443,005,PROGRAMA NACIONAL DE SANEAMIENTO RURAL,15,LIMA,01,LIMA,22,MIRAFLORES,0083,PROGRAMA NACIONAL DE SANEAMIENTO RURAL,2,PROYECTO,2249276,"MEJORAMIENTO DEL SERVICIO DE AGUA POTABLE EN EL SECTOR DE LLIPTAMAYO COMUNIDAD DE CCAHUAYA, DISTRITO DE ALTO PICHIGUA - ESPINAR - CUSCO",6000001,EXPEDIENTE TECNICO,08,CUSCO,13,DONACIONES Y TRANSFERENCIAS,456530.0,0.0
2021,E,GOBIERNO NACIONAL,37,VIVIENDA CONSTRUCCION Y SANEAMIENTO,037,"MINISTERIO DE VIVIENDA, CONSTRUCCION Y SANEAMIENTO",1443,005,PROGRAMA NACIONAL DE SANEAMIENTO RURAL,15,LIMA,01,LIMA,22,MIRAFLORES,0083,PROGRAMA NACIONAL DE SANEAMIENTO RURAL,2,PROYECTO,2147748,GESTION DEL PROGRAMA Y OTROS - PROGRAMA DE AGUA POTABLE Y SANEAMIENTO PARA LA AMAZONIA RURAL,6000016,GESTION Y ADMINISTRACION,15,LIMA,13,DONACIONES Y TRANSFERENCIAS,402118.0,5000.0
2021,E,GOBIERNO NACIONAL,11,SALUD,011,M. DE SALUD,1655,125,PROGRAMA NACIONAL DE INVERSIONES EN SALUD,15,LIMA,01,LIMA,31,SAN ISIDRO,9002,ASIGNACIONES PRESUPUESTARIAS QUE NO RESULTAN EN PRODUCTOS,2,PROYECTO,2521713,CREACION DE LOS SERVICIOS DE SALUD BASICOS EN LA COMUNIDAD NATIVA NUEVA ALIANZA DEL DISTRITO DE URARINAS - PROVINCIA DE LORETO - DEPARTAMENTO DE LORETO,6000001,EXPEDIENTE TECNICO,16,LORETO,13,DONACIONES Y TRANSFERENCIAS,422394.0,44500.0
2021,E,GOBIERNO NACIONAL,37,VIVIENDA CONSTRUCCION Y SANEAMIENTO,037,"MINISTERIO DE VIVIENDA, CONSTRUCCION Y SANEAMIENTO",1443,005,PROGRAMA NACIONAL DE SANEAMIENTO RURAL,15,LIMA,01,LIMA,22,MIRAFLORES,0083,PROGRAMA NACIONAL DE SANEAMIENTO RURAL,2,PROYECTO,2235560,"INSTALACION DE LOS SISTEMAS DE AGUA POTABLE Y SANEAMIENTO PARA EL CENTRO POBLADO DE PUERTO ELISA, DISTRITO DE MANSERICHE - DATEM DEL MARANON - LORETO",6000001,EXPEDIENTE TECNICO,16,LORETO,13,DONACIONES Y TRANSFERENCIAS,346035.0,79174.91
2021,E,GOBIERNO NACIONAL,11,SALUD,011,M. DE SALUD,1655,125,PROGRAMA NACIONAL DE INVERSIONES EN SALUD,15,LIMA,01,LIMA,31,SAN ISIDRO,9002,ASIGNACIONES PRESUPUESTARIAS QUE NO RESULTAN EN PRODUCTOS,2,PROYECTO,2479930,CREACION DE LOS SERVICIOS DE SALUD DEL PRIMER NIVEL DE COMPLEJIDAD EN LA COMUNIDAD NATIVA ANTIOQUIA DEL DISTRITO DE TROMPETEROS - PROVINCIA DE LORETO - DEPARTAMENTO DE LORETO,6000001,EXPEDIENTE TECNICO,16,LORETO,13,DONACIONES Y TRANSFERENCIAS,599367.0,102162.88
2021,E,GOBIERNO NACIONAL,11,SALUD,011,M. DE SALUD,1655,125,PROGRAMA NACIONAL DE INVERSIONES EN SALUD,15,LIMA,01,LIMA,31,SAN ISIDRO,9002,ASIGNACIONES PRESUPUESTARIAS QUE NO RESULTAN EN PRODUCTOS,2,PROYECTO,2475435,MEJORAMIENTO Y AMPLIACION DE LOS SERVICIOS DE SALUD DEL ESTABLECIMIENTO DE SALUD ALIANZA CRISTIANA DEL DISTRITO DE ANDOAS - PROVINCIA DE DATEM DEL MARAÑON - DEPARTAMENTO DE LORETO,6000016,GESTION Y ADMINISTRACION,16,LORETO,13,DONACIONES Y TRANSFERENCIAS,60000.0,51000.0
2021,E,GOBIERNO NACIONAL,37,VIVIENDA CONSTRUCCION Y SANEAMIENTO,037,"MINISTERIO DE VIVIENDA, CONSTRUCCION Y SANEAMIENTO",1443,005,PROGRAMA NACIONAL DE SANEAMIENTO RURAL,15,LIMA,01,LIMA,22,MIRAFLORES,0083,PROGRAMA NACIONAL DE SANEAMIENTO RURAL,2,PROYECTO,2400910,"INSTALACION DEL SERVICIO DE AGUA POTABLE Y SANEAMIENTO EN LA COMUNIDAD NATIVA DE HIPOLITO UNANUE, DISTRITO DE NAUTA, PROVINCIA DE LORETO - LORETO",4000182,CONSTRUCCION DEL SISTEMA DE AGUA POTABLE Y DISPOSICION SANITARIA DE EXCRETA,16,LORETO,13,DONACIONES Y TRANSFERENCIAS,4132231.0,2486922.03
2021,E,GOBIERNO NACIONAL,37,VIVIENDA CONSTRUCCION Y SANEAMIENTO,037,"MINISTERIO DE VIVIENDA, CONSTRUCCION Y SANEAMIENTO",1443,005,PROGRAMA NACIONAL DE SANEAMIENTO RURAL,15,LIMA,01,LIMA,22,MIRAFLORES,0083,PROGRAMA NACIONAL DE SANEAMIENTO RURAL,2,PROYECTO,2400914,"INSTALACION DEL SERVICIO DE AGUA POTABLE Y SANEAMIENTO EN LA COMUNIDAD NATIVA DE PAYOROTE, DISTRITO DE NAUTA, PROVINCIA DE LORETO - LORETO",4000182,CONSTRUCCION DEL SISTEMA DE AGUA POTABLE Y DISPOSICION SANITARIA DE EXCRETA,16,LORETO,13,DONACIONES Y TRANSFERENCIAS,3447732.0,3377303.6799999997
2021,M,GOBIERNOS LOCALES, , , , ,300308,030506,MUNICIPALIDAD DISTRITAL DE CHALLHUAHUACHO,03,APURIMAC,05,COTABAMBA,06,CHALLHUAHUACHO,0083,PROGRAMA NACIONAL DE SANEAMIENTO RURAL,2,PROYECTO,2342227,"MEJORAMIENTO Y AMPLIACION DEL SERVICIO DE AGUA POTABLE Y SANEAMIENTO RURAL EN LAS LOCALIDADES DE YANAHUARA, TOCCO, HUAYÑUNA, CHURAMA, MOSOCCLLACTA, PUMAHUASI, HUAYHUALLA, ULLANCANI, QUEUÑA CENTRO, ORAPATA Y SUCA SUCA, DEL CENTRO POBLADO DE QUEUÑA, DISTRITO DE CHALLHUAHUACHO - COTABAMBAS - APURIMAC",6000002,SUPERVISION Y LIQUIDACION DE OBRAS,03,APURIMAC,13,DONACIONES Y TRANSFERENCIAS,203286.0,0.0
2021,M,GOBIERNOS LOCALES, , , , ,300739,080708,MUNICIPALIDAD DISTRITAL DE VELILLE,08,CUSCO,07,CHUMBIVILCAS,08,VELILLE,0042,APROVECHAMIENTO DE LOS RECURSOS HIDRICOS PARA USO AGRARIO,2,PROYECTO,2474326,"CREACION DEL SERVICIO DE AGUA DEL SISTEMA DE RIEGO PICHQAPUQUIO SECTOR HUISALLA, COMUNIDAD CCOLLANA DEL DISTRITO DE VELILLE - PROVINCIA DE CHUMBIVILCAS - DEPARTAMENTO DE CUSCO",6000001,EXPEDIENTE TECNICO,08,CUSCO,13,DONACIONES Y TRANSFERENCIAS,43981.0,0.0
2021,E,GOBIERNO NACIONAL,37,VIVIENDA CONSTRUCCION Y SANEAMIENTO,037,"MINISTERIO DE VIVIENDA, CONSTRUCCION Y SANEAMIENTO",1443,005,PROGRAMA NACIONAL DE SANEAMIENTO RURAL,15,LIMA,01,LIMA,22,MIRAFLORES,0083,PROGRAMA NACIONAL DE SANEAMIENTO RURAL,2,PROYECTO,2400909,"INSTALACION DEL SERVICIO DE AGUA POTABLE Y SANEAMIENTO EN LA COMUNIDAD NATIVA DE GRAN PUNTA, DISTRITO DE NAUTA, PROVINCIA DE LORETO - LORETO",4000182,CONSTRUCCION DEL SISTEMA DE AGUA POTABLE Y DISPOSICION SANITARIA DE EXCRETA,16,LORETO,13,DONACIONES Y TRANSFERENCIAS,4156926.0,2968602.7600000002
2021,E,GOBIERNO NACIONAL,37,VIVIENDA CONSTRUCCION Y SANEAMIENTO,037,"MINISTERIO DE VIVIENDA, CONSTRUCCION Y SANEAMIENTO",1443,005,PROGRAMA NACIONAL DE SANEAMIENTO RURAL,15,LIMA,01,LIMA,22,MIRAFLORES,0083,PROGRAMA NACIONAL DE SANEAMIENTO RURAL,2,PROYECTO,2332562,"MEJORAMIENTO Y AMPLIACION DEL SERVICIO DE AGUA POTABLE Y SANEAMIENTO EN LA CC.NN NUEVA JERUSALEN DISTRITO DE TROMPETEROS, PROVINCIA DE LORETO, REGION DE LORETO",6000002,SUPERVISION Y LIQUIDACION DE OBRAS,16,LORETO,13,DONACIONES Y TRANSFERENCIAS,342659.0,143822.5
2021,E,GOBIERNO NACIONAL,37,VIVIENDA CONSTRUCCION Y SANEAMIENTO,037,"MINISTERIO DE VIVIENDA, CONSTRUCCION Y SANEAMIENTO",1443,005,PROGRAMA NACIONAL DE SANEAMIENTO RURAL,15,LIMA,01,LIMA,22,MIRAFLORES,0083,PROGRAMA NACIONAL DE SANEAMIENTO RURAL,2,PROYECTO,2252832,"INSTALACION DE LOS SISTEMAS DE AGUA POTABLE Y SANEAMIENTO PARA EL CENTRO POBLADO DE AJACHIN, DISTRITO DE MANSERICHE - DATEM DEL MARANON - LORETO",4000181,"REHABILITACION, MEJORAMIENTO Y AMPLIACION DEL SISTEMA DE AGUA POTABLE Y DISPOSICION SANITARIA DE EXCRETA",16,LORETO,13,DONACIONES Y TRANSFERENCIAS,4811487.0,0.0
2021,E,GOBIERNO NACIONAL,40,DESARROLLO E INCLUSION SOCIAL,040,MINISTERIO DE DESARROLLO E INCLUSION SOCIAL,1674,008,PROGRAMA NACIONAL PLATAFORMAS DE ACCION  PARA LA INCLUSION SOCIAL - PAIS,15,LIMA,01,LIMA,01,LIMA,9002,ASIGNACIONES PRESUPUESTARIAS QUE NO RESULTAN EN PRODUCTOS,2,PROYECTO,2303937,"CREACION DEL CENTRO DE SERVICIOS -TAMBO EN EL CENTRO POBLADO DE PUERTO AUXILIO, DISTRITO DE LAGUNAS, PROVINCIA ALTO AMAZONAS, DEPARTAMENTO LORETO",6000001,EXPEDIENTE TECNICO,16,LORETO,13,DONACIONES Y TRANSFERENCIAS,15000.0,15000.0
2021,E,GOBIERNO NACIONAL,11,SALUD,011,M. DE SALUD,1655,125,PROGRAMA NACIONAL DE INVERSIONES EN SALUD,15,LIMA,01,LIMA,31,SAN ISIDRO,9002,ASIGNACIONES PRESUPUESTARIAS QUE NO RESULTAN EN PRODUCTOS,2,PROYECTO,2475435,MEJORAMIENTO Y AMPLIACION DE LOS SERVICIOS DE SALUD DEL ESTABLECIMIENTO DE SALUD ALIANZA CRISTIANA DEL DISTRITO DE ANDOAS - PROVINCIA DE DATEM DEL MARAÑON - DEPARTAMENTO DE LORETO,6000001,EXPEDIENTE TECNICO,16,LORETO,13,DONACIONES Y TRANSFERENCIAS,1295943.0,187000.0
2021,E,GOBIERNO NACIONAL,36,TRANSPORTES Y COMUNICACIONES,036,MINISTERIO DE TRANSPORTES Y COMUNICACIONES,1250,010,MTC- PROVIAS DESCENTRALIZADO,15,LIMA,01,LIMA,01,LIMA,0138,"REDUCCION DEL COSTO, TIEMPO E INSEGURIDAD EN EL SISTEMA DE TRANSPORTE",2,PROYECTO,2210922,"MEJORAMIENTO DE LA CARRETERA SARAMIRIZA-BORJA, DISTRITO DE MANSERICHE - DATEM DEL MARANON - LORETO",6000002,SUPERVISION Y LIQUIDACION DE OBRAS,16,LORETO,13,DONACIONES Y TRANSFERENCIAS,1217604.0,583292.46
2021,M,GOBIERNOS LOCALES, , , , ,300308,030506,MUNICIPALIDAD DISTRITAL DE CHALLHUAHUACHO,03,APURIMAC,05,COTABAMBA,06,CHALLHUAHUACHO,0083,PROGRAMA NACIONAL DE SANEAMIENTO RURAL,2,PROYECTO,2342230,"MEJORAMIENTO Y AMPLIACION DEL SERVICIO DE AGUA POTABLE Y SANEAMIENTO RURAL EN LAS LOCALIDADES DE ANCHACCALLA, YURACCMAYO, SURACA, HUALLPAMAYO Y CHALLA CHALLA DEL CENTRO POBLADO DE QUEUÑA, DISTRITO DE CHALLHUAHUACHO - COTABAMBAS - APURIMAC",4000053,MEJORAMIENTO DEL SISTEMA DE AGUA POTABLE,03,APURIMAC,13,DONACIONES Y TRANSFERENCIAS,1457126.0,273039.06
2021,M,GOBIERNOS LOCALES, , , , ,300739,080708,MUNICIPALIDAD DISTRITAL DE VELILLE,08,CUSCO,07,CHUMBIVILCAS,08,VELILLE,0036,GESTION INTEGRAL DE RESIDUOS SOLIDOS,2,PROYECTO,2472956,MEJORAMIENTO DEL SERVICIO DE LIMPIEZA PUBLICA EN LA LOCALIDAD DE VELILLE- DISTRITO DE VELILLE - PROVINCIA DE CHUMBIVILCAS - DEPARTAMENTO DE CUSCO,6000001,EXPEDIENTE TECNICO,08,CUSCO,13,DONACIONES Y TRANSFERENCIAS,102500.0,0.0
2021,E,GOBIERNO NACIONAL,37,VIVIENDA CONSTRUCCION Y SANEAMIENTO,037,"MINISTERIO DE VIVIENDA, CONSTRUCCION Y SANEAMIENTO",1443,005,PROGRAMA NACIONAL DE SANEAMIENTO RURAL,15,LIMA,01,LIMA,22,MIRAFLORES,0083,PROGRAMA NACIONAL DE SANEAMIENTO RURAL,2,PROYECTO,2330643,"MEJORAMIENTO Y AMPLIACION DEL SERVICIO DE AGUA POTABLE Y SANEAMIENTO EN LA CC.NN MARSELLA DISTRITO DE EL TIGRE, PROVINCIA DE LORETO, REGION DE LORETO",6000001,EXPEDIENTE TECNICO,16,LORETO,13,DONACIONES Y TRANSFERENCIAS,35100.0,23200.0
2021,E,GOBIERNO NACIONAL,37,VIVIENDA CONSTRUCCION Y SANEAMIENTO,037,"MINISTERIO DE VIVIENDA, CONSTRUCCION Y SANEAMIENTO",1443,005,PROGRAMA NACIONAL DE SANEAMIENTO RURAL,15,LIMA,01,LIMA,22,MIRAFLORES,0083,PROGRAMA NACIONAL DE SANEAMIENTO RURAL,2,PROYECTO,2400929,"INSTALACION DEL SERVICIO DE AGUA POTABLE Y SANEAMIENTO EN EL CENTRO POBLADO DE BAGAZAN, DISTRITO DE NAUTA, PROVINCIA DE LORETO - LORETO",6000002,SUPERVISION Y LIQUIDACION DE OBRAS,16,LORETO,13,DONACIONES Y TRANSFERENCIAS,178921.0,122908.97999999998
2021,E,GOBIERNO NACIONAL,37,VIVIENDA CONSTRUCCION Y SANEAMIENTO,037,"MINISTERIO DE VIVIENDA, CONSTRUCCION Y SANEAMIENTO",1443,005,PROGRAMA NACIONAL DE SANEAMIENTO RURAL,15,LIMA,01,LIMA,22,MIRAFLORES,0083,PROGRAMA NACIONAL DE SANEAMIENTO RURAL,2,PROYECTO,2328479,"MEJORAMIENTO, AMPLIACION DEL SERVICIO DE AGUA POTABLE Y SANEAMIENTO EN LA COMUNIDAD NATIVA SABALOYACU, DISTRITO DE ANDOAS, PROVINCIA DEL DATEM DEL MARAÑON, REGION LORETO",6000001,EXPEDIENTE TECNICO,16,LORETO,13,DONACIONES Y TRANSFERENCIAS,35100.0,22900.0
2021,M,GOBIERNOS LOCALES, , , , ,300734,080703,MUNICIPALIDAD DISTRITAL DE CHAMACA,08,CUSCO,07,CHUMBIVILCAS,03,CHAMACA,0138,"REDUCCION DEL COSTO, TIEMPO E INSEGURIDAD EN EL SISTEMA DE TRANSPORTE",2,PROYECTO,2470712,MEJORAMIENTO DEL CAMINO VECINAL CU 1563 (CHAMACA - ALCCAYHUARMI) DEL DISTRITO DE CHAMACA - PROVINCIA DE CHUMBIVILCAS - DEPARTAMENTO DE CUSCO,4000079,MEJORAMIENTO DE CAMINO VECINAL,08,CUSCO,13,DONACIONES Y TRANSFERENCIAS,322830.0,0.0
2021,E,GOBIERNO NACIONAL,37,VIVIENDA CONSTRUCCION Y SANEAMIENTO,037,"MINISTERIO DE VIVIENDA, CONSTRUCCION Y SANEAMIENTO",1443,005,PROGRAMA NACIONAL DE SANEAMIENTO RURAL,15,LIMA,01,LIMA,22,MIRAFLORES,0083,PROGRAMA NACIONAL DE SANEAMIENTO RURAL,2,PROYECTO,2400914,"INSTALACION DEL SERVICIO DE AGUA POTABLE Y SANEAMIENTO EN LA COMUNIDAD NATIVA DE PAYOROTE, DISTRITO DE NAUTA, PROVINCIA DE LORETO - LORETO",6000002,SUPERVISION Y LIQUIDACION DE OBRAS,16,LORETO,13,DONACIONES Y TRANSFERENCIAS,92947.0,89107.94
2021,E,GOBIERNO NACIONAL,11,SALUD,011,M. DE SALUD,1655,125,PROGRAMA NACIONAL DE INVERSIONES EN SALUD,15,LIMA,01,LIMA,31,SAN ISIDRO,9002,ASIGNACIONES PRESUPUESTARIAS QUE NO RESULTAN EN PRODUCTOS,2,PROYECTO,2474925,"MEJORAMIENTO Y AMPLIACION DE LOS SERVICIOS DE SALUD DEL ESTABLECIMIENTO DE SALUD 12 DE OCTUBRE, LOCALIDAD 12 DE OCTUBRE DEL DISTRITO DE TIGRE - PROVINCIA DE LORETO - DEPARTAMENTO DE LORETO",6000001,EXPEDIENTE TECNICO,16,LORETO,13,DONACIONES Y TRANSFERENCIAS,1404300.0,226400.0
2021,M,GOBIERNOS LOCALES, , , , ,300308,030506,MUNICIPALIDAD DISTRITAL DE CHALLHUAHUACHO,03,APURIMAC,05,COTABAMBA,06,CHALLHUAHUACHO,0083,PROGRAMA NACIONAL DE SANEAMIENTO RURAL,2,PROYECTO,2342171,"MEJORAMIENTO Y AMPLIACION SERVICIO DE AGUA POTABLE Y SANEAMIENTO RURAL EN LA COMUNIDAD DE MOLINOPATA, DISTRITO DE CHALLHUAHUACHO - COTABAMBAS - APURIMAC",6000002,SUPERVISION Y LIQUIDACION DE OBRAS,03,APURIMAC,13,DONACIONES Y TRANSFERENCIAS,81985.0,13800.0
2021,E,GOBIERNO NACIONAL,37,VIVIENDA CONSTRUCCION Y SANEAMIENTO,037,"MINISTERIO DE VIVIENDA, CONSTRUCCION Y SANEAMIENTO",1443,005,PROGRAMA NACIONAL DE SANEAMIENTO RURAL,15,LIMA,01,LIMA,22,MIRAFLORES,0083,PROGRAMA NACIONAL DE SANEAMIENTO RURAL,2,PROYECTO,2484744,"MEJORAMIENTO Y AMPLIACION DEL SISTEMA DE AGUA POTABLE Y SANEAMIENTO EN LOSSECTORES DE TANDARCOCHA, MOLLEBAMBA, AYLLUPACHICTE, CARHUACALLA, PUMATAMBO,CCOYPA, AYUSBAMBA, HUILLKAQUI, CCOLQUEUCRO, MISKABAMBA, HUAROBAMBA, PIRCCA,NAYHUA, URBIS Y KARUSPAMPA DEL DISTRITO DE PACCARITAMBO - PROVINCIA DE PARURO - DEPARTAMENTO DE CUSCO",6000001,EXPEDIENTE TECNICO,08,CUSCO,13,DONACIONES Y TRANSFERENCIAS,513182.0,0.0
2021,E,GOBIERNO NACIONAL,37,VIVIENDA CONSTRUCCION Y SANEAMIENTO,037,"MINISTERIO DE VIVIENDA, CONSTRUCCION Y SANEAMIENTO",1443,005,PROGRAMA NACIONAL DE SANEAMIENTO RURAL,15,LIMA,01,LIMA,22,MIRAFLORES,0083,PROGRAMA NACIONAL DE SANEAMIENTO RURAL,2,PROYECTO,2474937,MEJORAMIENTO Y AMPLIACION DEL SISTEMA DE AGUA POTABLE Y DISPOSICION DE EXCRETAS EN LA LOCALIDAD DE AHUICHANTA DEL DISTRITO DE COLQUEMARCA - PROVINCIA DE CHUMBIVILCAS - DEPARTAMENTO DE CUSCO,6000001,EXPEDIENTE TECNICO,08,CUSCO,13,DONACIONES Y TRANSFERENCIAS,323175.0,0.0
2021,E,GOBIERNO NACIONAL,37,VIVIENDA CONSTRUCCION Y SANEAMIENTO,037,"MINISTERIO DE VIVIENDA, CONSTRUCCION Y SANEAMIENTO",1443,005,PROGRAMA NACIONAL DE SANEAMIENTO RURAL,15,LIMA,01,LIMA,22,MIRAFLORES,0083,PROGRAMA NACIONAL DE SANEAMIENTO RURAL,2,PROYECTO,2332562,"MEJORAMIENTO Y AMPLIACION DEL SERVICIO DE AGUA POTABLE Y SANEAMIENTO EN LA CC.NN NUEVA JERUSALEN DISTRITO DE TROMPETEROS, PROVINCIA DE LORETO, REGION DE LORETO",6000039,EDUCACION SANITARIA Y GESTION DE LOS SERVICIOS DE SANEAMIENTO,16,LORETO,13,DONACIONES Y TRANSFERENCIAS,175287.0,67965.68
2021,E,GOBIERNO NACIONAL,37,VIVIENDA CONSTRUCCION Y SANEAMIENTO,037,"MINISTERIO DE VIVIENDA, CONSTRUCCION Y SANEAMIENTO",1443,005,PROGRAMA NACIONAL DE SANEAMIENTO RURAL,15,LIMA,01,LIMA,22,MIRAFLORES,0083,PROGRAMA NACIONAL DE SANEAMIENTO RURAL,2,PROYECTO,2328455,"MEJORAMIENTO, AMPLIACION DEL SERVICIO DE AGUA POTABLE Y SANEAMIENTO EN LA COMUNIDAD NATIVA BOLOGNESI, DISTRITO DE ANDOAS, PROVINCIA DE DATEM DEL MARAÑON, REGION LORETO",6000001,EXPEDIENTE TECNICO,16,LORETO,13,DONACIONES Y TRANSFERENCIAS,35100.0,23100.0
2021,E,GOBIERNO NACIONAL,37,VIVIENDA CONSTRUCCION Y SANEAMIENTO,037,"MINISTERIO DE VIVIENDA, CONSTRUCCION Y SANEAMIENTO",1443,005,PROGRAMA NACIONAL DE SANEAMIENTO RURAL,15,LIMA,01,LIMA,22,MIRAFLORES,0083,PROGRAMA NACIONAL DE SANEAMIENTO RURAL,2,PROYECTO,2400917,"INSTALACION DEL SERVICIO DE AGUA POTABLE Y SANEAMIENTO EN LA COMUNIDAD NATIVA DE SAN PEDRO II, DISTRITO DE NAUTA, PROVINCIA DE LORETO - LORETO",4000182,CONSTRUCCION DEL SISTEMA DE AGUA POTABLE Y DISPOSICION SANITARIA DE EXCRETA,16,LORETO,13,DONACIONES Y TRANSFERENCIAS,2834098.0,2203657.43
2021,E,GOBIERNO NACIONAL,37,VIVIENDA CONSTRUCCION Y SANEAMIENTO,037,"MINISTERIO DE VIVIENDA, CONSTRUCCION Y SANEAMIENTO",1443,005,PROGRAMA NACIONAL DE SANEAMIENTO RURAL,15,LIMA,01,LIMA,22,MIRAFLORES,0083,PROGRAMA NACIONAL DE SANEAMIENTO RURAL,2,PROYECTO,2330637,"MEJORAMIENTO Y AMPLIACION DEL SERVICIO DE AGUA POTABLE Y SANEAMIENTO EN LA CC.NN PAICHE PLAYA DISTRITO DE EL TIGRE, PROVINCIA DE LORETO, REGION DE LORETO",6000001,EXPEDIENTE TECNICO,16,LORETO,13,DONACIONES Y TRANSFERENCIAS,35100.0,23100.0
2021,E,GOBIERNO NACIONAL,11,SALUD,011,M. DE SALUD,1655,125,PROGRAMA NACIONAL DE INVERSIONES EN SALUD,15,LIMA,01,LIMA,31,SAN ISIDRO,9002,ASIGNACIONES PRESUPUESTARIAS QUE NO RESULTAN EN PRODUCTOS,2,PROYECTO,2479767,"MEJORAMIENTO DEL SERVICIO DE SALUD DEL PUESTO DE SALUD PAMPA HERMOSA DE TROMPETEROS, DISTRITO DE TROMPETEROS - PROVINCIA DE LORETO - DEPARTAMENTO DE LORETO",6000001,EXPEDIENTE TECNICO,16,LORETO,13,DONACIONES Y TRANSFERENCIAS,599368.0,228866.13
2021,E,GOBIERNO NACIONAL,36,TRANSPORTES Y COMUNICACIONES,036,MINISTERIO DE TRANSPORTES Y COMUNICACIONES,1250,010,MTC- PROVIAS DESCENTRALIZADO,15,LIMA,01,LIMA,01,LIMA,0138,"REDUCCION DEL COSTO, TIEMPO E INSEGURIDAD EN EL SISTEMA DE TRANSPORTE",2,PROYECTO,2210922,"MEJORAMIENTO DE LA CARRETERA SARAMIRIZA-BORJA, DISTRITO DE MANSERICHE - DATEM DEL MARANON - LORETO",4000079,MEJORAMIENTO DE CAMINO VECINAL,16,LORETO,13,DONACIONES Y TRANSFERENCIAS,20782396.0,8780874.22
2021,M,GOBIERNOS LOCALES, , , , ,300735,080704,MUNICIPALIDAD DISTRITAL DE COLQUEMARCA,08,CUSCO,07,CHUMBIVILCAS,04,COLQUEMARCA,0148,"REDUCCION DEL TIEMPO, INSEGURIDAD Y COSTO AMBIENTAL EN EL TRANSPORTE URBANO",2,PROYECTO,2468682,MEJORAMIENTO DEL CAMINO VECINAL DE LA COMUNIDAD DE HUARACCO HACIA LA LAGUNA CCACANSA DEL DISTRITO DE COLQUEMARCA - PROVINCIA DE CHUMBIVILCAS - DEPARTAMENTO DE CUSCO,6000001,EXPEDIENTE TECNICO,08,CUSCO,13,DONACIONES Y TRANSFERENCIAS,271504.0,0.0
2021,M,GOBIERNOS LOCALES, , , , ,300736,080705,MUNICIPALIDAD DISTRITAL DE LIVITACA,08,CUSCO,07,CHUMBIVILCAS,05,LIVITACA,0090,LOGROS DE APRENDIZAJE DE ESTUDIANTES DE LA EDUCACION BASICA REGULAR,2,PROYECTO,2300940,"MEJORAMIENTO Y AMPLIACION DEL SERVICIO DE EDUCACION DE NIVEL SECUNDARIO DE LA I.E. N 56289 RICARDO PALMA EN EL SECTOR QUECHAPAMPA DE LA COMUNIDAD CAMPESINA HUANACO, DISTRITO DE LIVITACA - CHUMBIVILCAS - CUSCO",4000037,MEJORAMIENTO DE INFRAESTRUCTURA DE EDUCACION SECUNDARIA,08,CUSCO,13,DONACIONES Y TRANSFERENCIAS,11622502.0,0.0
2021,E,GOBIERNO NACIONAL,11,SALUD,011,M. DE SALUD,1655,125,PROGRAMA NACIONAL DE INVERSIONES EN SALUD,15,LIMA,01,LIMA,31,SAN ISIDRO,9002,ASIGNACIONES PRESUPUESTARIAS QUE NO RESULTAN EN PRODUCTOS,2,PROYECTO,2479930,CREACION DE LOS SERVICIOS DE SALUD DEL PRIMER NIVEL DE COMPLEJIDAD EN LA COMUNIDAD NATIVA ANTIOQUIA DEL DISTRITO DE TROMPETEROS - PROVINCIA DE LORETO - DEPARTAMENTO DE LORETO,6000016,GESTION Y ADMINISTRACION,16,LORETO,13,DONACIONES Y TRANSFERENCIAS,50000.0,4136.08
2021,E,GOBIERNO NACIONAL,11,SALUD,011,M. DE SALUD,1655,125,PROGRAMA NACIONAL DE INVERSIONES EN SALUD,15,LIMA,01,LIMA,31,SAN ISIDRO,9002,ASIGNACIONES PRESUPUESTARIAS QUE NO RESULTAN EN PRODUCTOS,2,PROYECTO,2475091,CREACION DE LOS SERVICIOS DE SALUD DEL PRIMER NIVEL DE COMPLEJIDAD EN LA COMUNIDAD NATIVA DE MAYURIAGA MAYURIAGA DEL DISTRITO DE MORONA - PROVINCIA DE DATEM DEL MARAÑON - DEPARTAMENTO DE LORETO,6000001,EXPEDIENTE TECNICO,16,LORETO,13,DONACIONES Y TRANSFERENCIAS,599369.0,105000.0
2021,E,GOBIERNO NACIONAL,37,VIVIENDA CONSTRUCCION Y SANEAMIENTO,037,"MINISTERIO DE VIVIENDA, CONSTRUCCION Y SANEAMIENTO",1443,005,PROGRAMA NACIONAL DE SANEAMIENTO RURAL,15,LIMA,01,LIMA,22,MIRAFLORES,0083,PROGRAMA NACIONAL DE SANEAMIENTO RURAL,2,PROYECTO,2252832,"INSTALACION DE LOS SISTEMAS DE AGUA POTABLE Y SANEAMIENTO PARA EL CENTRO POBLADO DE AJACHIN, DISTRITO DE MANSERICHE - DATEM DEL MARANON - LORETO",6000039,EDUCACION SANITARIA Y GESTION DE LOS SERVICIOS DE SANEAMIENTO,16,LORETO,13,DONACIONES Y TRANSFERENCIAS,105286.0,15871.3
2021,E,GOBIERNO NACIONAL,11,SALUD,011,M. DE SALUD,1655,125,PROGRAMA NACIONAL DE INVERSIONES EN SALUD,15,LIMA,01,LIMA,31,SAN ISIDRO,9002,ASIGNACIONES PRESUPUESTARIAS QUE NO RESULTAN EN PRODUCTOS,2,PROYECTO,2479767,"MEJORAMIENTO DEL SERVICIO DE SALUD DEL PUESTO DE SALUD PAMPA HERMOSA DE TROMPETEROS, DISTRITO DE TROMPETEROS - PROVINCIA DE LORETO - DEPARTAMENTO DE LORETO",6000016,GESTION Y ADMINISTRACION,16,LORETO,13,DONACIONES Y TRANSFERENCIAS,70000.0,0.0
2021,E,GOBIERNO NACIONAL,37,VIVIENDA CONSTRUCCION Y SANEAMIENTO,037,"MINISTERIO DE VIVIENDA, CONSTRUCCION Y SANEAMIENTO",1443,005,PROGRAMA NACIONAL DE SANEAMIENTO RURAL,15,LIMA,01,LIMA,22,MIRAFLORES,0083,PROGRAMA NACIONAL DE SANEAMIENTO RURAL,2,PROYECTO,2400940,"INSTALACION DEL SERVICIO DE AGUA POTABLE Y SANEAMIENTO EN EL CENTRO POBLADO DE SANTA EMILIA, DISTRITO DE NAUTA, PROVINCIA DE LORETO - LORETO",4000182,CONSTRUCCION DEL SISTEMA DE AGUA POTABLE Y DISPOSICION SANITARIA DE EXCRETA,16,LORETO,13,DONACIONES Y TRANSFERENCIAS,3099468.0,2586205.92
2021,E,GOBIERNO NACIONAL,37,VIVIENDA CONSTRUCCION Y SANEAMIENTO,037,"MINISTERIO DE VIVIENDA, CONSTRUCCION Y SANEAMIENTO",1443,005,PROGRAMA NACIONAL DE SANEAMIENTO RURAL,15,LIMA,01,LIMA,22,MIRAFLORES,0083,PROGRAMA NACIONAL DE SANEAMIENTO RURAL,2,PROYECTO,2400929,"INSTALACION DEL SERVICIO DE AGUA POTABLE Y SANEAMIENTO EN EL CENTRO POBLADO DE BAGAZAN, DISTRITO DE NAUTA, PROVINCIA DE LORETO - LORETO",4000182,CONSTRUCCION DEL SISTEMA DE AGUA POTABLE Y DISPOSICION SANITARIA DE EXCRETA,16,LORETO,13,DONACIONES Y TRANSFERENCIAS,3498528.0,2507025.66
2021,E,GOBIERNO NACIONAL,37,VIVIENDA CONSTRUCCION Y SANEAMIENTO,037,"MINISTERIO DE VIVIENDA, CONSTRUCCION Y SANEAMIENTO",1443,005,PROGRAMA NACIONAL DE SANEAMIENTO RURAL,15,LIMA,01,LIMA,22,MIRAFLORES,0083,PROGRAMA NACIONAL DE SANEAMIENTO RURAL,2,PROYECTO,2446787,MEJORAMIENTO Y AMPLIACION DEL SERVICIO DE AGUA POTABLE E INSTALACION DE UNIDADES BASICAS DE SANEAMIENTO EN LOS SECTORES DE CENTRO Y CORCCAYOC DE LA COMUNIDAD DE PALLPA DEL DISTRITO DE QUIÑOTA - PROVINCIA DE CHUMBIVILCAS - DEPARTAMENTO DE CUSCO,6000001,EXPEDIENTE TECNICO,08,CUSCO,13,DONACIONES Y TRANSFERENCIAS,331638.0,0.0
2021,E,GOBIERNO NACIONAL,37,VIVIENDA CONSTRUCCION Y SANEAMIENTO,037,"MINISTERIO DE VIVIENDA, CONSTRUCCION Y SANEAMIENTO",1443,005,PROGRAMA NACIONAL DE SANEAMIENTO RURAL,15,LIMA,01,LIMA,22,MIRAFLORES,0083,PROGRAMA NACIONAL DE SANEAMIENTO RURAL,2,PROYECTO,2275299,"MEJORAMIENTO Y AMPLIACION DEL SERVICIO DE AGUA POTABLE E INSTALACION DE SANEAMIENTO BASICO EN EL CENTRO POBLADO DE PALCA, DISTRITO DE OLLACHEA, DEPARTAMENTO DE PUNO",6000039,EDUCACION SANITARIA Y GESTION DE LOS SERVICIOS DE SANEAMIENTO,21,PUNO,13,DONACIONES Y TRANSFERENCIAS,162084.0,70000.0
2021,M,GOBIERNOS LOCALES, , , , ,300308,030506,MUNICIPALIDAD DISTRITAL DE CHALLHUAHUACHO,03,APURIMAC,05,COTABAMBA,06,CHALLHUAHUACHO,0083,PROGRAMA NACIONAL DE SANEAMIENTO RURAL,2,PROYECTO,2342227,"MEJORAMIENTO Y AMPLIACION DEL SERVICIO DE AGUA POTABLE Y SANEAMIENTO RURAL EN LAS LOCALIDADES DE YANAHUARA, TOCCO, HUAYÑUNA, CHURAMA, MOSOCCLLACTA, PUMAHUASI, HUAYHUALLA, ULLANCANI, QUEUÑA CENTRO, ORAPATA Y SUCA SUCA, DEL CENTRO POBLADO DE QUEUÑA, DISTRITO DE CHALLHUAHUACHO - COTABAMBAS - APURIMAC",4000053,MEJORAMIENTO DEL SISTEMA DE AGUA POTABLE,03,APURIMAC,13,DONACIONES Y TRANSFERENCIAS,4727066.0,1685535.53
2021,E,GOBIERNO NACIONAL,11,SALUD,011,M. DE SALUD,1655,125,PROGRAMA NACIONAL DE INVERSIONES EN SALUD,15,LIMA,01,LIMA,31,SAN ISIDRO,9002,ASIGNACIONES PRESUPUESTARIAS QUE NO RESULTAN EN PRODUCTOS,2,PROYECTO,2474925,"MEJORAMIENTO Y AMPLIACION DE LOS SERVICIOS DE SALUD DEL ESTABLECIMIENTO DE SALUD 12 DE OCTUBRE, LOCALIDAD 12 DE OCTUBRE DEL DISTRITO DE TIGRE - PROVINCIA DE LORETO - DEPARTAMENTO DE LORETO",6000016,GESTION Y ADMINISTRACION,16,LORETO,13,DONACIONES Y TRANSFERENCIAS,45000.0,24555.039999999997
2021,E,GOBIERNO NACIONAL,37,VIVIENDA CONSTRUCCION Y SANEAMIENTO,037,"MINISTERIO DE VIVIENDA, CONSTRUCCION Y SANEAMIENTO",1443,005,PROGRAMA NACIONAL DE SANEAMIENTO RURAL,15,LIMA,01,LIMA,22,MIRAFLORES,0083,PROGRAMA NACIONAL DE SANEAMIENTO RURAL,2,PROYECTO,2400906,"INSTALACION DEL SERVICIO DE AGUA POTABLE Y SANEAMIENTO EN EL CENTRO POBLADO DE BUEN PASTOR, DISTRITO DE NAUTA, PROVINCIA DE LORETO - LORETO",4000182,CONSTRUCCION DEL SISTEMA DE AGUA POTABLE Y DISPOSICION SANITARIA DE EXCRETA,16,LORETO,13,DONACIONES Y TRANSFERENCIAS,2225325.0,1579291.6700000002
2021,E,GOBIERNO NACIONAL,13,AGRARIO Y DE RIEGO,013,M. DE DESARROLLO AGRARIO Y RIEGO,1296,011,PROGRAMA DE DESARROLLO PRODUCTIVO AGRARIO RURAL - AGRORURAL,15,LIMA,01,LIMA,13,JESUS MARIA,0042,APROVECHAMIENTO DE LOS RECURSOS HIDRICOS PARA USO AGRARIO,2,PROYECTO,2316039,"MEJORAMIENTO DEL SERVICIO DE AGUA DEL SISTEMA DE RIEGO DE LA MICROCUENCA TACCACCA EN LAS COMUNIDADES DE HUAYHUAHUASI, OQUEBAMBA Y TOTORA ALTA, DISTRITO DE COPORAQUE, PROVINCIA DE ESPINAR, REGION CUSCO",4000120,MEJORAMIENTO DE LINEA DE CONDUCCION DE SISTEMAS DE RIEGO,08,CUSCO,13,DONACIONES Y TRANSFERENCIAS,4861688.0,0.0
2021,E,GOBIERNO NACIONAL,37,VIVIENDA CONSTRUCCION Y SANEAMIENTO,037,"MINISTERIO DE VIVIENDA, CONSTRUCCION Y SANEAMIENTO",1443,005,PROGRAMA NACIONAL DE SANEAMIENTO RURAL,15,LIMA,01,LIMA,22,MIRAFLORES,0083,PROGRAMA NACIONAL DE SANEAMIENTO RURAL,2,PROYECTO,2332507,"MEJORAMIENTO Y AMPLIACION DEL SERVICIO DE AGUA POTABLE Y SANEAMIENTO EN LA CC.NN BELEN DISTRITO DE TROMPETEROS, PROVINCIA DE LORETO, REGION DE LORETO.",6000001,EXPEDIENTE TECNICO,16,LORETO,13,DONACIONES Y TRANSFERENCIAS,35100.0,22850.0
2021,E,GOBIERNO NACIONAL,37,VIVIENDA CONSTRUCCION Y SANEAMIENTO,037,"MINISTERIO DE VIVIENDA, CONSTRUCCION Y SANEAMIENTO",1443,005,PROGRAMA NACIONAL DE SANEAMIENTO RURAL,15,LIMA,01,LIMA,22,MIRAFLORES,0083,PROGRAMA NACIONAL DE SANEAMIENTO RURAL,2,PROYECTO,2400930,"INSTALACION DEL SERVICIO DE AGUA POTABLE Y SANEAMIENTO EN EL CENTRO POBLADO DE SAN RAMON, DISTRITO DE NAUTA, PROVINCIA DE LORETO - LORETO",4000182,CONSTRUCCION DEL SISTEMA DE AGUA POTABLE Y DISPOSICION SANITARIA DE EXCRETA,16,LORETO,13,DONACIONES Y TRANSFERENCIAS,1478802.0,1476069.9799999997
2021,E,GOBIERNO NACIONAL,11,SALUD,011,M. DE SALUD,1655,125,PROGRAMA NACIONAL DE INVERSIONES EN SALUD,15,LIMA,01,LIMA,31,SAN ISIDRO,9002,ASIGNACIONES PRESUPUESTARIAS QUE NO RESULTAN EN PRODUCTOS,2,PROYECTO,2469195,"MEJORAMIENTO Y AMPLIACION DE LOS SERVICIOS DE SALUD DEL ESTABLECIMIENTO DE SALUD NUEVO ANDOAS, DISTRITO DE ANDOAS - PROVINCIA DE DATEM DEL MARAÑON - DEPARTAMENTO DE LORETO",6000016,GESTION Y ADMINISTRACION,16,LORETO,13,DONACIONES Y TRANSFERENCIAS,164631.0,31079.35
2021,M,GOBIERNOS LOCALES, , , , ,300733,080702,MUNICIPALIDAD DISTRITAL DE CAPACMARCA,08,CUSCO,07,CHUMBIVILCAS,02,CAPACMARCA,0090,LOGROS DE APRENDIZAJE DE ESTUDIANTES DE LA EDUCACION BASICA REGULAR,2,PROYECTO,2225770,"MEJORAMIENTO Y AMPLIACION DE LA I.E. LAS AMERICAS DEL NIVEL SECUNDARIO ANEXO TAKINA, DISTRITO DE CAPACMARCA - CHUMBIVILCAS - CUSCO",4000018,INSTALACION DE INFRAESTRUCTURA DE EDUCACION PRIMARIA,08,CUSCO,13,DONACIONES Y TRANSFERENCIAS,11514576.0,0.0
2021,M,GOBIERNOS LOCALES, , , , ,300736,080705,MUNICIPALIDAD DISTRITAL DE LIVITACA,08,CUSCO,07,CHUMBIVILCAS,05,LIVITACA,0090,LOGROS DE APRENDIZAJE DE ESTUDIANTES DE LA EDUCACION BASICA REGULAR,2,PROYECTO,2466388,MEJORAMIENTO Y AMPLIACION DE SERVICIO EDUCATIVO DEL NIVEL INICIAL Y PRIMARIO DE LA I.E 56286 - KISIO DE LA COMUNIDAD CAMPESINA DE HUANACO DISTRITO DE LIVITACA - PROVINCIA DE CHUMBIVILCAS - DEPARTAMENTO DE CUSCO,6000001,EXPEDIENTE TECNICO,08,CUSCO,13,DONACIONES Y TRANSFERENCIAS,77770.0,0.0
2021,M,GOBIERNOS LOCALES, , , , ,301441,160704,MUNICIPALIDAD DISTRITAL DE MORONA,16,LORETO,07,DATEM DEL MARAÑON,04,MORONA,9002,ASIGNACIONES PRESUPUESTARIAS QUE NO RESULTAN EN PRODUCTOS,2,PROYECTO,2486294,MEJORAMIENTO DE LA PRESTACION DE SERVICIO DE SALUD DEL PUESTO DE SALUD I-1 DE LA LOCALIDAD DE PUERTO PIJUAYAL DEL DISTRITO DE MORONA - PROVINCIA DE DATEM DEL MARAÑON - DEPARTAMENTO DE LORETO,4000013,MEJORAMIENTO DE PUESTOS DE SALUD,16,LORETO,13,DONACIONES Y TRANSFERENCIAS,300000.0,279661.0
2021,E,GOBIERNO NACIONAL,37,VIVIENDA CONSTRUCCION Y SANEAMIENTO,037,"MINISTERIO DE VIVIENDA, CONSTRUCCION Y SANEAMIENTO",1443,005,PROGRAMA NACIONAL DE SANEAMIENTO RURAL,15,LIMA,01,LIMA,22,MIRAFLORES,0083,PROGRAMA NACIONAL DE SANEAMIENTO RURAL,2,PROYECTO,2332562,"MEJORAMIENTO Y AMPLIACION DEL SERVICIO DE AGUA POTABLE Y SANEAMIENTO EN LA CC.NN NUEVA JERUSALEN DISTRITO DE TROMPETEROS, PROVINCIA DE LORETO, REGION DE LORETO",4000181,"REHABILITACION, MEJORAMIENTO Y AMPLIACION DEL SISTEMA DE AGUA POTABLE Y DISPOSICION SANITARIA DE EXCRETA",16,LORETO,13,DONACIONES Y TRANSFERENCIAS,4289816.0,2440760.63
2021,M,GOBIERNOS LOCALES, , , , ,300734,080703,MUNICIPALIDAD DISTRITAL DE CHAMACA,08,CUSCO,07,CHUMBIVILCAS,03,CHAMACA,0090,LOGROS DE APRENDIZAJE DE ESTUDIANTES DE LA EDUCACION BASICA REGULAR,2,PROYECTO,2433908,MEJORAMIENTO Y AMPLIACION SERVICIOS EDUCATIVOS DE LA IE N°56264 UCHUCCARCCO ALTO DEL DISTRITO DE CHAMACA - PROVINCIA DE CHUMBIVILCAS - DEPARTAMENTO DE CUSCO,4000018,INSTALACION DE INFRAESTRUCTURA DE EDUCACION PRIMARIA,08,CUSCO,13,DONACIONES Y TRANSFERENCIAS,71129.0,0.0
2021,M,GOBIERNOS LOCALES, , , , ,300732,080701,MUNICIPALIDAD PROVINCIAL DE CHUMBIVILCAS - SANTO TOMAS,08,CUSCO,07,CHUMBIVILCAS,01,SANTO TOMAS,0138,"REDUCCION DEL COSTO, TIEMPO E INSEGURIDAD EN EL SISTEMA DE TRANSPORTE",2,PROYECTO,2505058,"MEJORAMIENTO Y AMPLIACION DEL CAMINO VECINAL DEL KM 0+000 AL 17+200 ENTRE CC QUILCATA Y CC ANTUYO CONDES, KM 17+200 AL 30+200 ENTRE SECTOR CCARAPAMPA Y SECTOR MUYUCCOCHA, KM 30+200 AL 36+915.43 DE LA CC CANGALLE EN LOS DISTRITOS DE SANTO TOMAS, VELILLE Y CHAMACA DE LA PROVINCIA DE CHUMBIVILCAS - DEPARTAMENTO DE CUSCO",4000079,MEJORAMIENTO DE CAMINO VECINAL,08,CUSCO,13,DONACIONES Y TRANSFERENCIAS,110920.0,0.0
2021,M,GOBIERNOS LOCALES, , , , ,300736,080705,MUNICIPALIDAD DISTRITAL DE LIVITACA,08,CUSCO,07,CHUMBIVILCAS,05,LIVITACA,0083,PROGRAMA NACIONAL DE SANEAMIENTO RURAL,2,PROYECTO,2267690,"MEJORAMIENTO Y AMPLIACION DEL SERVICIO DE AGUA POTABLE Y SANEAMIENTO EN LOS SECTORES DE TUNSUMA Y SIHUA DE LA C.C HUANACO, DISTRITO DE LIVITACA - CHUMBIVILCAS - CUSCO",4000183,MEJORAMIENTO DEL SISTEMA DE AGUA POTABLE Y DISPOSICION SANITARIA DE EXCRETA,08,CUSCO,13,DONACIONES Y TRANSFERENCIAS,3764582.0,0.0
2021,E,GOBIERNO NACIONAL,37,VIVIENDA CONSTRUCCION Y SANEAMIENTO,037,"MINISTERIO DE VIVIENDA, CONSTRUCCION Y SANEAMIENTO",1443,005,PROGRAMA NACIONAL DE SANEAMIENTO RURAL,15,LIMA,01,LIMA,22,MIRAFLORES,0083,PROGRAMA NACIONAL DE SANEAMIENTO RURAL,2,PROYECTO,2400908,"INSTALACION DEL SERVICIO DE AGUA POTABLE Y SANEAMIENTO EN EL CENTRO POBLADO DE SANTA CRUZ, DISTRITO DE NAUTA, PROVINCIA DE LORETO - LORETO",6000002,SUPERVISION Y LIQUIDACION DE OBRAS,16,LORETO,13,DONACIONES Y TRANSFERENCIAS,115887.0,48318.28
2021,E,GOBIERNO NACIONAL,37,VIVIENDA CONSTRUCCION Y SANEAMIENTO,037,"MINISTERIO DE VIVIENDA, CONSTRUCCION Y SANEAMIENTO",1443,005,PROGRAMA NACIONAL DE SANEAMIENTO RURAL,15,LIMA,01,LIMA,22,MIRAFLORES,0083,PROGRAMA NACIONAL DE SANEAMIENTO RURAL,2,PROYECTO,2328473,"MEJORAMIENTO, AMPLIACION DEL SERVICIO DE AGUA POTABLE Y SANEAMIENTO EN LA COMUNIDAD NATIVA ALIANZA TOPAL, DISTRITO DE ANDOAS, PROVINCIA DE DATEM DEL MARAÑON, REGION LORETO",6000001,EXPEDIENTE TECNICO,16,LORETO,13,DONACIONES Y TRANSFERENCIAS,35100.0,23250.0
2021,E,GOBIERNO NACIONAL,37,VIVIENDA CONSTRUCCION Y SANEAMIENTO,037,"MINISTERIO DE VIVIENDA, CONSTRUCCION Y SANEAMIENTO",1443,005,PROGRAMA NACIONAL DE SANEAMIENTO RURAL,15,LIMA,01,LIMA,22,MIRAFLORES,0083,PROGRAMA NACIONAL DE SANEAMIENTO RURAL,2,PROYECTO,2471794,"CREACION DEL SERVICIO DE AGUA POTABLE Y DISPOSICION SANITARIA DE EXCRETAS EN LOS SECTORES DE SILLCO, HUALLATANI, ORCCOCHIRI, CHACCOPALLA, SAYWA, HUAMANHUIRI, INTICANCHA, OTAÑA, PILLONE Y NANRAPAMPA DE LA C.C DE CHILLOROYA DEL DISTRITO DE LIVITACA - PROVINCIA DE CHUMBIVILCAS - DEPARTAMENTO DE CUSCO",6000001,EXPEDIENTE TECNICO,08,CUSCO,13,DONACIONES Y TRANSFERENCIAS,469091.0,0.0
2021,E,GOBIERNO NACIONAL,37,VIVIENDA CONSTRUCCION Y SANEAMIENTO,037,"MINISTERIO DE VIVIENDA, CONSTRUCCION Y SANEAMIENTO",1443,005,PROGRAMA NACIONAL DE SANEAMIENTO RURAL,15,LIMA,01,LIMA,22,MIRAFLORES,0083,PROGRAMA NACIONAL DE SANEAMIENTO RURAL,2,PROYECTO,2448877,"CREACION DEL SISTEMA DE AGUA POTABLE Y LETRINAS CON ARRASTRE HIDRAULICO EN LOS SECTORES CHACARAYA, JAPU, QUILLANI, HUATARRUSI, SAN MARTIN, ITMAPALLCCA, CHEQLLACCO, YURAQ-KANCHA, CHALLANSILLI, CCOCHANI, ILAVE, CHACCO, CCOLLPIÑA,HUACUYLLANI, HUASHUA, PFOCCOYTO, CHALLHUANCA, LLANJA, PAQLLA-PAQLLA Y CHAQHUARAPATA DE LAS COMUNIDADES DE LUTTO, PFUISA, ANTUYO, CCOLLPA CCASAHUI Y SAN SEBASTIAN DE LLUSCO DEL DISTRITO DE LLUSCO - PROVINCIA DE CHUMBIVILCAS - DEPARTAMENTO DE CUSCO",6000001,EXPEDIENTE TECNICO,08,CUSCO,13,DONACIONES Y TRANSFERENCIAS,437916.0,0.0
2021,E,GOBIERNO NACIONAL,37,VIVIENDA CONSTRUCCION Y SANEAMIENTO,037,"MINISTERIO DE VIVIENDA, CONSTRUCCION Y SANEAMIENTO",1443,005,PROGRAMA NACIONAL DE SANEAMIENTO RURAL,15,LIMA,01,LIMA,22,MIRAFLORES,0083,PROGRAMA NACIONAL DE SANEAMIENTO RURAL,2,PROYECTO,2328454,"MEJORAMIENTO, AMPLIACION DEL SERVICIO DE AGUA POTABLE Y SANEAMIENTO EN LA COMUNIDAD NATIVA PUERTO ALEGRE, DISTRITO DE ANDOAS, PROVINCIA DEL DATEM DEL MARAÑON, REGION LORETO",6000001,EXPEDIENTE TECNICO,16,LORETO,13,DONACIONES Y TRANSFERENCIAS,35100.0,23250.0
2021,E,GOBIERNO NACIONAL,37,VIVIENDA CONSTRUCCION Y SANEAMIENTO,037,"MINISTERIO DE VIVIENDA, CONSTRUCCION Y SANEAMIENTO",1443,005,PROGRAMA NACIONAL DE SANEAMIENTO RURAL,15,LIMA,01,LIMA,22,MIRAFLORES,0083,PROGRAMA NACIONAL DE SANEAMIENTO RURAL,2,PROYECTO,2400913,"INSTALACION DEL SERVICIO DE AGUA POTABLE Y SANEAMIENTO EN LA COMUNIDAD NATIVA DE MIGUEL GRAU, DISTRITO DE NAUTA, PROVINCIA DE LORETO - LORETO",4000182,CONSTRUCCION DEL SISTEMA DE AGUA POTABLE Y DISPOSICION SANITARIA DE EXCRETA,16,LORETO,13,DONACIONES Y TRANSFERENCIAS,5911700.0,2334565.69
2021,E,GOBIERNO NACIONAL,11,SALUD,011,M. DE SALUD,1655,125,PROGRAMA NACIONAL DE INVERSIONES EN SALUD,15,LIMA,01,LIMA,31,SAN ISIDRO,9002,ASIGNACIONES PRESUPUESTARIAS QUE NO RESULTAN EN PRODUCTOS,2,PROYECTO,2479465,MEJORAMIENTO Y AMPLIACION DE LOS SERVICIOS DE SALUD DEL PUESTO DE SALUD NUEVA JERUSALEN DISTRITO DE TROMPETEROS - PROVINCIA DE LORETO - DEPARTAMENTO DE LORETO,6000001,EXPEDIENTE TECNICO,16,LORETO,13,DONACIONES Y TRANSFERENCIAS,398551.0,331916.5
2021,E,GOBIERNO NACIONAL,11,SALUD,011,M. DE SALUD,1655,125,PROGRAMA NACIONAL DE INVERSIONES EN SALUD,15,LIMA,01,LIMA,31,SAN ISIDRO,9002,ASIGNACIONES PRESUPUESTARIAS QUE NO RESULTAN EN PRODUCTOS,2,PROYECTO,2479733,"CREACION DE LOS SERVICIOS DE SALUD DEL PRIMER NIVEL DE COMPLEJIDAD EN LA COMUNIDAD NATIVA DE LA PETROLERA, DISTRITO DE URARINAS - PROVINCIA DE LORETO - DEPARTAMENTO DE LORETO",6000001,EXPEDIENTE TECNICO,16,LORETO,13,DONACIONES Y TRANSFERENCIAS,599368.0,481545.60000000003
2021,M,GOBIERNOS LOCALES, , , , ,300732,080701,MUNICIPALIDAD PROVINCIAL DE CHUMBIVILCAS - SANTO TOMAS,08,CUSCO,07,CHUMBIVILCAS,01,SANTO TOMAS,0042,APROVECHAMIENTO DE LOS RECURSOS HIDRICOS PARA USO AGRARIO,2,PROYECTO,2327671,"AMPLIACION Y MEJORAMIENTO DE LOS SISTEMAS DE RIEGO DE ESPAÑA EN LOS ANEXOS DE LUTTO CENTRAL, KUTUTO, CRUZPATA, CHIHUAYHUANI, CCOLLPATUMAYCO DE LA COMUNIDAD DE LUTTO, KUTUTO DEL DISTRITO DE LLUSCO, PROVINCIA DE CHUMBIVILCAS - CUSCO",4000109,AMPLIACION DE SISTEMA DE RIEGO,08,CUSCO,13,DONACIONES Y TRANSFERENCIAS,4242093.0,0.0
2021,E,GOBIERNO NACIONAL,37,VIVIENDA CONSTRUCCION Y SANEAMIENTO,037,"MINISTERIO DE VIVIENDA, CONSTRUCCION Y SANEAMIENTO",1443,005,PROGRAMA NACIONAL DE SANEAMIENTO RURAL,15,LIMA,01,LIMA,22,MIRAFLORES,0083,PROGRAMA NACIONAL DE SANEAMIENTO RURAL,2,PROYECTO,2400920,"INSTALACION DEL SERVICIO DE AGUA POTABLE Y SANEAMIENTO EN LA COMUNIDAD NATIVA DE SAN PEDRO I, DISTRITO DE NAUTA, PROVINCIA DE LORETO - LORETO",4000182,CONSTRUCCION DEL SISTEMA DE AGUA POTABLE Y DISPOSICION SANITARIA DE EXCRETA,16,LORETO,13,DONACIONES Y TRANSFERENCIAS,3156351.0,2365862.01
2021,E,GOBIERNO NACIONAL,37,VIVIENDA CONSTRUCCION Y SANEAMIENTO,037,"MINISTERIO DE VIVIENDA, CONSTRUCCION Y SANEAMIENTO",1443,005,PROGRAMA NACIONAL DE SANEAMIENTO RURAL,15,LIMA,01,LIMA,22,MIRAFLORES,0083,PROGRAMA NACIONAL DE SANEAMIENTO RURAL,2,PROYECTO,2400941,"INSTALACION DEL SERVICIO DE AGUA POTABLE Y SANEAMIENTO EN EL CENTRO POBLADO DE LISBOA, DISTRITO DE NAUTA, PROVINCIA DE LORETO - LORETO",4000182,CONSTRUCCION DEL SISTEMA DE AGUA POTABLE Y DISPOSICION SANITARIA DE EXCRETA,16,LORETO,13,DONACIONES Y TRANSFERENCIAS,2956471.0,2583306.04
2021,E,GOBIERNO NACIONAL,37,VIVIENDA CONSTRUCCION Y SANEAMIENTO,037,"MINISTERIO DE VIVIENDA, CONSTRUCCION Y SANEAMIENTO",1443,005,PROGRAMA NACIONAL DE SANEAMIENTO RURAL,15,LIMA,01,LIMA,22,MIRAFLORES,0083,PROGRAMA NACIONAL DE SANEAMIENTO RURAL,2,PROYECTO,2235558,"INSTALACION DE LOS SISTEMAS DE AGUA POTABLE Y SANEAMIENTO PARA EL CENTRO POBLADO DE SOLEDAD, DISTRITO DE MANSERICHE - DATEM DEL MARANON - LORETO",6000001,EXPEDIENTE TECNICO,16,LORETO,13,DONACIONES Y TRANSFERENCIAS,317113.0,204520.22
2021,E,GOBIERNO NACIONAL,37,VIVIENDA CONSTRUCCION Y SANEAMIENTO,037,"MINISTERIO DE VIVIENDA, CONSTRUCCION Y SANEAMIENTO",1443,005,PROGRAMA NACIONAL DE SANEAMIENTO RURAL,15,LIMA,01,LIMA,22,MIRAFLORES,0083,PROGRAMA NACIONAL DE SANEAMIENTO RURAL,2,PROYECTO,2400934,"INSTALACION DEL SERVICIO DE AGUA POTABLE Y SANEAMIENTO EN EL CENTRO POBLADO DE SUCRE, DISTRITO DE NAUTA, PROVINCIA DE LORETO - LORETO",6000039,EDUCACION SANITARIA Y GESTION DE LOS SERVICIOS DE SANEAMIENTO,16,LORETO,13,DONACIONES Y TRANSFERENCIAS,26889.0,0.0
2021,M,GOBIERNOS LOCALES, , , , ,300513,050806,MUNICIPALIDAD DISTRITAL DE OYOLO,05,AYACUCHO,08,PAUCAR DEL SARA SARA,06,OYOLO,0042,APROVECHAMIENTO DE LOS RECURSOS HIDRICOS PARA USO AGRARIO,2,PROYECTO,2404392,"MEJORAMIENTO DEL SISTEMA DE RIEGO EN LA LOCALIDAD DE ACHUMANI, POMATAMBO EN EL CENTRO POBLADO DE OYOLO - DISTRITO DE OYOLO - PROVINCIA DE PAUCAR DEL SARA SARA - REGION AYACUCHO",4000120,MEJORAMIENTO DE LINEA DE CONDUCCION DE SISTEMAS DE RIEGO,05,AYACUCHO,13,DONACIONES Y TRANSFERENCIAS,4088503.0,1055114.91
2021,M,GOBIERNOS LOCALES, , , , ,300308,030506,MUNICIPALIDAD DISTRITAL DE CHALLHUAHUACHO,03,APURIMAC,05,COTABAMBA,06,CHALLHUAHUACHO,0083,PROGRAMA NACIONAL DE SANEAMIENTO RURAL,2,PROYECTO,2342219,"MEJORAMIENTO Y AMPLIACION DEL SERVICIO DE AGUA POTABLE Y SANEAMIENTO RURAL EN LA COMUNIDAD DE SUYTUYO, DISTRITO DE CHALLHUAHUACHO - COTABAMBAS - APURIMAC",6000002,SUPERVISION Y LIQUIDACION DE OBRAS,03,APURIMAC,13,DONACIONES Y TRANSFERENCIAS,64262.0,12217.42
2021,E,GOBIERNO NACIONAL,37,VIVIENDA CONSTRUCCION Y SANEAMIENTO,037,"MINISTERIO DE VIVIENDA, CONSTRUCCION Y SANEAMIENTO",1443,005,PROGRAMA NACIONAL DE SANEAMIENTO RURAL,15,LIMA,01,LIMA,22,MIRAFLORES,0083,PROGRAMA NACIONAL DE SANEAMIENTO RURAL,2,PROYECTO,2400902,"INSTALACION DEL SERVICIO DE AGUA POTABLE Y SANEAMIENTO EN LA COMUNIDAD NATIVA DE 1 DE MAYO, DISTRITO DE NAUTA, PROVINCIA DE LORETO - LORETO",6000001,EXPEDIENTE TECNICO,16,LORETO,13,DONACIONES Y TRANSFERENCIAS,10200.0,10200.0
2021,E,GOBIERNO NACIONAL,37,VIVIENDA CONSTRUCCION Y SANEAMIENTO,037,"MINISTERIO DE VIVIENDA, CONSTRUCCION Y SANEAMIENTO",1443,005,PROGRAMA NACIONAL DE SANEAMIENTO RURAL,15,LIMA,01,LIMA,22,MIRAFLORES,0083,PROGRAMA NACIONAL DE SANEAMIENTO RURAL,2,PROYECTO,2275299,"MEJORAMIENTO Y AMPLIACION DEL SERVICIO DE AGUA POTABLE E INSTALACION DE SANEAMIENTO BASICO EN EL CENTRO POBLADO DE PALCA, DISTRITO DE OLLACHEA, DEPARTAMENTO DE PUNO",6000016,GESTION Y ADMINISTRACION,21,PUNO,13,DONACIONES Y TRANSFERENCIAS,60000.0,21268.42
2021,E,GOBIERNO NACIONAL,37,VIVIENDA CONSTRUCCION Y SANEAMIENTO,037,"MINISTERIO DE VIVIENDA, CONSTRUCCION Y SANEAMIENTO",1443,005,PROGRAMA NACIONAL DE SANEAMIENTO RURAL,15,LIMA,01,LIMA,22,MIRAFLORES,0083,PROGRAMA NACIONAL DE SANEAMIENTO RURAL,2,PROYECTO,2269271,"INSTALACION DEL SISTEMA DE SANEAMIENTO BASICO EN LA COMUNIDAD DE CCAHUAYA IV ETAPA SECTOR CHIPTA Y DIQUE, DISTRITO DE ALTO PICHIGUA - ESPINAR - CUSCO",6000001,EXPEDIENTE TECNICO,08,CUSCO,13,DONACIONES Y TRANSFERENCIAS,408946.0,0.0
2021,E,GOBIERNO NACIONAL,37,VIVIENDA CONSTRUCCION Y SANEAMIENTO,037,"MINISTERIO DE VIVIENDA, CONSTRUCCION Y SANEAMIENTO",1443,005,PROGRAMA NACIONAL DE SANEAMIENTO RURAL,15,LIMA,01,LIMA,22,MIRAFLORES,0083,PROGRAMA NACIONAL DE SANEAMIENTO RURAL,2,PROYECTO,2252832,"INSTALACION DE LOS SISTEMAS DE AGUA POTABLE Y SANEAMIENTO PARA EL CENTRO POBLADO DE AJACHIN, DISTRITO DE MANSERICHE - DATEM DEL MARANON - LORETO",6000002,SUPERVISION Y LIQUIDACION DE OBRAS,16,LORETO,13,DONACIONES Y TRANSFERENCIAS,333843.0,0.0
2021,M,GOBIERNOS LOCALES, , , , ,300734,080703,MUNICIPALIDAD DISTRITAL DE CHAMACA,08,CUSCO,07,CHUMBIVILCAS,03,CHAMACA,0083,PROGRAMA NACIONAL DE SANEAMIENTO RURAL,2,PROYECTO,2488687,"MEJORAMIENTO Y AMPLIACION DEL SISTEMA DE SANEAMIENTO BASICO EN LOS SECTORES DE KERAKERA, AYANI, FUNDICION, TARUCATINCUC, JORNADA, KIVIO, HUALLATACCOTA, WINCHO, CHALLUMA Y HUAYLLAYOC DE LA C.C. DE UCHUCCARCCO DEL DISTRITO DE CHAMACA - PROVINCIA DE CHUMBIVILCAS - DEPARTAMENTO DE CUSCO",4000198,"REHABILITACION, MEJORAMIENTO Y AMPLIACION DE SISTEMA DE AGUA POTABLE Y ALCANTARILLADO",08,CUSCO,13,DONACIONES Y TRANSFERENCIAS,496470.0,297881.76
2021,M,GOBIERNOS LOCALES, , , , ,300736,080705,MUNICIPALIDAD DISTRITAL DE LIVITACA,08,CUSCO,07,CHUMBIVILCAS,05,LIVITACA,0090,LOGROS DE APRENDIZAJE DE ESTUDIANTES DE LA EDUCACION BASICA REGULAR,2,PROYECTO,2388403,MEJORAMIENTO Y AMPLIACION DEL SERVICIO DE EDUCACION INICIAL 521 EN EL SECTOR DE QUECHAPAMPA DE LA C.C. DE HUANACO DEL DISTRITO DE LIVITACA - PROVINCIA DE CHUMBIVILCAS - DEPARTAMENTO DE CUSCO,6000001,EXPEDIENTE TECNICO,08,CUSCO,13,DONACIONES Y TRANSFERENCIAS,68803.0,0.0
2021,E,GOBIERNO NACIONAL,11,SALUD,011,M. DE SALUD,1655,125,PROGRAMA NACIONAL DE INVERSIONES EN SALUD,15,LIMA,01,LIMA,31,SAN ISIDRO,9002,ASIGNACIONES PRESUPUESTARIAS QUE NO RESULTAN EN PRODUCTOS,2,PROYECTO,2521713,CREACION DE LOS SERVICIOS DE SALUD BASICOS EN LA COMUNIDAD NATIVA NUEVA ALIANZA DEL DISTRITO DE URARINAS - PROVINCIA DE LORETO - DEPARTAMENTO DE LORETO,6000005,ADQUISICION DE EQUIPOS,16,LORETO,13,DONACIONES Y TRANSFERENCIAS,65868.0,0.0
2021,E,GOBIERNO NACIONAL,11,SALUD,011,M. DE SALUD,1655,125,PROGRAMA NACIONAL DE INVERSIONES EN SALUD,15,LIMA,01,LIMA,31,SAN ISIDRO,9002,ASIGNACIONES PRESUPUESTARIAS QUE NO RESULTAN EN PRODUCTOS,2,PROYECTO,2521713,CREACION DE LOS SERVICIOS DE SALUD BASICOS EN LA COMUNIDAD NATIVA NUEVA ALIANZA DEL DISTRITO DE URARINAS - PROVINCIA DE LORETO - DEPARTAMENTO DE LORETO,6000002,SUPERVISION Y LIQUIDACION DE OBRAS,16,LORETO,13,DONACIONES Y TRANSFERENCIAS,464430.0,0.0
2021,E,GOBIERNO NACIONAL,37,VIVIENDA CONSTRUCCION Y SANEAMIENTO,037,"MINISTERIO DE VIVIENDA, CONSTRUCCION Y SANEAMIENTO",1443,005,PROGRAMA NACIONAL DE SANEAMIENTO RURAL,15,LIMA,01,LIMA,22,MIRAFLORES,0083,PROGRAMA NACIONAL DE SANEAMIENTO RURAL,2,PROYECTO,2400910,"INSTALACION DEL SERVICIO DE AGUA POTABLE Y SANEAMIENTO EN LA COMUNIDAD NATIVA DE HIPOLITO UNANUE, DISTRITO DE NAUTA, PROVINCIA DE LORETO - LORETO",6000002,SUPERVISION Y LIQUIDACION DE OBRAS,16,LORETO,13,DONACIONES Y TRANSFERENCIAS,108947.0,80722.23
2021,E,GOBIERNO NACIONAL,37,VIVIENDA CONSTRUCCION Y SANEAMIENTO,037,"MINISTERIO DE VIVIENDA, CONSTRUCCION Y SANEAMIENTO",1443,005,PROGRAMA NACIONAL DE SANEAMIENTO RURAL,15,LIMA,01,LIMA,22,MIRAFLORES,0083,PROGRAMA NACIONAL DE SANEAMIENTO RURAL,2,PROYECTO,2400905,"INSTALACION DEL SERVICIO DE AGUA POTABLE Y SANEAMIENTO EN EL CENTRO POBLADO DE 1 DE FEBRERO, DISTRITO DE NAUTA, PROVINCIA DE LORETO - LORETO",6000001,EXPEDIENTE TECNICO,16,LORETO,13,DONACIONES Y TRANSFERENCIAS,10200.0,10200.0
2021,E,GOBIERNO NACIONAL,37,VIVIENDA CONSTRUCCION Y SANEAMIENTO,037,"MINISTERIO DE VIVIENDA, CONSTRUCCION Y SANEAMIENTO",1443,005,PROGRAMA NACIONAL DE SANEAMIENTO RURAL,15,LIMA,01,LIMA,22,MIRAFLORES,0083,PROGRAMA NACIONAL DE SANEAMIENTO RURAL,2,PROYECTO,2307922,"AMPLIACION Y MEJORAMIENTO DEL SERVICIO DE AGUA POTABLE E INSTALACION DEL SANEAMIENTO DE LA LOCALIDAD DE LIBERTAD, DISTRITO DE TIGRE - LORETO - LORETO",6000001,EXPEDIENTE TECNICO,16,LORETO,13,DONACIONES Y TRANSFERENCIAS,35100.0,22950.0
2021,E,GOBIERNO NACIONAL,40,DESARROLLO E INCLUSION SOCIAL,040,MINISTERIO DE DESARROLLO E INCLUSION SOCIAL,1674,008,PROGRAMA NACIONAL PLATAFORMAS DE ACCION  PARA LA INCLUSION SOCIAL - PAIS,15,LIMA,01,LIMA,01,LIMA,9002,ASIGNACIONES PRESUPUESTARIAS QUE NO RESULTAN EN PRODUCTOS,2,PROYECTO,2284068,"CREACION DEL CENTRO DE SERVICIOS - TAMBO EN EL CENTRO POBLADO FERNANDO ROSAS, DISTRITO DE MORONA, PROVINCIA DATEM DEL MARAÑON, DEPARTAMENTO LORETO",6000001,EXPEDIENTE TECNICO,16,LORETO,13,DONACIONES Y TRANSFERENCIAS,20000.0,0.0
2021,E,GOBIERNO NACIONAL,11,SALUD,011,M. DE SALUD,1655,125,PROGRAMA NACIONAL DE INVERSIONES EN SALUD,15,LIMA,01,LIMA,31,SAN ISIDRO,9002,ASIGNACIONES PRESUPUESTARIAS QUE NO RESULTAN EN PRODUCTOS,2,PROYECTO,2521713,CREACION DE LOS SERVICIOS DE SALUD BASICOS EN LA COMUNIDAD NATIVA NUEVA ALIANZA DEL DISTRITO DE URARINAS - PROVINCIA DE LORETO - DEPARTAMENTO DE LORETO,6000016,GESTION Y ADMINISTRACION,16,LORETO,13,DONACIONES Y TRANSFERENCIAS,72480.0,0.0
2021,E,GOBIERNO NACIONAL,11,SALUD,011,M. DE SALUD,1655,125,PROGRAMA NACIONAL DE INVERSIONES EN SALUD,15,LIMA,01,LIMA,31,SAN ISIDRO,9002,ASIGNACIONES PRESUPUESTARIAS QUE NO RESULTAN EN PRODUCTOS,2,PROYECTO,2469195,"MEJORAMIENTO Y AMPLIACION DE LOS SERVICIOS DE SALUD DEL ESTABLECIMIENTO DE SALUD NUEVO ANDOAS, DISTRITO DE ANDOAS - PROVINCIA DE DATEM DEL MARAÑON - DEPARTAMENTO DE LORETO",4000014,MEJORAMIENTO DE CENTROS DE SALUD,16,LORETO,13,DONACIONES Y TRANSFERENCIAS,10504537.0,0.0
2021,E,GOBIERNO NACIONAL,11,SALUD,011,M. DE SALUD,1655,125,PROGRAMA NACIONAL DE INVERSIONES EN SALUD,15,LIMA,01,LIMA,31,SAN ISIDRO,9002,ASIGNACIONES PRESUPUESTARIAS QUE NO RESULTAN EN PRODUCTOS,2,PROYECTO,2469195,"MEJORAMIENTO Y AMPLIACION DE LOS SERVICIOS DE SALUD DEL ESTABLECIMIENTO DE SALUD NUEVO ANDOAS, DISTRITO DE ANDOAS - PROVINCIA DE DATEM DEL MARAÑON - DEPARTAMENTO DE LORETO",6000017,ADQUISICION DE EQUIPOS MEDICOS,16,LORETO,13,DONACIONES Y TRANSFERENCIAS,1208207.0,0.0
2022,M,GOBIERNOS LOCALES, , , , ,300736,080705,MUNICIPALIDAD DISTRITAL DE LIVITACA,08,CUSCO,07,CHUMBIVILCAS,05,LIVITACA,0042,APROVECHAMIENTO DE LOS RECURSOS HIDRICOS PARA USO AGRARIO,2,PROYECTO,2492705,"MEJORAMIENTO DEL SERVICIO DE AGUA PARA RIEGO EN LA MARGEN IZQUIERDA Y DERECHA DE LA COMUNIDAD CAMPESINA CCOLLANA ALTA, DISTRITO DE LIVITACA - PROVINCIA DE CHUMBIVILCAS - DEPARTAMENTO DE CUSCO",6000001,EXPEDIENTE TECNICO,08,CUSCO,13,DONACIONES Y TRANSFERENCIAS,42610.0,0.0
2022,M,GOBIERNOS LOCALES, , , , ,300739,080708,MUNICIPALIDAD DISTRITAL DE VELILLE,08,CUSCO,07,CHUMBIVILCAS,08,VELILLE,0036,GESTION INTEGRAL DE RESIDUOS SOLIDOS,2,PROYECTO,2472956,MEJORAMIENTO DEL SERVICIO DE LIMPIEZA PUBLICA EN LA LOCALIDAD DE VELILLE- DISTRITO DE VELILLE - PROVINCIA DE CHUMBIVILCAS - DEPARTAMENTO DE CUSCO,6000001,EXPEDIENTE TECNICO,08,CUSCO,13,DONACIONES Y TRANSFERENCIAS,102500.0,92250.0
2022,M,GOBIERNOS LOCALES, , , , ,300739,080708,MUNICIPALIDAD DISTRITAL DE VELILLE,08,CUSCO,07,CHUMBIVILCAS,08,VELILLE,0042,APROVECHAMIENTO DE LOS RECURSOS HIDRICOS PARA USO AGRARIO,2,PROYECTO,2474326,"CREACION DEL SERVICIO DE AGUA DEL SISTEMA DE RIEGO PICHQAPUQUIO SECTOR HUISALLA, COMUNIDAD CCOLLANA DEL DISTRITO DE VELILLE - PROVINCIA DE CHUMBIVILCAS - DEPARTAMENTO DE CUSCO",6000001,EXPEDIENTE TECNICO,08,CUSCO,13,DONACIONES Y TRANSFERENCIAS,1519990.0,177250.82
2022,E,GOBIERNO NACIONAL,37,VIVIENDA CONSTRUCCION Y SANEAMIENTO,037,"MINISTERIO DE VIVIENDA, CONSTRUCCION Y SANEAMIENTO",1443,005,PROGRAMA NACIONAL DE SANEAMIENTO RURAL,15,LIMA,01,LIMA,22,MIRAFLORES,0083,PROGRAMA NACIONAL DE SANEAMIENTO RURAL,2,PROYECTO,2328455,"MEJORAMIENTO, AMPLIACION DEL SERVICIO DE AGUA POTABLE Y SANEAMIENTO EN LA COMUNIDAD NATIVA BOLOGNESI, DISTRITO DE ANDOAS, PROVINCIA DE DATEM DEL MARAÑON, REGION LORETO",4000181,"REHABILITACION, MEJORAMIENTO Y AMPLIACION DEL SISTEMA DE AGUA POTABLE Y DISPOSICION SANITARIA DE EXCRETA",16,LORETO,13,DONACIONES Y TRANSFERENCIAS,2847960.0,1128815.43
2022,E,GOBIERNO NACIONAL,37,VIVIENDA CONSTRUCCION Y SANEAMIENTO,037,"MINISTERIO DE VIVIENDA, CONSTRUCCION Y SANEAMIENTO",1443,005,PROGRAMA NACIONAL DE SANEAMIENTO RURAL,15,LIMA,01,LIMA,22,MIRAFLORES,0083,PROGRAMA NACIONAL DE SANEAMIENTO RURAL,2,PROYECTO,2456767,MEJORAMIENTO Y AMPLIACION DEL SERVICIO DE AGUA POTABLE Y SISTEMA DE ELIMINACION DE EXCRETAS EN LA LOCALIDAD DE HUASCABAMBA DEL DISTRITO DE CAPACMARCA - PROVINCIA DE CHUMBIVILCAS - DEPARTAMENTO DE CUSCO,6000001,EXPEDIENTE TECNICO,08,CUSCO,13,DONACIONES Y TRANSFERENCIAS,326382.0,264563.15
2022,E,GOBIERNO NACIONAL,11,SALUD,011,M. DE SALUD,1655,125,PROGRAMA NACIONAL DE INVERSIONES EN SALUD,15,LIMA,01,LIMA,31,SAN ISIDRO,9002,ASIGNACIONES PRESUPUESTARIAS QUE NO RESULTAN EN PRODUCTOS,2,PROYECTO,2479733,"CREACION DE LOS SERVICIOS DE SALUD DEL PRIMER NIVEL DE COMPLEJIDAD EN LA COMUNIDAD NATIVA DE LA PETROLERA, DISTRITO DE URARINAS - PROVINCIA DE LORETO - DEPARTAMENTO DE LORETO",6000001,EXPEDIENTE TECNICO,16,LORETO,13,DONACIONES Y TRANSFERENCIAS,117822.0,7320.820000000001
2022,E,GOBIERNO NACIONAL,37,VIVIENDA CONSTRUCCION Y SANEAMIENTO,037,"MINISTERIO DE VIVIENDA, CONSTRUCCION Y SANEAMIENTO",1443,005,PROGRAMA NACIONAL DE SANEAMIENTO RURAL,15,LIMA,01,LIMA,22,MIRAFLORES,0083,PROGRAMA NACIONAL DE SANEAMIENTO RURAL,2,PROYECTO,2448877,"CREACION DEL SISTEMA DE AGUA POTABLE Y LETRINAS CON ARRASTRE HIDRAULICO EN LOS SECTORES CHACARAYA, JAPU, QUILLANI, HUATARRUSI, SAN MARTIN, ITMAPALLCCA, CHEQLLACCO, YURAQ-KANCHA, CHALLANSILLI, CCOCHANI, ILAVE, CHACCO, CCOLLPIÑA,HUACUYLLANI, HUASHUA, PFOCCOYTO, CHALLHUANCA, LLANJA, PAQLLA-PAQLLA Y CHAQHUARAPATA DE LAS COMUNIDADES DE LUTTO, PFUISA, ANTUYO, CCOLLPA CCASAHUI Y SAN SEBASTIAN DE LLUSCO DEL DISTRITO DE LLUSCO - PROVINCIA DE CHUMBIVILCAS - DEPARTAMENTO DE CUSCO",6000001,EXPEDIENTE TECNICO,08,CUSCO,13,DONACIONES Y TRANSFERENCIAS,437916.0,302301.64999999997
2022,E,GOBIERNO NACIONAL,37,VIVIENDA CONSTRUCCION Y SANEAMIENTO,037,"MINISTERIO DE VIVIENDA, CONSTRUCCION Y SANEAMIENTO",1443,005,PROGRAMA NACIONAL DE SANEAMIENTO RURAL,15,LIMA,01,LIMA,22,MIRAFLORES,0083,PROGRAMA NACIONAL DE SANEAMIENTO RURAL,2,PROYECTO,2307922,"AMPLIACION Y MEJORAMIENTO DEL SERVICIO DE AGUA POTABLE E INSTALACION DEL SANEAMIENTO DE LA LOCALIDAD DE LIBERTAD, DISTRITO DE TIGRE - LORETO - LORETO",6000016,GESTION Y ADMINISTRACION,16,LORETO,13,DONACIONES Y TRANSFERENCIAS,372317.0,7392.5
2022,E,GOBIERNO NACIONAL,37,VIVIENDA CONSTRUCCION Y SANEAMIENTO,037,"MINISTERIO DE VIVIENDA, CONSTRUCCION Y SANEAMIENTO",1443,005,PROGRAMA NACIONAL DE SANEAMIENTO RURAL,15,LIMA,01,LIMA,22,MIRAFLORES,0083,PROGRAMA NACIONAL DE SANEAMIENTO RURAL,2,PROYECTO,2330637,"MEJORAMIENTO Y AMPLIACION DEL SERVICIO DE AGUA POTABLE Y SANEAMIENTO EN LA CC.NN PAICHE PLAYA DISTRITO DE EL TIGRE, PROVINCIA DE LORETO, REGION DE LORETO",4000181,"REHABILITACION, MEJORAMIENTO Y AMPLIACION DEL SISTEMA DE AGUA POTABLE Y DISPOSICION SANITARIA DE EXCRETA",16,LORETO,13,DONACIONES Y TRANSFERENCIAS,2085148.0,1231822.55
2022,E,GOBIERNO NACIONAL,11,SALUD,011,M. DE SALUD,1655,125,PROGRAMA NACIONAL DE INVERSIONES EN SALUD,15,LIMA,01,LIMA,31,SAN ISIDRO,9002,ASIGNACIONES PRESUPUESTARIAS QUE NO RESULTAN EN PRODUCTOS,2,PROYECTO,2475091,CREACION DE LOS SERVICIOS DE SALUD DEL PRIMER NIVEL DE COMPLEJIDAD EN LA COMUNIDAD NATIVA DE MAYURIAGA MAYURIAGA DEL DISTRITO DE MORONA - PROVINCIA DE DATEM DEL MARAÑON - DEPARTAMENTO DE LORETO,6000001,EXPEDIENTE TECNICO,16,LORETO,13,DONACIONES Y TRANSFERENCIAS,434532.0,274709.67000000004
2022,E,GOBIERNO NACIONAL,37,VIVIENDA CONSTRUCCION Y SANEAMIENTO,037,"MINISTERIO DE VIVIENDA, CONSTRUCCION Y SANEAMIENTO",1443,005,PROGRAMA NACIONAL DE SANEAMIENTO RURAL,15,LIMA,01,LIMA,22,MIRAFLORES,0083,PROGRAMA NACIONAL DE SANEAMIENTO RURAL,2,PROYECTO,2400909,"INSTALACION DEL SERVICIO DE AGUA POTABLE Y SANEAMIENTO EN LA COMUNIDAD NATIVA DE GRAN PUNTA, DISTRITO DE NAUTA, PROVINCIA DE LORETO - LORETO",4000182,CONSTRUCCION DEL SISTEMA DE AGUA POTABLE Y DISPOSICION SANITARIA DE EXCRETA,16,LORETO,13,DONACIONES Y TRANSFERENCIAS,1188323.0,1188323.0
2022,E,GOBIERNO NACIONAL,11,SALUD,011,M. DE SALUD,1655,125,PROGRAMA NACIONAL DE INVERSIONES EN SALUD,15,LIMA,01,LIMA,31,SAN ISIDRO,9002,ASIGNACIONES PRESUPUESTARIAS QUE NO RESULTAN EN PRODUCTOS,2,PROYECTO,2479465,MEJORAMIENTO Y AMPLIACION DE LOS SERVICIOS DE SALUD DEL PUESTO DE SALUD NUEVA JERUSALEN DISTRITO DE TROMPETEROS - PROVINCIA DE LORETO - DEPARTAMENTO DE LORETO,6000001,EXPEDIENTE TECNICO,16,LORETO,13,DONACIONES Y TRANSFERENCIAS,66634.0,6080.120000000001
2022,E,GOBIERNO NACIONAL,37,VIVIENDA CONSTRUCCION Y SANEAMIENTO,037,"MINISTERIO DE VIVIENDA, CONSTRUCCION Y SANEAMIENTO",1443,005,PROGRAMA NACIONAL DE SANEAMIENTO RURAL,15,LIMA,01,LIMA,22,MIRAFLORES,0083,PROGRAMA NACIONAL DE SANEAMIENTO RURAL,2,PROYECTO,2269271,"INSTALACION DEL SISTEMA DE SANEAMIENTO BASICO EN LA COMUNIDAD DE CCAHUAYA IV ETAPA SECTOR CHIPTA Y DIQUE, DISTRITO DE ALTO PICHIGUA - ESPINAR - CUSCO",6000001,EXPEDIENTE TECNICO,08,CUSCO,13,DONACIONES Y TRANSFERENCIAS,408946.0,369761.93
2022,E,GOBIERNO NACIONAL,11,SALUD,011,M. DE SALUD,1655,125,PROGRAMA NACIONAL DE INVERSIONES EN SALUD,15,LIMA,01,LIMA,31,SAN ISIDRO,9002,ASIGNACIONES PRESUPUESTARIAS QUE NO RESULTAN EN PRODUCTOS,2,PROYECTO,2469195,"MEJORAMIENTO Y AMPLIACION DE LOS SERVICIOS DE SALUD DEL ESTABLECIMIENTO DE SALUD NUEVO ANDOAS, DISTRITO DE ANDOAS - PROVINCIA DE DATEM DEL MARAÑON - DEPARTAMENTO DE LORETO",6000016,GESTION Y ADMINISTRACION,16,LORETO,13,DONACIONES Y TRANSFERENCIAS,325133.0,65505.08
2022,E,GOBIERNO NACIONAL,37,VIVIENDA CONSTRUCCION Y SANEAMIENTO,037,"MINISTERIO DE VIVIENDA, CONSTRUCCION Y SANEAMIENTO",1443,005,PROGRAMA NACIONAL DE SANEAMIENTO RURAL,15,LIMA,01,LIMA,22,MIRAFLORES,0083,PROGRAMA NACIONAL DE SANEAMIENTO RURAL,2,PROYECTO,2400934,"INSTALACION DEL SERVICIO DE AGUA POTABLE Y SANEAMIENTO EN EL CENTRO POBLADO DE SUCRE, DISTRITO DE NAUTA, PROVINCIA DE LORETO - LORETO",4000182,CONSTRUCCION DEL SISTEMA DE AGUA POTABLE Y DISPOSICION SANITARIA DE EXCRETA,16,LORETO,13,DONACIONES Y TRANSFERENCIAS,633560.0,633560.0
2022,E,GOBIERNO NACIONAL,37,VIVIENDA CONSTRUCCION Y SANEAMIENTO,037,"MINISTERIO DE VIVIENDA, CONSTRUCCION Y SANEAMIENTO",1443,005,PROGRAMA NACIONAL DE SANEAMIENTO RURAL,15,LIMA,01,LIMA,22,MIRAFLORES,0083,PROGRAMA NACIONAL DE SANEAMIENTO RURAL,2,PROYECTO,2330643,"MEJORAMIENTO Y AMPLIACION DEL SERVICIO DE AGUA POTABLE Y SANEAMIENTO EN LA CC.NN MARSELLA DISTRITO DE EL TIGRE, PROVINCIA DE LORETO, REGION DE LORETO",6000002,SUPERVISION Y LIQUIDACION DE OBRAS,16,LORETO,13,DONACIONES Y TRANSFERENCIAS,310627.0,0.0
2022,E,GOBIERNO NACIONAL,11,SALUD,011,M. DE SALUD,1655,125,PROGRAMA NACIONAL DE INVERSIONES EN SALUD,15,LIMA,01,LIMA,31,SAN ISIDRO,9002,ASIGNACIONES PRESUPUESTARIAS QUE NO RESULTAN EN PRODUCTOS,2,PROYECTO,2521713,CREACION DE LOS SERVICIOS DE SALUD BASICOS EN LA COMUNIDAD NATIVA NUEVA ALIANZA DEL DISTRITO DE URARINAS - PROVINCIA DE LORETO - DEPARTAMENTO DE LORETO,6000016,GESTION Y ADMINISTRACION,16,LORETO,13,DONACIONES Y TRANSFERENCIAS,199533.0,56966.38
2022,M,GOBIERNOS LOCALES, , , , ,300738,080707,MUNICIPALIDAD DISTRITAL DE QUIÑOTA,08,CUSCO,07,CHUMBIVILCAS,07,QUINOTA,0090,LOGROS DE APRENDIZAJE DE ESTUDIANTES DE LA EDUCACION BASICA REGULAR,2,PROYECTO,2484007,MEJORAMIENTO DEL SERVICIO EDUCATIVO DE LA INSTITUCION EDUCATIVA DE NIVEL PRIMARIO 501447 YAWARMAYO DEL DISTRITO DE QUIÑOTA - PROVINCIA DE CHUMBIVILCAS - DEPARTAMENTO DE CUSCO,4000036,MEJORAMIENTO DE INFRAESTRUCTURA DE EDUCACION PRIMARIA,08,CUSCO,13,DONACIONES Y TRANSFERENCIAS,190000.0,0.0
2022,E,GOBIERNO NACIONAL,37,VIVIENDA CONSTRUCCION Y SANEAMIENTO,037,"MINISTERIO DE VIVIENDA, CONSTRUCCION Y SANEAMIENTO",1443,005,PROGRAMA NACIONAL DE SANEAMIENTO RURAL,15,LIMA,01,LIMA,22,MIRAFLORES,0083,PROGRAMA NACIONAL DE SANEAMIENTO RURAL,2,PROYECTO,2330643,"MEJORAMIENTO Y AMPLIACION DEL SERVICIO DE AGUA POTABLE Y SANEAMIENTO EN LA CC.NN MARSELLA DISTRITO DE EL TIGRE, PROVINCIA DE LORETO, REGION DE LORETO",4000181,"REHABILITACION, MEJORAMIENTO Y AMPLIACION DEL SISTEMA DE AGUA POTABLE Y DISPOSICION SANITARIA DE EXCRETA",16,LORETO,13,DONACIONES Y TRANSFERENCIAS,5043456.0,0.0
2022,E,GOBIERNO NACIONAL,37,VIVIENDA CONSTRUCCION Y SANEAMIENTO,037,"MINISTERIO DE VIVIENDA, CONSTRUCCION Y SANEAMIENTO",1443,005,PROGRAMA NACIONAL DE SANEAMIENTO RURAL,15,LIMA,01,LIMA,22,MIRAFLORES,0083,PROGRAMA NACIONAL DE SANEAMIENTO RURAL,2,PROYECTO,2328473,"MEJORAMIENTO, AMPLIACION DEL SERVICIO DE AGUA POTABLE Y SANEAMIENTO EN LA COMUNIDAD NATIVA ALIANZA TOPAL, DISTRITO DE ANDOAS, PROVINCIA DE DATEM DEL MARAÑON, REGION LORETO",6000002,SUPERVISION Y LIQUIDACION DE OBRAS,16,LORETO,13,DONACIONES Y TRANSFERENCIAS,185740.0,90801.45999999999
2022,M,GOBIERNOS LOCALES, , , , ,300308,030506,MUNICIPALIDAD DISTRITAL DE CHALLHUAHUACHO,03,APURIMAC,05,COTABAMBA,06,CHALLHUAHUACHO,0083,PROGRAMA NACIONAL DE SANEAMIENTO RURAL,2,PROYECTO,2342230,"MEJORAMIENTO Y AMPLIACION DEL SERVICIO DE AGUA POTABLE Y SANEAMIENTO RURAL EN LAS LOCALIDADES DE ANCHACCALLA, YURACCMAYO, SURACA, HUALLPAMAYO Y CHALLA CHALLA DEL CENTRO POBLADO DE QUEUÑA, DISTRITO DE CHALLHUAHUACHO - COTABAMBAS - APURIMAC",6000002,SUPERVISION Y LIQUIDACION DE OBRAS,03,APURIMAC,13,DONACIONES Y TRANSFERENCIAS,56575.0,43200.0
2022,E,GOBIERNO NACIONAL,11,SALUD,011,M. DE SALUD,1655,125,PROGRAMA NACIONAL DE INVERSIONES EN SALUD,15,LIMA,01,LIMA,31,SAN ISIDRO,9002,ASIGNACIONES PRESUPUESTARIAS QUE NO RESULTAN EN PRODUCTOS,2,PROYECTO,2479767,"MEJORAMIENTO DEL SERVICIO DE SALUD DEL PUESTO DE SALUD PAMPA HERMOSA DE TROMPETEROS, DISTRITO DE TROMPETEROS - PROVINCIA DE LORETO - DEPARTAMENTO DE LORETO",6000016,GESTION Y ADMINISTRACION,16,LORETO,13,DONACIONES Y TRANSFERENCIAS,3000.0,0.0
2022,M,GOBIERNOS LOCALES, , , , ,300308,030506,MUNICIPALIDAD DISTRITAL DE CHALLHUAHUACHO,03,APURIMAC,05,COTABAMBA,06,CHALLHUAHUACHO,0083,PROGRAMA NACIONAL DE SANEAMIENTO RURAL,2,PROYECTO,2342227,"MEJORAMIENTO Y AMPLIACION DEL SERVICIO DE AGUA POTABLE Y SANEAMIENTO RURAL EN LAS LOCALIDADES DE YANAHUARA, TOCCO, HUAYÑUNA, CHURAMA, MOSOCCLLACTA, PUMAHUASI, HUAYHUALLA, ULLANCANI, QUEUÑA CENTRO, ORAPATA Y SUCA SUCA, DEL CENTRO POBLADO DE QUEUÑA, DISTRITO DE CHALLHUAHUACHO - COTABAMBAS - APURIMAC",6000002,SUPERVISION Y LIQUIDACION DE OBRAS,03,APURIMAC,13,DONACIONES Y TRANSFERENCIAS,211766.0,168596.77000000002
2022,M,GOBIERNOS LOCALES, , , , ,300513,050806,MUNICIPALIDAD DISTRITAL DE OYOLO,05,AYACUCHO,08,PAUCAR DEL SARA SARA,06,OYOLO,0042,APROVECHAMIENTO DE LOS RECURSOS HIDRICOS PARA USO AGRARIO,2,PROYECTO,2404392,"MEJORAMIENTO DEL SISTEMA DE RIEGO EN LA LOCALIDAD DE ACHUMANI, POMATAMBO EN EL CENTRO POBLADO DE OYOLO - DISTRITO DE OYOLO - PROVINCIA DE PAUCAR DEL SARA SARA - REGION AYACUCHO",4000109,AMPLIACION DE SISTEMA DE RIEGO,05,AYACUCHO,13,DONACIONES Y TRANSFERENCIAS,3033389.0,3006394.63
2022,M,GOBIERNOS LOCALES, , , , ,300732,080701,MUNICIPALIDAD PROVINCIAL DE CHUMBIVILCAS - SANTO TOMAS,08,CUSCO,07,CHUMBIVILCAS,01,SANTO TOMAS,0083,PROGRAMA NACIONAL DE SANEAMIENTO RURAL,2,PROYECTO,2290579,"MEJORAMIENTO Y AMPLIACION DEL SISTEMA DE AGUA POTABLE E INSTALACION DE UNIDADES BASICAS SANITARIAS EN EL ANEXO ARMIRI DE LA C.C. CHARAMURAY, DISTRITO DE COLQUEMARCA, PROVINCIA DE CHUMBIVILCAS - CUSCO",4000053,MEJORAMIENTO DEL SISTEMA DE AGUA POTABLE,08,CUSCO,13,DONACIONES Y TRANSFERENCIAS,4988512.0,2625233.0700000003
2022,M,GOBIERNOS LOCALES, , , , ,300735,080704,MUNICIPALIDAD DISTRITAL DE COLQUEMARCA,08,CUSCO,07,CHUMBIVILCAS,04,COLQUEMARCA,0138,"REDUCCION DEL COSTO, TIEMPO E INSEGURIDAD EN EL SISTEMA DE TRANSPORTE",2,PROYECTO,2472091,"MEJORAMIENTO DE LA CARRETERA EMP. PE-3S G - EMP. CU -1552 - EMP. CU - 119 (LACCANI), EMP.CU 119 - EMP. CU 1914, EMP.CU 1913 - JAPU- EMP.CU 127 DISTRITO DE COLQUEMARCA - PROVINCIA DE CHUMBIVILCAS - DEPARTAMENTO DE CUSCO",6000001,EXPEDIENTE TECNICO,08,CUSCO,13,DONACIONES Y TRANSFERENCIAS,174389.0,116010.4
2022,M,GOBIERNOS LOCALES, , , , ,300737,080706,MUNICIPALIDAD DISTRITAL DE LLUSCO,08,CUSCO,07,CHUMBIVILCAS,06,LLUSCO,0138,"REDUCCION DEL COSTO, TIEMPO E INSEGURIDAD EN EL SISTEMA DE TRANSPORTE",2,PROYECTO,2488665,CREACION DEL CAMINO VECINAL ANTUYO - PERCCATUYO - CASIAHUI EN LAS COMUNIDADES DE ANTUYO LLAULLIMARCA Y CCOLLPA DEL DISTRITO DE LLUSCO - PROVINCIA DE CHUMBIVILCAS - DEPARTAMENTO DE CUSCO,6000001,EXPEDIENTE TECNICO,08,CUSCO,13,DONACIONES Y TRANSFERENCIAS,141580.0,42474.0
2022,M,GOBIERNOS LOCALES, , , , ,300308,030506,MUNICIPALIDAD DISTRITAL DE CHALLHUAHUACHO,03,APURIMAC,05,COTABAMBA,06,CHALLHUAHUACHO,0083,PROGRAMA NACIONAL DE SANEAMIENTO RURAL,2,PROYECTO,2342230,"MEJORAMIENTO Y AMPLIACION DEL SERVICIO DE AGUA POTABLE Y SANEAMIENTO RURAL EN LAS LOCALIDADES DE ANCHACCALLA, YURACCMAYO, SURACA, HUALLPAMAYO Y CHALLA CHALLA DEL CENTRO POBLADO DE QUEUÑA, DISTRITO DE CHALLHUAHUACHO - COTABAMBAS - APURIMAC",4000053,MEJORAMIENTO DEL SISTEMA DE AGUA POTABLE,03,APURIMAC,13,DONACIONES Y TRANSFERENCIAS,1184086.0,1097517.47
2022,E,GOBIERNO NACIONAL,37,VIVIENDA CONSTRUCCION Y SANEAMIENTO,037,"MINISTERIO DE VIVIENDA, CONSTRUCCION Y SANEAMIENTO",1443,005,PROGRAMA NACIONAL DE SANEAMIENTO RURAL,15,LIMA,01,LIMA,22,MIRAFLORES,0083,PROGRAMA NACIONAL DE SANEAMIENTO RURAL,2,PROYECTO,2400906,"INSTALACION DEL SERVICIO DE AGUA POTABLE Y SANEAMIENTO EN EL CENTRO POBLADO DE BUEN PASTOR, DISTRITO DE NAUTA, PROVINCIA DE LORETO - LORETO",4000182,CONSTRUCCION DEL SISTEMA DE AGUA POTABLE Y DISPOSICION SANITARIA DE EXCRETA,16,LORETO,13,DONACIONES Y TRANSFERENCIAS,604868.0,604867.99
2022,E,GOBIERNO NACIONAL,37,VIVIENDA CONSTRUCCION Y SANEAMIENTO,037,"MINISTERIO DE VIVIENDA, CONSTRUCCION Y SANEAMIENTO",1443,005,PROGRAMA NACIONAL DE SANEAMIENTO RURAL,15,LIMA,01,LIMA,22,MIRAFLORES,0083,PROGRAMA NACIONAL DE SANEAMIENTO RURAL,2,PROYECTO,2400929,"INSTALACION DEL SERVICIO DE AGUA POTABLE Y SANEAMIENTO EN EL CENTRO POBLADO DE BAGAZAN, DISTRITO DE NAUTA, PROVINCIA DE LORETO - LORETO",4000182,CONSTRUCCION DEL SISTEMA DE AGUA POTABLE Y DISPOSICION SANITARIA DE EXCRETA,16,LORETO,13,DONACIONES Y TRANSFERENCIAS,1013413.0,1013412.8300000001
2022,E,GOBIERNO NACIONAL,37,VIVIENDA CONSTRUCCION Y SANEAMIENTO,037,"MINISTERIO DE VIVIENDA, CONSTRUCCION Y SANEAMIENTO",1443,005,PROGRAMA NACIONAL DE SANEAMIENTO RURAL,15,LIMA,01,LIMA,22,MIRAFLORES,0083,PROGRAMA NACIONAL DE SANEAMIENTO RURAL,2,PROYECTO,2147748,GESTION DEL PROGRAMA Y OTROS - PROGRAMA DE AGUA POTABLE Y SANEAMIENTO PARA LA AMAZONIA RURAL,6000016,GESTION Y ADMINISTRACION,15,LIMA,13,DONACIONES Y TRANSFERENCIAS,397118.0,175399.99
2022,E,GOBIERNO NACIONAL,37,VIVIENDA CONSTRUCCION Y SANEAMIENTO,037,"MINISTERIO DE VIVIENDA, CONSTRUCCION Y SANEAMIENTO",1443,005,PROGRAMA NACIONAL DE SANEAMIENTO RURAL,15,LIMA,01,LIMA,22,MIRAFLORES,0083,PROGRAMA NACIONAL DE SANEAMIENTO RURAL,2,PROYECTO,2275299,"MEJORAMIENTO Y AMPLIACION DEL SERVICIO DE AGUA POTABLE E INSTALACION DE SANEAMIENTO BASICO EN EL CENTRO POBLADO DE PALCA, DISTRITO DE OLLACHEA, DEPARTAMENTO DE PUNO",6000016,GESTION Y ADMINISTRACION,21,PUNO,13,DONACIONES Y TRANSFERENCIAS,108921.0,43191.39
2022,E,GOBIERNO NACIONAL,37,VIVIENDA CONSTRUCCION Y SANEAMIENTO,037,"MINISTERIO DE VIVIENDA, CONSTRUCCION Y SANEAMIENTO",1443,005,PROGRAMA NACIONAL DE SANEAMIENTO RURAL,15,LIMA,01,LIMA,22,MIRAFLORES,0083,PROGRAMA NACIONAL DE SANEAMIENTO RURAL,2,PROYECTO,2328473,"MEJORAMIENTO, AMPLIACION DEL SERVICIO DE AGUA POTABLE Y SANEAMIENTO EN LA COMUNIDAD NATIVA ALIANZA TOPAL, DISTRITO DE ANDOAS, PROVINCIA DE DATEM DEL MARAÑON, REGION LORETO",6000016,GESTION Y ADMINISTRACION,16,LORETO,13,DONACIONES Y TRANSFERENCIAS,168236.0,25501.02
2022,E,GOBIERNO NACIONAL,11,SALUD,011,M. DE SALUD,1655,125,PROGRAMA NACIONAL DE INVERSIONES EN SALUD,15,LIMA,01,LIMA,31,SAN ISIDRO,9002,ASIGNACIONES PRESUPUESTARIAS QUE NO RESULTAN EN PRODUCTOS,2,PROYECTO,2475435,MEJORAMIENTO Y AMPLIACION DE LOS SERVICIOS DE SALUD DEL ESTABLECIMIENTO DE SALUD ALIANZA CRISTIANA DEL DISTRITO DE ANDOAS - PROVINCIA DE DATEM DEL MARAÑON - DEPARTAMENTO DE LORETO,6000001,EXPEDIENTE TECNICO,16,LORETO,13,DONACIONES Y TRANSFERENCIAS,430000.0,422088.57
2022,E,GOBIERNO NACIONAL,37,VIVIENDA CONSTRUCCION Y SANEAMIENTO,037,"MINISTERIO DE VIVIENDA, CONSTRUCCION Y SANEAMIENTO",1443,005,PROGRAMA NACIONAL DE SANEAMIENTO RURAL,15,LIMA,01,LIMA,22,MIRAFLORES,0083,PROGRAMA NACIONAL DE SANEAMIENTO RURAL,2,PROYECTO,2400936,"INSTALACION DEL SERVICIO DE AGUA POTABLE Y SANEAMIENTO EN EL CENTRO POBLADO DE MIRAFLORES, DISTRITO DE NAUTA, PROVINCIA DE LORETO - LORETO",4000182,CONSTRUCCION DEL SISTEMA DE AGUA POTABLE Y DISPOSICION SANITARIA DE EXCRETA,16,LORETO,13,DONACIONES Y TRANSFERENCIAS,1829900.0,1477825.0
2022,E,GOBIERNO NACIONAL,37,VIVIENDA CONSTRUCCION Y SANEAMIENTO,037,"MINISTERIO DE VIVIENDA, CONSTRUCCION Y SANEAMIENTO",1443,005,PROGRAMA NACIONAL DE SANEAMIENTO RURAL,15,LIMA,01,LIMA,22,MIRAFLORES,0083,PROGRAMA NACIONAL DE SANEAMIENTO RURAL,2,PROYECTO,2235558,"INSTALACION DE LOS SISTEMAS DE AGUA POTABLE Y SANEAMIENTO PARA EL CENTRO POBLADO DE SOLEDAD, DISTRITO DE MANSERICHE - DATEM DEL MARANON - LORETO",4000182,CONSTRUCCION DEL SISTEMA DE AGUA POTABLE Y DISPOSICION SANITARIA DE EXCRETA,16,LORETO,13,DONACIONES Y TRANSFERENCIAS,112593.0,0.0
2022,E,GOBIERNO NACIONAL,37,VIVIENDA CONSTRUCCION Y SANEAMIENTO,037,"MINISTERIO DE VIVIENDA, CONSTRUCCION Y SANEAMIENTO",1443,005,PROGRAMA NACIONAL DE SANEAMIENTO RURAL,15,LIMA,01,LIMA,22,MIRAFLORES,0083,PROGRAMA NACIONAL DE SANEAMIENTO RURAL,2,PROYECTO,2328455,"MEJORAMIENTO, AMPLIACION DEL SERVICIO DE AGUA POTABLE Y SANEAMIENTO EN LA COMUNIDAD NATIVA BOLOGNESI, DISTRITO DE ANDOAS, PROVINCIA DE DATEM DEL MARAÑON, REGION LORETO",6000002,SUPERVISION Y LIQUIDACION DE OBRAS,16,LORETO,13,DONACIONES Y TRANSFERENCIAS,196732.0,65233.520000000004
2022,E,GOBIERNO NACIONAL,37,VIVIENDA CONSTRUCCION Y SANEAMIENTO,037,"MINISTERIO DE VIVIENDA, CONSTRUCCION Y SANEAMIENTO",1443,005,PROGRAMA NACIONAL DE SANEAMIENTO RURAL,15,LIMA,01,LIMA,22,MIRAFLORES,0083,PROGRAMA NACIONAL DE SANEAMIENTO RURAL,2,PROYECTO,2328454,"MEJORAMIENTO, AMPLIACION DEL SERVICIO DE AGUA POTABLE Y SANEAMIENTO EN LA COMUNIDAD NATIVA PUERTO ALEGRE, DISTRITO DE ANDOAS, PROVINCIA DEL DATEM DEL MARAÑON, REGION LORETO",6000002,SUPERVISION Y LIQUIDACION DE OBRAS,16,LORETO,13,DONACIONES Y TRANSFERENCIAS,188734.0,131157.41
2022,E,GOBIERNO NACIONAL,11,SALUD,011,M. DE SALUD,1655,125,PROGRAMA NACIONAL DE INVERSIONES EN SALUD,15,LIMA,01,LIMA,31,SAN ISIDRO,9002,ASIGNACIONES PRESUPUESTARIAS QUE NO RESULTAN EN PRODUCTOS,2,PROYECTO,2469195,"MEJORAMIENTO Y AMPLIACION DE LOS SERVICIOS DE SALUD DEL ESTABLECIMIENTO DE SALUD NUEVO ANDOAS, DISTRITO DE ANDOAS - PROVINCIA DE DATEM DEL MARAÑON - DEPARTAMENTO DE LORETO",4000014,MEJORAMIENTO DE CENTROS DE SALUD,16,LORETO,13,DONACIONES Y TRANSFERENCIAS,10504537.0,0.0
2022,E,GOBIERNO NACIONAL,11,SALUD,011,M. DE SALUD,1655,125,PROGRAMA NACIONAL DE INVERSIONES EN SALUD,15,LIMA,01,LIMA,31,SAN ISIDRO,9002,ASIGNACIONES PRESUPUESTARIAS QUE NO RESULTAN EN PRODUCTOS,2,PROYECTO,2479733,"CREACION DE LOS SERVICIOS DE SALUD DEL PRIMER NIVEL DE COMPLEJIDAD EN LA COMUNIDAD NATIVA DE LA PETROLERA, DISTRITO DE URARINAS - PROVINCIA DE LORETO - DEPARTAMENTO DE LORETO",6000016,GESTION Y ADMINISTRACION,16,LORETO,13,DONACIONES Y TRANSFERENCIAS,30000.0,3929.61
2022,E,GOBIERNO NACIONAL,37,VIVIENDA CONSTRUCCION Y SANEAMIENTO,037,"MINISTERIO DE VIVIENDA, CONSTRUCCION Y SANEAMIENTO",1443,005,PROGRAMA NACIONAL DE SANEAMIENTO RURAL,15,LIMA,01,LIMA,22,MIRAFLORES,0083,PROGRAMA NACIONAL DE SANEAMIENTO RURAL,2,PROYECTO,2307922,"AMPLIACION Y MEJORAMIENTO DEL SERVICIO DE AGUA POTABLE E INSTALACION DEL SANEAMIENTO DE LA LOCALIDAD DE LIBERTAD, DISTRITO DE TIGRE - LORETO - LORETO",4000181,"REHABILITACION, MEJORAMIENTO Y AMPLIACION DEL SISTEMA DE AGUA POTABLE Y DISPOSICION SANITARIA DE EXCRETA",16,LORETO,13,DONACIONES Y TRANSFERENCIAS,6163162.0,0.0
2022,E,GOBIERNO NACIONAL,37,VIVIENDA CONSTRUCCION Y SANEAMIENTO,037,"MINISTERIO DE VIVIENDA, CONSTRUCCION Y SANEAMIENTO",1443,005,PROGRAMA NACIONAL DE SANEAMIENTO RURAL,15,LIMA,01,LIMA,22,MIRAFLORES,0083,PROGRAMA NACIONAL DE SANEAMIENTO RURAL,2,PROYECTO,2400913,"INSTALACION DEL SERVICIO DE AGUA POTABLE Y SANEAMIENTO EN LA COMUNIDAD NATIVA DE MIGUEL GRAU, DISTRITO DE NAUTA, PROVINCIA DE LORETO - LORETO",6000002,SUPERVISION Y LIQUIDACION DE OBRAS,16,LORETO,13,DONACIONES Y TRANSFERENCIAS,101843.0,84055.06
2022,M,GOBIERNOS LOCALES, , , , ,300308,030506,MUNICIPALIDAD DISTRITAL DE CHALLHUAHUACHO,03,APURIMAC,05,COTABAMBA,06,CHALLHUAHUACHO,0083,PROGRAMA NACIONAL DE SANEAMIENTO RURAL,2,PROYECTO,2342171,"MEJORAMIENTO Y AMPLIACION SERVICIO DE AGUA POTABLE Y SANEAMIENTO RURAL EN LA COMUNIDAD DE MOLINOPATA, DISTRITO DE CHALLHUAHUACHO - COTABAMBAS - APURIMAC",4000053,MEJORAMIENTO DEL SISTEMA DE AGUA POTABLE,03,APURIMAC,13,DONACIONES Y TRANSFERENCIAS,1327245.0,1070376.09
2022,E,GOBIERNO NACIONAL,37,VIVIENDA CONSTRUCCION Y SANEAMIENTO,037,"MINISTERIO DE VIVIENDA, CONSTRUCCION Y SANEAMIENTO",1443,005,PROGRAMA NACIONAL DE SANEAMIENTO RURAL,15,LIMA,01,LIMA,22,MIRAFLORES,0083,PROGRAMA NACIONAL DE SANEAMIENTO RURAL,2,PROYECTO,2252832,"INSTALACION DE LOS SISTEMAS DE AGUA POTABLE Y SANEAMIENTO PARA EL CENTRO POBLADO DE AJACHIN, DISTRITO DE MANSERICHE - DATEM DEL MARANON - LORETO",6000016,GESTION Y ADMINISTRACION,16,LORETO,13,DONACIONES Y TRANSFERENCIAS,70122.0,57189.89
2022,E,GOBIERNO NACIONAL,11,SALUD,011,M. DE SALUD,1655,125,PROGRAMA NACIONAL DE INVERSIONES EN SALUD,15,LIMA,01,LIMA,31,SAN ISIDRO,9002,ASIGNACIONES PRESUPUESTARIAS QUE NO RESULTAN EN PRODUCTOS,2,PROYECTO,2521713,CREACION DE LOS SERVICIOS DE SALUD BASICOS EN LA COMUNIDAD NATIVA NUEVA ALIANZA DEL DISTRITO DE URARINAS - PROVINCIA DE LORETO - DEPARTAMENTO DE LORETO,6000002,SUPERVISION Y LIQUIDACION DE OBRAS,16,LORETO,13,DONACIONES Y TRANSFERENCIAS,510873.0,0.0
2022,M,GOBIERNOS LOCALES, , , , ,301819,250104,MUNICIPALIDAD DISTRITAL DE MASISEA,25,UCAYALI,01,CORONEL PORTILLO,04,MASISEA,0090,LOGROS DE APRENDIZAJE DE ESTUDIANTES DE LA EDUCACION BASICA REGULAR,2,PROYECTO,2458383,MEJORAMIENTO DEL SERVICIO DE EDUCACION PRIMARIA EN LA I.E. N° 65142 DEL CENTRO POBLADO NUEVO PROGRESO DEL DISTRITO DE MASISEA - PROVINCIA DE CORONEL PORTILLO - DEPARTAMENTO DE UCAYALI,4000036,MEJORAMIENTO DE INFRAESTRUCTURA DE EDUCACION PRIMARIA,25,UCAYALI,13,DONACIONES Y TRANSFERENCIAS,3423723.0,0.0
2022,E,GOBIERNO NACIONAL,37,VIVIENDA CONSTRUCCION Y SANEAMIENTO,037,"MINISTERIO DE VIVIENDA, CONSTRUCCION Y SANEAMIENTO",1443,005,PROGRAMA NACIONAL DE SANEAMIENTO RURAL,15,LIMA,01,LIMA,22,MIRAFLORES,0083,PROGRAMA NACIONAL DE SANEAMIENTO RURAL,2,PROYECTO,2400920,"INSTALACION DEL SERVICIO DE AGUA POTABLE Y SANEAMIENTO EN LA COMUNIDAD NATIVA DE SAN PEDRO I, DISTRITO DE NAUTA, PROVINCIA DE LORETO - LORETO",4000182,CONSTRUCCION DEL SISTEMA DE AGUA POTABLE Y DISPOSICION SANITARIA DE EXCRETA,16,LORETO,13,DONACIONES Y TRANSFERENCIAS,790488.0,790488.0
2022,M,GOBIERNOS LOCALES, , , , ,300735,080704,MUNICIPALIDAD DISTRITAL DE COLQUEMARCA,08,CUSCO,07,CHUMBIVILCAS,04,COLQUEMARCA,0138,"REDUCCION DEL COSTO, TIEMPO E INSEGURIDAD EN EL SISTEMA DE TRANSPORTE",2,PROYECTO,2468682,MEJORAMIENTO DEL CAMINO VECINAL DE LA COMUNIDAD DE HUARACCO HACIA LA LAGUNA CCACANSA DEL DISTRITO DE COLQUEMARCA - PROVINCIA DE CHUMBIVILCAS - DEPARTAMENTO DE CUSCO,6000001,EXPEDIENTE TECNICO,08,CUSCO,13,DONACIONES Y TRANSFERENCIAS,271504.0,217203.2
2022,M,GOBIERNOS LOCALES, , , , ,300735,080704,MUNICIPALIDAD DISTRITAL DE COLQUEMARCA,08,CUSCO,07,CHUMBIVILCAS,04,COLQUEMARCA,0083,PROGRAMA NACIONAL DE SANEAMIENTO RURAL,2,PROYECTO,2300687,"MEJORAMIENTO Y AMPLIACION DEL SISTEMA DE SERVICIO DE AGUA POTABLE, LETRINAS SANITARIAS CON ARRASTRE HIDRAULICO Y BIODIGESTOR EN EL SECTORES DE HUACCOTO, HUALLUANI, TOROMANYA Y CANTUTA EN LA COMUNIDAD DE HUACCOTO DEL DISTRITO DE COLQUEMARCA, PROVINCIA DE CHUMBIVILCAS - CUSCO",4000053,MEJORAMIENTO DEL SISTEMA DE AGUA POTABLE,08,CUSCO,13,DONACIONES Y TRANSFERENCIAS,4455749.0,2619079.47
2022,M,GOBIERNOS LOCALES, , , , ,300736,080705,MUNICIPALIDAD DISTRITAL DE LIVITACA,08,CUSCO,07,CHUMBIVILCAS,05,LIVITACA,0083,PROGRAMA NACIONAL DE SANEAMIENTO RURAL,2,PROYECTO,2459105,"MEJORAMIENTO Y AMPLIACION DE LOS SERVICIOS DE AGUA POTABLE Y DISPOSICION SANITARIA DE EXCRETAS EN LOS SECTORES MOYOPAMPA, LACCA LACCA Y ACCOPARA-CHUÑONOSA DE LA COMUNIDAD CAMPESINA DE CCOLLANA DISTRITO DE LIVITACA - PROVINCIA DE CHUMBIVILCAS - DEPARTAMENTO DE CUSCO",4000183,MEJORAMIENTO DEL SISTEMA DE AGUA POTABLE Y DISPOSICION SANITARIA DE EXCRETA,08,CUSCO,13,DONACIONES Y TRANSFERENCIAS,5116969.0,0.0
2022,M,GOBIERNOS LOCALES, , , , ,300736,080705,MUNICIPALIDAD DISTRITAL DE LIVITACA,08,CUSCO,07,CHUMBIVILCAS,05,LIVITACA,0083,PROGRAMA NACIONAL DE SANEAMIENTO RURAL,2,PROYECTO,2512020,"MEJORAMIENTO Y AMPLIACION DEL SERVICIO DE AGUA POTABLE Y SANEAMIENTO BASICO EN EL SECTOR DE AUSANTA DE LA COMUNIDAD DE AUCHO, DISTRITO DE LIVITACA - PROVINCIA DE CHUMBIVILCAS - DEPARTAMENTO DE CUSCO",4000183,MEJORAMIENTO DEL SISTEMA DE AGUA POTABLE Y DISPOSICION SANITARIA DE EXCRETA,08,CUSCO,13,DONACIONES Y TRANSFERENCIAS,9499739.0,0.0
2022,M,GOBIERNOS LOCALES, , , , ,300738,080707,MUNICIPALIDAD DISTRITAL DE QUIÑOTA,08,CUSCO,07,CHUMBIVILCAS,07,QUINOTA,0083,PROGRAMA NACIONAL DE SANEAMIENTO RURAL,2,PROYECTO,2344820,"AMPLIACION Y MEJORAMIENTO DEL SISTEMA DE SANEAMIENTO BASICO INTEGRAL EN LOS ANEXOS DE CHILLAPUJRO, SACHAYOQHUAYCCO,QUELLWAPAMPA,QUINSANIA Y CHALANSILLO DE LA COMUNIDAD CAMPESINA DE PUMALLACTA DEL DISTRITO DE QUIÑOTA, PROVINCIA DE CHUMBIVILCAS - CUSCO",4000053,MEJORAMIENTO DEL SISTEMA DE AGUA POTABLE,08,CUSCO,13,DONACIONES Y TRANSFERENCIAS,6462890.0,2179921.6799999997
2022,M,GOBIERNOS LOCALES, , , , ,300040,010401,MUNICIPALIDAD PROVINCIAL DE CONDORCANQUI - NIEVA,01,AMAZONAS,04,CONDORCANQUI,01,NIEVA,0083,PROGRAMA NACIONAL DE SANEAMIENTO RURAL,2,PROYECTO,2467083,"CREACION DEL SISTEMA DE AGUA POTABLE Y SANEAMIENTO BASICO RURAL EN LA CC.NN. PUJUPAT, DISTRITO DE NIEVA - PROVINCIA DE CONDORCANQUI - DEPARTAMENTO DE AMAZONAS",4000041,INSTALACION DE SISTEMA DE AGUA POTABLE,01,AMAZONAS,13,DONACIONES Y TRANSFERENCIAS,1809710.0,0.0
2022,E,GOBIERNO NACIONAL,37,VIVIENDA CONSTRUCCION Y SANEAMIENTO,037,"MINISTERIO DE VIVIENDA, CONSTRUCCION Y SANEAMIENTO",1443,005,PROGRAMA NACIONAL DE SANEAMIENTO RURAL,15,LIMA,01,LIMA,22,MIRAFLORES,0083,PROGRAMA NACIONAL DE SANEAMIENTO RURAL,2,PROYECTO,2400908,"INSTALACION DEL SERVICIO DE AGUA POTABLE Y SANEAMIENTO EN EL CENTRO POBLADO DE SANTA CRUZ, DISTRITO DE NAUTA, PROVINCIA DE LORETO - LORETO",4000182,CONSTRUCCION DEL SISTEMA DE AGUA POTABLE Y DISPOSICION SANITARIA DE EXCRETA,16,LORETO,13,DONACIONES Y TRANSFERENCIAS,1671180.0,1475841.99
2022,E,GOBIERNO NACIONAL,37,VIVIENDA CONSTRUCCION Y SANEAMIENTO,037,"MINISTERIO DE VIVIENDA, CONSTRUCCION Y SANEAMIENTO",1443,005,PROGRAMA NACIONAL DE SANEAMIENTO RURAL,15,LIMA,01,LIMA,22,MIRAFLORES,0083,PROGRAMA NACIONAL DE SANEAMIENTO RURAL,2,PROYECTO,2330643,"MEJORAMIENTO Y AMPLIACION DEL SERVICIO DE AGUA POTABLE Y SANEAMIENTO EN LA CC.NN MARSELLA DISTRITO DE EL TIGRE, PROVINCIA DE LORETO, REGION DE LORETO",6000016,GESTION Y ADMINISTRACION,16,LORETO,13,DONACIONES Y TRANSFERENCIAS,105991.0,10322.51
2022,E,GOBIERNO NACIONAL,37,VIVIENDA CONSTRUCCION Y SANEAMIENTO,037,"MINISTERIO DE VIVIENDA, CONSTRUCCION Y SANEAMIENTO",1443,005,PROGRAMA NACIONAL DE SANEAMIENTO RURAL,15,LIMA,01,LIMA,22,MIRAFLORES,0083,PROGRAMA NACIONAL DE SANEAMIENTO RURAL,2,PROYECTO,2252832,"INSTALACION DE LOS SISTEMAS DE AGUA POTABLE Y SANEAMIENTO PARA EL CENTRO POBLADO DE AJACHIN, DISTRITO DE MANSERICHE - DATEM DEL MARANON - LORETO",4000182,CONSTRUCCION DEL SISTEMA DE AGUA POTABLE Y DISPOSICION SANITARIA DE EXCRETA,16,LORETO,13,DONACIONES Y TRANSFERENCIAS,4749634.0,4741393.8
2022,E,GOBIERNO NACIONAL,37,VIVIENDA CONSTRUCCION Y SANEAMIENTO,037,"MINISTERIO DE VIVIENDA, CONSTRUCCION Y SANEAMIENTO",1443,005,PROGRAMA NACIONAL DE SANEAMIENTO RURAL,15,LIMA,01,LIMA,22,MIRAFLORES,0083,PROGRAMA NACIONAL DE SANEAMIENTO RURAL,2,PROYECTO,2328454,"MEJORAMIENTO, AMPLIACION DEL SERVICIO DE AGUA POTABLE Y SANEAMIENTO EN LA COMUNIDAD NATIVA PUERTO ALEGRE, DISTRITO DE ANDOAS, PROVINCIA DEL DATEM DEL MARAÑON, REGION LORETO",4000181,"REHABILITACION, MEJORAMIENTO Y AMPLIACION DEL SISTEMA DE AGUA POTABLE Y DISPOSICION SANITARIA DE EXCRETA",16,LORETO,13,DONACIONES Y TRANSFERENCIAS,2198876.0,652424.64
2022,E,GOBIERNO NACIONAL,37,VIVIENDA CONSTRUCCION Y SANEAMIENTO,037,"MINISTERIO DE VIVIENDA, CONSTRUCCION Y SANEAMIENTO",1443,005,PROGRAMA NACIONAL DE SANEAMIENTO RURAL,15,LIMA,01,LIMA,22,MIRAFLORES,0083,PROGRAMA NACIONAL DE SANEAMIENTO RURAL,2,PROYECTO,2484744,"MEJORAMIENTO Y AMPLIACION DEL SISTEMA DE AGUA POTABLE Y SANEAMIENTO EN LOSSECTORES DE TANDARCOCHA, MOLLEBAMBA, AYLLUPACHICTE, CARHUACALLA, PUMATAMBO,CCOYPA, AYUSBAMBA, HUILLKAQUI, CCOLQUEUCRO, MISKABAMBA, HUAROBAMBA, PIRCCA,NAYHUA, URBIS Y KARUSPAMPA DEL DISTRITO DE PACCARITAMBO - PROVINCIA DE PARURO - DEPARTAMENTO DE CUSCO",6000001,EXPEDIENTE TECNICO,08,CUSCO,13,DONACIONES Y TRANSFERENCIAS,513182.0,327655.17
2022,E,GOBIERNO NACIONAL,11,SALUD,011,M. DE SALUD,1655,125,PROGRAMA NACIONAL DE INVERSIONES EN SALUD,15,LIMA,01,LIMA,31,SAN ISIDRO,9002,ASIGNACIONES PRESUPUESTARIAS QUE NO RESULTAN EN PRODUCTOS,2,PROYECTO,2474925,"MEJORAMIENTO Y AMPLIACION DE LOS SERVICIOS DE SALUD DEL ESTABLECIMIENTO DE SALUD 12 DE OCTUBRE, LOCALIDAD 12 DE OCTUBRE DEL DISTRITO DE TIGRE - PROVINCIA DE LORETO - DEPARTAMENTO DE LORETO",6000001,EXPEDIENTE TECNICO,16,LORETO,13,DONACIONES Y TRANSFERENCIAS,372445.0,368530.28
2022,E,GOBIERNO NACIONAL,37,VIVIENDA CONSTRUCCION Y SANEAMIENTO,037,"MINISTERIO DE VIVIENDA, CONSTRUCCION Y SANEAMIENTO",1443,005,PROGRAMA NACIONAL DE SANEAMIENTO RURAL,15,LIMA,01,LIMA,22,MIRAFLORES,0083,PROGRAMA NACIONAL DE SANEAMIENTO RURAL,2,PROYECTO,2400940,"INSTALACION DEL SERVICIO DE AGUA POTABLE Y SANEAMIENTO EN EL CENTRO POBLADO DE SANTA EMILIA, DISTRITO DE NAUTA, PROVINCIA DE LORETO - LORETO",4000182,CONSTRUCCION DEL SISTEMA DE AGUA POTABLE Y DISPOSICION SANITARIA DE EXCRETA,16,LORETO,13,DONACIONES Y TRANSFERENCIAS,510056.0,510056.0
2022,E,GOBIERNO NACIONAL,37,VIVIENDA CONSTRUCCION Y SANEAMIENTO,037,"MINISTERIO DE VIVIENDA, CONSTRUCCION Y SANEAMIENTO",1443,005,PROGRAMA NACIONAL DE SANEAMIENTO RURAL,15,LIMA,01,LIMA,22,MIRAFLORES,0083,PROGRAMA NACIONAL DE SANEAMIENTO RURAL,2,PROYECTO,2275299,"MEJORAMIENTO Y AMPLIACION DEL SERVICIO DE AGUA POTABLE E INSTALACION DE SANEAMIENTO BASICO EN EL CENTRO POBLADO DE PALCA, DISTRITO DE OLLACHEA, DEPARTAMENTO DE PUNO",6000039,EDUCACION SANITARIA Y GESTION DE LOS SERVICIOS DE SANEAMIENTO,21,PUNO,13,DONACIONES Y TRANSFERENCIAS,80303.0,30000.0
2022,E,GOBIERNO NACIONAL,37,VIVIENDA CONSTRUCCION Y SANEAMIENTO,037,"MINISTERIO DE VIVIENDA, CONSTRUCCION Y SANEAMIENTO",1443,005,PROGRAMA NACIONAL DE SANEAMIENTO RURAL,15,LIMA,01,LIMA,22,MIRAFLORES,0083,PROGRAMA NACIONAL DE SANEAMIENTO RURAL,2,PROYECTO,2400943,"INSTALACION DEL SERVICIO DE AGUA POTABLE Y SANEAMIENTO EN EL CENTRO POBLADO DE NUEVO SAN MARTIN, DISTRITO DE NAUTA, PROVINCIA DE LORETO - LORETO",4000182,CONSTRUCCION DEL SISTEMA DE AGUA POTABLE Y DISPOSICION SANITARIA DE EXCRETA,16,LORETO,13,DONACIONES Y TRANSFERENCIAS,646186.0,534842.91
2022,E,GOBIERNO NACIONAL,37,VIVIENDA CONSTRUCCION Y SANEAMIENTO,037,"MINISTERIO DE VIVIENDA, CONSTRUCCION Y SANEAMIENTO",1443,005,PROGRAMA NACIONAL DE SANEAMIENTO RURAL,15,LIMA,01,LIMA,22,MIRAFLORES,0083,PROGRAMA NACIONAL DE SANEAMIENTO RURAL,2,PROYECTO,2400910,"INSTALACION DEL SERVICIO DE AGUA POTABLE Y SANEAMIENTO EN LA COMUNIDAD NATIVA DE HIPOLITO UNANUE, DISTRITO DE NAUTA, PROVINCIA DE LORETO - LORETO",4000182,CONSTRUCCION DEL SISTEMA DE AGUA POTABLE Y DISPOSICION SANITARIA DE EXCRETA,16,LORETO,13,DONACIONES Y TRANSFERENCIAS,1652027.0,1652026.9999999998
2022,M,GOBIERNOS LOCALES, , , , ,301819,250104,MUNICIPALIDAD DISTRITAL DE MASISEA,25,UCAYALI,01,CORONEL PORTILLO,04,MASISEA,0090,LOGROS DE APRENDIZAJE DE ESTUDIANTES DE LA EDUCACION BASICA REGULAR,2,PROYECTO,2492253,"MEJORAMIENTO DEL SERVICIO EDUCATIVO DEL NIVEL PRIMARIA DE LA I.E. N° 64154-B EN LA CC.NN DE VISTA ALEGRE, DISTRITO DE MASISEA - PROVINCIA DE CORONEL PORTILLO - DEPARTAMENTO DE UCAYALI",4000036,MEJORAMIENTO DE INFRAESTRUCTURA DE EDUCACION PRIMARIA,25,UCAYALI,13,DONACIONES Y TRANSFERENCIAS,4439859.0,0.0
2022,E,GOBIERNO NACIONAL,11,SALUD,011,M. DE SALUD,1655,125,PROGRAMA NACIONAL DE INVERSIONES EN SALUD,15,LIMA,01,LIMA,31,SAN ISIDRO,9002,ASIGNACIONES PRESUPUESTARIAS QUE NO RESULTAN EN PRODUCTOS,2,PROYECTO,2479930,CREACION DE LOS SERVICIOS DE SALUD DEL PRIMER NIVEL DE COMPLEJIDAD EN LA COMUNIDAD NATIVA ANTIOQUIA DEL DISTRITO DE TROMPETEROS - PROVINCIA DE LORETO - DEPARTAMENTO DE LORETO,6000016,GESTION Y ADMINISTRACION,16,LORETO,13,DONACIONES Y TRANSFERENCIAS,45864.0,9579.66
2022,E,GOBIERNO NACIONAL,37,VIVIENDA CONSTRUCCION Y SANEAMIENTO,037,"MINISTERIO DE VIVIENDA, CONSTRUCCION Y SANEAMIENTO",1443,005,PROGRAMA NACIONAL DE SANEAMIENTO RURAL,15,LIMA,01,LIMA,22,MIRAFLORES,0083,PROGRAMA NACIONAL DE SANEAMIENTO RURAL,2,PROYECTO,2330637,"MEJORAMIENTO Y AMPLIACION DEL SERVICIO DE AGUA POTABLE Y SANEAMIENTO EN LA CC.NN PAICHE PLAYA DISTRITO DE EL TIGRE, PROVINCIA DE LORETO, REGION DE LORETO",6000039,EDUCACION SANITARIA Y GESTION DE LOS SERVICIOS DE SANEAMIENTO,16,LORETO,13,DONACIONES Y TRANSFERENCIAS,147667.0,27370.0
2022,E,GOBIERNO NACIONAL,37,VIVIENDA CONSTRUCCION Y SANEAMIENTO,037,"MINISTERIO DE VIVIENDA, CONSTRUCCION Y SANEAMIENTO",1443,005,PROGRAMA NACIONAL DE SANEAMIENTO RURAL,15,LIMA,01,LIMA,22,MIRAFLORES,0083,PROGRAMA NACIONAL DE SANEAMIENTO RURAL,2,PROYECTO,2235560,"INSTALACION DE LOS SISTEMAS DE AGUA POTABLE Y SANEAMIENTO PARA EL CENTRO POBLADO DE PUERTO ELISA, DISTRITO DE MANSERICHE - DATEM DEL MARANON - LORETO",6000001,EXPEDIENTE TECNICO,16,LORETO,13,DONACIONES Y TRANSFERENCIAS,184742.0,184741.44
2022,E,GOBIERNO NACIONAL,37,VIVIENDA CONSTRUCCION Y SANEAMIENTO,037,"MINISTERIO DE VIVIENDA, CONSTRUCCION Y SANEAMIENTO",1443,005,PROGRAMA NACIONAL DE SANEAMIENTO RURAL,15,LIMA,01,LIMA,22,MIRAFLORES,0083,PROGRAMA NACIONAL DE SANEAMIENTO RURAL,2,PROYECTO,2400914,"INSTALACION DEL SERVICIO DE AGUA POTABLE Y SANEAMIENTO EN LA COMUNIDAD NATIVA DE PAYOROTE, DISTRITO DE NAUTA, PROVINCIA DE LORETO - LORETO",4000182,CONSTRUCCION DEL SISTEMA DE AGUA POTABLE Y DISPOSICION SANITARIA DE EXCRETA,16,LORETO,13,DONACIONES Y TRANSFERENCIAS,72999.0,72998.90000000001
2022,E,GOBIERNO NACIONAL,37,VIVIENDA CONSTRUCCION Y SANEAMIENTO,037,"MINISTERIO DE VIVIENDA, CONSTRUCCION Y SANEAMIENTO",1443,005,PROGRAMA NACIONAL DE SANEAMIENTO RURAL,15,LIMA,01,LIMA,22,MIRAFLORES,0083,PROGRAMA NACIONAL DE SANEAMIENTO RURAL,2,PROYECTO,2400902,"INSTALACION DEL SERVICIO DE AGUA POTABLE Y SANEAMIENTO EN LA COMUNIDAD NATIVA DE 1 DE MAYO, DISTRITO DE NAUTA, PROVINCIA DE LORETO - LORETO",6000002,SUPERVISION Y LIQUIDACION DE OBRAS,16,LORETO,13,DONACIONES Y TRANSFERENCIAS,14962.0,14962.0
2022,M,GOBIERNOS LOCALES, , , , ,300308,030506,MUNICIPALIDAD DISTRITAL DE CHALLHUAHUACHO,03,APURIMAC,05,COTABAMBA,06,CHALLHUAHUACHO,0083,PROGRAMA NACIONAL DE SANEAMIENTO RURAL,2,PROYECTO,2342222,"MEJORAMIENTO Y AMPLIACION DEL SERVICIO DE AGUA POTABLE Y SANEAMIENTO RURAL EN LA COMUNIDAD DE LLAQTANI, DISTRITO DE CHALLHUAHUACHO - COTABAMBAS - APURIMAC",6000002,SUPERVISION Y LIQUIDACION DE OBRAS,03,APURIMAC,13,DONACIONES Y TRANSFERENCIAS,110983.0,55402.66
2022,M,GOBIERNOS LOCALES, , , , ,301428,160107,MUNICIPALIDAD DISTRITAL DE NAPO,16,LORETO,01,MAYNAS,07,NAPO,0083,PROGRAMA NACIONAL DE SANEAMIENTO RURAL,2,PROYECTO,2404476,CREACION E INSTALACION DEL SISTEMA DE AGUA POTABLE Y SANEAMIENTO DEL CENTRO POBLADO DE HUITOTOS DE NEGRO URCO - DISTRITO DE NAPO - PROVINCIA DE MAYNAS - REGION LORETO,4000041,INSTALACION DE SISTEMA DE AGUA POTABLE,16,LORETO,13,DONACIONES Y TRANSFERENCIAS,6950860.0,0.0
2022,E,GOBIERNO NACIONAL,37,VIVIENDA CONSTRUCCION Y SANEAMIENTO,037,"MINISTERIO DE VIVIENDA, CONSTRUCCION Y SANEAMIENTO",1443,005,PROGRAMA NACIONAL DE SANEAMIENTO RURAL,15,LIMA,01,LIMA,22,MIRAFLORES,0083,PROGRAMA NACIONAL DE SANEAMIENTO RURAL,2,PROYECTO,2332507,"MEJORAMIENTO Y AMPLIACION DEL SERVICIO DE AGUA POTABLE Y SANEAMIENTO EN LA CC.NN BELEN DISTRITO DE TROMPETEROS, PROVINCIA DE LORETO, REGION DE LORETO.",6000002,SUPERVISION Y LIQUIDACION DE OBRAS,16,LORETO,13,DONACIONES Y TRANSFERENCIAS,142131.0,42891.9
2022,E,GOBIERNO NACIONAL,37,VIVIENDA CONSTRUCCION Y SANEAMIENTO,037,"MINISTERIO DE VIVIENDA, CONSTRUCCION Y SANEAMIENTO",1443,005,PROGRAMA NACIONAL DE SANEAMIENTO RURAL,15,LIMA,01,LIMA,22,MIRAFLORES,0083,PROGRAMA NACIONAL DE SANEAMIENTO RURAL,2,PROYECTO,2400905,"INSTALACION DEL SERVICIO DE AGUA POTABLE Y SANEAMIENTO EN EL CENTRO POBLADO DE 1 DE FEBRERO, DISTRITO DE NAUTA, PROVINCIA DE LORETO - LORETO",4000182,CONSTRUCCION DEL SISTEMA DE AGUA POTABLE Y DISPOSICION SANITARIA DE EXCRETA,16,LORETO,13,DONACIONES Y TRANSFERENCIAS,3857123.0,2578154.38
2022,E,GOBIERNO NACIONAL,13,AGRARIO Y DE RIEGO,013,M. DE DESARROLLO AGRARIO Y RIEGO,1296,011,PROGRAMA DE DESARROLLO PRODUCTIVO AGRARIO RURAL - AGRORURAL,15,LIMA,01,LIMA,13,JESUS MARIA,0042,APROVECHAMIENTO DE LOS RECURSOS HIDRICOS PARA USO AGRARIO,2,PROYECTO,2316039,"MEJORAMIENTO DEL SERVICIO DE AGUA DEL SISTEMA DE RIEGO DE LA MICROCUENCA TACCACCA EN LAS COMUNIDADES DE HUAYHUAHUASI, OQUEBAMBA Y TOTORA ALTA, DISTRITO DE COPORAQUE, PROVINCIA DE ESPINAR, REGION CUSCO",4000101,INSTALACION DE LINEA DE CONDUCCION DE SISTEMAS DE RIEGO,08,CUSCO,13,DONACIONES Y TRANSFERENCIAS,4861688.0,3086425.37
2022,E,GOBIERNO NACIONAL,37,VIVIENDA CONSTRUCCION Y SANEAMIENTO,037,"MINISTERIO DE VIVIENDA, CONSTRUCCION Y SANEAMIENTO",1443,005,PROGRAMA NACIONAL DE SANEAMIENTO RURAL,15,LIMA,01,LIMA,22,MIRAFLORES,0083,PROGRAMA NACIONAL DE SANEAMIENTO RURAL,2,PROYECTO,2474937,MEJORAMIENTO Y AMPLIACION DEL SISTEMA DE AGUA POTABLE Y DISPOSICION DE EXCRETAS EN LA LOCALIDAD DE AHUICHANTA DEL DISTRITO DE COLQUEMARCA - PROVINCIA DE CHUMBIVILCAS - DEPARTAMENTO DE CUSCO,6000001,EXPEDIENTE TECNICO,08,CUSCO,13,DONACIONES Y TRANSFERENCIAS,323175.0,288677.15
2022,E,GOBIERNO NACIONAL,37,VIVIENDA CONSTRUCCION Y SANEAMIENTO,037,"MINISTERIO DE VIVIENDA, CONSTRUCCION Y SANEAMIENTO",1443,005,PROGRAMA NACIONAL DE SANEAMIENTO RURAL,15,LIMA,01,LIMA,22,MIRAFLORES,0083,PROGRAMA NACIONAL DE SANEAMIENTO RURAL,2,PROYECTO,2330637,"MEJORAMIENTO Y AMPLIACION DEL SERVICIO DE AGUA POTABLE Y SANEAMIENTO EN LA CC.NN PAICHE PLAYA DISTRITO DE EL TIGRE, PROVINCIA DE LORETO, REGION DE LORETO",6000002,SUPERVISION Y LIQUIDACION DE OBRAS,16,LORETO,13,DONACIONES Y TRANSFERENCIAS,120075.0,103573.59
2022,E,GOBIERNO NACIONAL,37,VIVIENDA CONSTRUCCION Y SANEAMIENTO,037,"MINISTERIO DE VIVIENDA, CONSTRUCCION Y SANEAMIENTO",1443,005,PROGRAMA NACIONAL DE SANEAMIENTO RURAL,15,LIMA,01,LIMA,22,MIRAFLORES,0083,PROGRAMA NACIONAL DE SANEAMIENTO RURAL,2,PROYECTO,2307922,"AMPLIACION Y MEJORAMIENTO DEL SERVICIO DE AGUA POTABLE E INSTALACION DEL SANEAMIENTO DE LA LOCALIDAD DE LIBERTAD, DISTRITO DE TIGRE - LORETO - LORETO",6000002,SUPERVISION Y LIQUIDACION DE OBRAS,16,LORETO,13,DONACIONES Y TRANSFERENCIAS,370603.0,0.0
2022,E,GOBIERNO NACIONAL,37,VIVIENDA CONSTRUCCION Y SANEAMIENTO,037,"MINISTERIO DE VIVIENDA, CONSTRUCCION Y SANEAMIENTO",1443,005,PROGRAMA NACIONAL DE SANEAMIENTO RURAL,15,LIMA,01,LIMA,22,MIRAFLORES,0083,PROGRAMA NACIONAL DE SANEAMIENTO RURAL,2,PROYECTO,2328479,"MEJORAMIENTO, AMPLIACION DEL SERVICIO DE AGUA POTABLE Y SANEAMIENTO EN LA COMUNIDAD NATIVA SABALOYACU, DISTRITO DE ANDOAS, PROVINCIA DEL DATEM DEL MARAÑON, REGION LORETO",6000002,SUPERVISION Y LIQUIDACION DE OBRAS,16,LORETO,13,DONACIONES Y TRANSFERENCIAS,208819.0,121643.14
2022,E,GOBIERNO NACIONAL,11,SALUD,011,M. DE SALUD,1655,125,PROGRAMA NACIONAL DE INVERSIONES EN SALUD,15,LIMA,01,LIMA,31,SAN ISIDRO,9002,ASIGNACIONES PRESUPUESTARIAS QUE NO RESULTAN EN PRODUCTOS,2,PROYECTO,2474925,"MEJORAMIENTO Y AMPLIACION DE LOS SERVICIOS DE SALUD DEL ESTABLECIMIENTO DE SALUD 12 DE OCTUBRE, LOCALIDAD 12 DE OCTUBRE DEL DISTRITO DE TIGRE - PROVINCIA DE LORETO - DEPARTAMENTO DE LORETO",6000016,GESTION Y ADMINISTRACION,16,LORETO,13,DONACIONES Y TRANSFERENCIAS,8000.0,7320.0
2022,E,GOBIERNO NACIONAL,37,VIVIENDA CONSTRUCCION Y SANEAMIENTO,037,"MINISTERIO DE VIVIENDA, CONSTRUCCION Y SANEAMIENTO",1443,005,PROGRAMA NACIONAL DE SANEAMIENTO RURAL,15,LIMA,01,LIMA,22,MIRAFLORES,0083,PROGRAMA NACIONAL DE SANEAMIENTO RURAL,2,PROYECTO,2328454,"MEJORAMIENTO, AMPLIACION DEL SERVICIO DE AGUA POTABLE Y SANEAMIENTO EN LA COMUNIDAD NATIVA PUERTO ALEGRE, DISTRITO DE ANDOAS, PROVINCIA DEL DATEM DEL MARAÑON, REGION LORETO",6000039,EDUCACION SANITARIA Y GESTION DE LOS SERVICIOS DE SANEAMIENTO,16,LORETO,13,DONACIONES Y TRANSFERENCIAS,116120.0,25460.0
2022,E,GOBIERNO NACIONAL,11,SALUD,011,M. DE SALUD,1655,125,PROGRAMA NACIONAL DE INVERSIONES EN SALUD,15,LIMA,01,LIMA,31,SAN ISIDRO,9002,ASIGNACIONES PRESUPUESTARIAS QUE NO RESULTAN EN PRODUCTOS,2,PROYECTO,2475435,MEJORAMIENTO Y AMPLIACION DE LOS SERVICIOS DE SALUD DEL ESTABLECIMIENTO DE SALUD ALIANZA CRISTIANA DEL DISTRITO DE ANDOAS - PROVINCIA DE DATEM DEL MARAÑON - DEPARTAMENTO DE LORETO,6000016,GESTION Y ADMINISTRACION,16,LORETO,13,DONACIONES Y TRANSFERENCIAS,9000.0,0.0
2022,M,GOBIERNOS LOCALES, , , , ,300734,080703,MUNICIPALIDAD DISTRITAL DE CHAMACA,08,CUSCO,07,CHUMBIVILCAS,03,CHAMACA,0138,"REDUCCION DEL COSTO, TIEMPO E INSEGURIDAD EN EL SISTEMA DE TRANSPORTE",2,PROYECTO,2470712,MEJORAMIENTO DEL CAMINO VECINAL CU 1563 (CHAMACA - ALCCAYHUARMI) DEL DISTRITO DE CHAMACA - PROVINCIA DE CHUMBIVILCAS - DEPARTAMENTO DE CUSCO,4000079,MEJORAMIENTO DE CAMINO VECINAL,08,CUSCO,13,DONACIONES Y TRANSFERENCIAS,322830.0,133974.45
2022,E,GOBIERNO NACIONAL,11,SALUD,011,M. DE SALUD,1655,125,PROGRAMA NACIONAL DE INVERSIONES EN SALUD,15,LIMA,01,LIMA,31,SAN ISIDRO,9002,ASIGNACIONES PRESUPUESTARIAS QUE NO RESULTAN EN PRODUCTOS,2,PROYECTO,2469195,"MEJORAMIENTO Y AMPLIACION DE LOS SERVICIOS DE SALUD DEL ESTABLECIMIENTO DE SALUD NUEVO ANDOAS, DISTRITO DE ANDOAS - PROVINCIA DE DATEM DEL MARAÑON - DEPARTAMENTO DE LORETO",6000017,ADQUISICION DE EQUIPOS MEDICOS,16,LORETO,13,DONACIONES Y TRANSFERENCIAS,936315.0,0.0
2022,M,GOBIERNOS LOCALES, , , , ,300308,030506,MUNICIPALIDAD DISTRITAL DE CHALLHUAHUACHO,03,APURIMAC,05,COTABAMBA,06,CHALLHUAHUACHO,0083,PROGRAMA NACIONAL DE SANEAMIENTO RURAL,2,PROYECTO,2342222,"MEJORAMIENTO Y AMPLIACION DEL SERVICIO DE AGUA POTABLE Y SANEAMIENTO RURAL EN LA COMUNIDAD DE LLAQTANI, DISTRITO DE CHALLHUAHUACHO - COTABAMBAS - APURIMAC",4000053,MEJORAMIENTO DEL SISTEMA DE AGUA POTABLE,03,APURIMAC,13,DONACIONES Y TRANSFERENCIAS,1669539.0,1064796.8199999998
2022,E,GOBIERNO NACIONAL,37,VIVIENDA CONSTRUCCION Y SANEAMIENTO,037,"MINISTERIO DE VIVIENDA, CONSTRUCCION Y SANEAMIENTO",1443,005,PROGRAMA NACIONAL DE SANEAMIENTO RURAL,15,LIMA,01,LIMA,22,MIRAFLORES,0083,PROGRAMA NACIONAL DE SANEAMIENTO RURAL,2,PROYECTO,2400929,"INSTALACION DEL SERVICIO DE AGUA POTABLE Y SANEAMIENTO EN EL CENTRO POBLADO DE BAGAZAN, DISTRITO DE NAUTA, PROVINCIA DE LORETO - LORETO",6000039,EDUCACION SANITARIA Y GESTION DE LOS SERVICIOS DE SANEAMIENTO,16,LORETO,13,DONACIONES Y TRANSFERENCIAS,30000.0,30000.0
2022,E,GOBIERNO NACIONAL,37,VIVIENDA CONSTRUCCION Y SANEAMIENTO,037,"MINISTERIO DE VIVIENDA, CONSTRUCCION Y SANEAMIENTO",1443,005,PROGRAMA NACIONAL DE SANEAMIENTO RURAL,15,LIMA,01,LIMA,22,MIRAFLORES,0083,PROGRAMA NACIONAL DE SANEAMIENTO RURAL,2,PROYECTO,2328473,"MEJORAMIENTO, AMPLIACION DEL SERVICIO DE AGUA POTABLE Y SANEAMIENTO EN LA COMUNIDAD NATIVA ALIANZA TOPAL, DISTRITO DE ANDOAS, PROVINCIA DE DATEM DEL MARAÑON, REGION LORETO",6000039,EDUCACION SANITARIA Y GESTION DE LOS SERVICIOS DE SANEAMIENTO,16,LORETO,13,DONACIONES Y TRANSFERENCIAS,142973.0,34650.0
2022,M,GOBIERNOS LOCALES, , , , ,300734,080703,MUNICIPALIDAD DISTRITAL DE CHAMACA,08,CUSCO,07,CHUMBIVILCAS,03,CHAMACA,0090,LOGROS DE APRENDIZAJE DE ESTUDIANTES DE LA EDUCACION BASICA REGULAR,2,PROYECTO,2433908,MEJORAMIENTO Y AMPLIACION SERVICIOS EDUCATIVOS DE LA IE N°56264 UCHUCCARCCO ALTO DEL DISTRITO DE CHAMACA - PROVINCIA DE CHUMBIVILCAS - DEPARTAMENTO DE CUSCO,4000018,INSTALACION DE INFRAESTRUCTURA DE EDUCACION PRIMARIA,08,CUSCO,13,DONACIONES Y TRANSFERENCIAS,71129.0,0.0
2022,M,GOBIERNOS LOCALES, , , , ,301464,160511,MUNICIPALIDAD DISTRITAL DE YAQUERANA,16,LORETO,05,REQUENA,11,YAQUERANA,0090,LOGROS DE APRENDIZAJE DE ESTUDIANTES DE LA EDUCACION BASICA REGULAR,2,PROYECTO,2214208,"MEJORAMIENTO DEL SERVICIO DE EDUCACION INICIAL EN LA IEI N 882 DE LA COMUNIDAD NATIVA BUENAS LOMAS NUEVA, DISTRITO DE YAQUERANA - REQUENA - LORETO",4000017,INSTALACION DE INFRAESTRUCTURA DE EDUCACION INICIAL,16,LORETO,13,DONACIONES Y TRANSFERENCIAS,1153928.0,0.0
2022,M,GOBIERNOS LOCALES, , , , ,300734,080703,MUNICIPALIDAD DISTRITAL DE CHAMACA,08,CUSCO,07,CHUMBIVILCAS,03,CHAMACA,0083,PROGRAMA NACIONAL DE SANEAMIENTO RURAL,2,PROYECTO,2488687,"MEJORAMIENTO Y AMPLIACION DEL SISTEMA DE SANEAMIENTO BASICO EN LOS SECTORES DE KERAKERA, AYANI, FUNDICION, TARUCATINCUC, JORNADA, KIVIO, HUALLATACCOTA, WINCHO, CHALLUMA Y HUAYLLAYOC DE LA C.C. DE UCHUCCARCCO DEL DISTRITO DE CHAMACA - PROVINCIA DE CHUMBIVILCAS - DEPARTAMENTO DE CUSCO",4000198,"REHABILITACION, MEJORAMIENTO Y AMPLIACION DE SISTEMA DE AGUA POTABLE Y ALCANTARILLADO",08,CUSCO,13,DONACIONES Y TRANSFERENCIAS,198588.0,0.0
2022,E,GOBIERNO NACIONAL,37,VIVIENDA CONSTRUCCION Y SANEAMIENTO,037,"MINISTERIO DE VIVIENDA, CONSTRUCCION Y SANEAMIENTO",1443,005,PROGRAMA NACIONAL DE SANEAMIENTO RURAL,15,LIMA,01,LIMA,22,MIRAFLORES,0083,PROGRAMA NACIONAL DE SANEAMIENTO RURAL,2,PROYECTO,2330634,"MEJORAMIENTO Y AMPLIACION DEL SERVICIO DE AGUA POTABLE Y SANEAMIENTO EN LA CC.NN SAN JUAN DE BARTRA DISTRITO DE EL TIGRE, PROVINCIA DE LORETO, REGION DE LORETO.",6000002,SUPERVISION Y LIQUIDACION DE OBRAS,16,LORETO,13,DONACIONES Y TRANSFERENCIAS,166043.0,94262.04000000001
2022,M,GOBIERNOS LOCALES, , , , ,300735,080704,MUNICIPALIDAD DISTRITAL DE COLQUEMARCA,08,CUSCO,07,CHUMBIVILCAS,04,COLQUEMARCA,0083,PROGRAMA NACIONAL DE SANEAMIENTO RURAL,2,PROYECTO,2488698,MEJORAMIENTO Y AMPLIACION DEL SERVICIO DE AGUA POTABLE Y SANEAMIENTO BASICO EN EL ANEXO DE CHOCCOYO DE LA COMUNIDAD IDIOPA - ÑAUPA JAPO - URINSAYA DEL DISTRITO DE COLQUEMARCA - PROVINCIA DE CHUMBIVILCAS - DEPARTAMENTO DE CUSCO,6000002,SUPERVISION Y LIQUIDACION DE OBRAS,08,CUSCO,13,DONACIONES Y TRANSFERENCIAS,0.0,0.0
2022,M,GOBIERNOS LOCALES, , , , ,300735,080704,MUNICIPALIDAD DISTRITAL DE COLQUEMARCA,08,CUSCO,07,CHUMBIVILCAS,04,COLQUEMARCA,0083,PROGRAMA NACIONAL DE SANEAMIENTO RURAL,2,PROYECTO,2488698,MEJORAMIENTO Y AMPLIACION DEL SERVICIO DE AGUA POTABLE Y SANEAMIENTO BASICO EN EL ANEXO DE CHOCCOYO DE LA COMUNIDAD IDIOPA - ÑAUPA JAPO - URINSAYA DEL DISTRITO DE COLQUEMARCA - PROVINCIA DE CHUMBIVILCAS - DEPARTAMENTO DE CUSCO,6000001,EXPEDIENTE TECNICO,08,CUSCO,13,DONACIONES Y TRANSFERENCIAS,202640.0,147980.52000000002
2022,M,GOBIERNOS LOCALES, , , , ,300733,080702,MUNICIPALIDAD DISTRITAL DE CAPACMARCA,08,CUSCO,07,CHUMBIVILCAS,02,CAPACMARCA,0090,LOGROS DE APRENDIZAJE DE ESTUDIANTES DE LA EDUCACION BASICA REGULAR,2,PROYECTO,2225770,"MEJORAMIENTO Y AMPLIACION DE LA I.E. LAS AMERICAS DEL NIVEL SECUNDARIO ANEXO TAKINA, DISTRITO DE CAPACMARCA - CHUMBIVILCAS - CUSCO",4000018,INSTALACION DE INFRAESTRUCTURA DE EDUCACION PRIMARIA,08,CUSCO,13,DONACIONES Y TRANSFERENCIAS,11514576.0,9204368.66
2022,E,GOBIERNO NACIONAL,37,VIVIENDA CONSTRUCCION Y SANEAMIENTO,037,"MINISTERIO DE VIVIENDA, CONSTRUCCION Y SANEAMIENTO",1443,005,PROGRAMA NACIONAL DE SANEAMIENTO RURAL,15,LIMA,01,LIMA,22,MIRAFLORES,0083,PROGRAMA NACIONAL DE SANEAMIENTO RURAL,2,PROYECTO,2332562,"MEJORAMIENTO Y AMPLIACION DEL SERVICIO DE AGUA POTABLE Y SANEAMIENTO EN LA CC.NN NUEVA JERUSALEN DISTRITO DE TROMPETEROS, PROVINCIA DE LORETO, REGION DE LORETO",6000016,GESTION Y ADMINISTRACION,16,LORETO,13,DONACIONES Y TRANSFERENCIAS,44999.0,28635.35
2022,E,GOBIERNO NACIONAL,37,VIVIENDA CONSTRUCCION Y SANEAMIENTO,037,"MINISTERIO DE VIVIENDA, CONSTRUCCION Y SANEAMIENTO",1443,005,PROGRAMA NACIONAL DE SANEAMIENTO RURAL,15,LIMA,01,LIMA,22,MIRAFLORES,0083,PROGRAMA NACIONAL DE SANEAMIENTO RURAL,2,PROYECTO,2471794,"CREACION DEL SERVICIO DE AGUA POTABLE Y DISPOSICION SANITARIA DE EXCRETAS EN LOS SECTORES DE SILLCO, HUALLATANI, ORCCOCHIRI, CHACCOPALLA, SAYWA, HUAMANHUIRI, INTICANCHA, OTAÑA, PILLONE Y NANRAPAMPA DE LA C.C DE CHILLOROYA DEL DISTRITO DE LIVITACA - PROVINCIA DE CHUMBIVILCAS - DEPARTAMENTO DE CUSCO",6000001,EXPEDIENTE TECNICO,08,CUSCO,13,DONACIONES Y TRANSFERENCIAS,469091.0,447685.61
2022,E,GOBIERNO NACIONAL,37,VIVIENDA CONSTRUCCION Y SANEAMIENTO,037,"MINISTERIO DE VIVIENDA, CONSTRUCCION Y SANEAMIENTO",1443,005,PROGRAMA NACIONAL DE SANEAMIENTO RURAL,15,LIMA,01,LIMA,22,MIRAFLORES,0083,PROGRAMA NACIONAL DE SANEAMIENTO RURAL,2,PROYECTO,2330634,"MEJORAMIENTO Y AMPLIACION DEL SERVICIO DE AGUA POTABLE Y SANEAMIENTO EN LA CC.NN SAN JUAN DE BARTRA DISTRITO DE EL TIGRE, PROVINCIA DE LORETO, REGION DE LORETO.",6000016,GESTION Y ADMINISTRACION,16,LORETO,13,DONACIONES Y TRANSFERENCIAS,55993.0,36246.729999999996
2022,E,GOBIERNO NACIONAL,37,VIVIENDA CONSTRUCCION Y SANEAMIENTO,037,"MINISTERIO DE VIVIENDA, CONSTRUCCION Y SANEAMIENTO",1443,005,PROGRAMA NACIONAL DE SANEAMIENTO RURAL,15,LIMA,01,LIMA,22,MIRAFLORES,0083,PROGRAMA NACIONAL DE SANEAMIENTO RURAL,2,PROYECTO,2330637,"MEJORAMIENTO Y AMPLIACION DEL SERVICIO DE AGUA POTABLE Y SANEAMIENTO EN LA CC.NN PAICHE PLAYA DISTRITO DE EL TIGRE, PROVINCIA DE LORETO, REGION DE LORETO",6000016,GESTION Y ADMINISTRACION,16,LORETO,13,DONACIONES Y TRANSFERENCIAS,372317.0,65671.1
2022,E,GOBIERNO NACIONAL,37,VIVIENDA CONSTRUCCION Y SANEAMIENTO,037,"MINISTERIO DE VIVIENDA, CONSTRUCCION Y SANEAMIENTO",1443,005,PROGRAMA NACIONAL DE SANEAMIENTO RURAL,15,LIMA,01,LIMA,22,MIRAFLORES,0083,PROGRAMA NACIONAL DE SANEAMIENTO RURAL,2,PROYECTO,2330634,"MEJORAMIENTO Y AMPLIACION DEL SERVICIO DE AGUA POTABLE Y SANEAMIENTO EN LA CC.NN SAN JUAN DE BARTRA DISTRITO DE EL TIGRE, PROVINCIA DE LORETO, REGION DE LORETO.",6000039,EDUCACION SANITARIA Y GESTION DE LOS SERVICIOS DE SANEAMIENTO,16,LORETO,13,DONACIONES Y TRANSFERENCIAS,108990.0,25800.0
2022,E,GOBIERNO NACIONAL,37,VIVIENDA CONSTRUCCION Y SANEAMIENTO,037,"MINISTERIO DE VIVIENDA, CONSTRUCCION Y SANEAMIENTO",1443,005,PROGRAMA NACIONAL DE SANEAMIENTO RURAL,15,LIMA,01,LIMA,22,MIRAFLORES,0083,PROGRAMA NACIONAL DE SANEAMIENTO RURAL,2,PROYECTO,2400945,"INSTALACION DEL SERVICIO DE AGUA POTABLE Y SANEAMIENTO EN EL CENTRO POBLADO DE SAN JUAN DE LAGUNILLAS, DISTRITO DE NAUTA, PROVINCIA DE LORETO - LORETO",4000182,CONSTRUCCION DEL SISTEMA DE AGUA POTABLE Y DISPOSICION SANITARIA DE EXCRETA,16,LORETO,13,DONACIONES Y TRANSFERENCIAS,522178.0,195826.74
2022,E,GOBIERNO NACIONAL,11,SALUD,011,M. DE SALUD,1655,125,PROGRAMA NACIONAL DE INVERSIONES EN SALUD,15,LIMA,01,LIMA,31,SAN ISIDRO,9002,ASIGNACIONES PRESUPUESTARIAS QUE NO RESULTAN EN PRODUCTOS,2,PROYECTO,2479930,CREACION DE LOS SERVICIOS DE SALUD DEL PRIMER NIVEL DE COMPLEJIDAD EN LA COMUNIDAD NATIVA ANTIOQUIA DEL DISTRITO DE TROMPETEROS - PROVINCIA DE LORETO - DEPARTAMENTO DE LORETO,6000001,EXPEDIENTE TECNICO,16,LORETO,13,DONACIONES Y TRANSFERENCIAS,410000.0,144184.67
2022,E,GOBIERNO NACIONAL,37,VIVIENDA CONSTRUCCION Y SANEAMIENTO,037,"MINISTERIO DE VIVIENDA, CONSTRUCCION Y SANEAMIENTO",1443,005,PROGRAMA NACIONAL DE SANEAMIENTO RURAL,15,LIMA,01,LIMA,22,MIRAFLORES,0083,PROGRAMA NACIONAL DE SANEAMIENTO RURAL,2,PROYECTO,2400908,"INSTALACION DEL SERVICIO DE AGUA POTABLE Y SANEAMIENTO EN EL CENTRO POBLADO DE SANTA CRUZ, DISTRITO DE NAUTA, PROVINCIA DE LORETO - LORETO",6000039,EDUCACION SANITARIA Y GESTION DE LOS SERVICIOS DE SANEAMIENTO,16,LORETO,13,DONACIONES Y TRANSFERENCIAS,17347.0,16000.0
2022,E,GOBIERNO NACIONAL,37,VIVIENDA CONSTRUCCION Y SANEAMIENTO,037,"MINISTERIO DE VIVIENDA, CONSTRUCCION Y SANEAMIENTO",1443,005,PROGRAMA NACIONAL DE SANEAMIENTO RURAL,15,LIMA,01,LIMA,22,MIRAFLORES,0083,PROGRAMA NACIONAL DE SANEAMIENTO RURAL,2,PROYECTO,2400929,"INSTALACION DEL SERVICIO DE AGUA POTABLE Y SANEAMIENTO EN EL CENTRO POBLADO DE BAGAZAN, DISTRITO DE NAUTA, PROVINCIA DE LORETO - LORETO",6000002,SUPERVISION Y LIQUIDACION DE OBRAS,16,LORETO,13,DONACIONES Y TRANSFERENCIAS,4101.0,4100.91
2022,E,GOBIERNO NACIONAL,11,SALUD,011,M. DE SALUD,1655,125,PROGRAMA NACIONAL DE INVERSIONES EN SALUD,15,LIMA,01,LIMA,31,SAN ISIDRO,9002,ASIGNACIONES PRESUPUESTARIAS QUE NO RESULTAN EN PRODUCTOS,2,PROYECTO,2469195,"MEJORAMIENTO Y AMPLIACION DE LOS SERVICIOS DE SALUD DEL ESTABLECIMIENTO DE SALUD NUEVO ANDOAS, DISTRITO DE ANDOAS - PROVINCIA DE DATEM DEL MARAÑON - DEPARTAMENTO DE LORETO",6000001,EXPEDIENTE TECNICO,16,LORETO,13,DONACIONES Y TRANSFERENCIAS,1461755.0,93800.0
2022,M,GOBIERNOS LOCALES, , , , ,300732,080701,MUNICIPALIDAD PROVINCIAL DE CHUMBIVILCAS - SANTO TOMAS,08,CUSCO,07,CHUMBIVILCAS,01,SANTO TOMAS,0138,"REDUCCION DEL COSTO, TIEMPO E INSEGURIDAD EN EL SISTEMA DE TRANSPORTE",2,PROYECTO,2505058,"MEJORAMIENTO Y AMPLIACION DEL CAMINO VECINAL DEL KM 0+000 AL 17+200 ENTRE CC QUILCATA Y CC ANTUYO CONDES, KM 17+200 AL 30+200 ENTRE SECTOR CCARAPAMPA Y SECTOR MUYUCCOCHA, KM 30+200 AL 36+915.43 DE LA CC CANGALLE EN LOS DISTRITOS DE SANTO TOMAS, VELILLE Y CHAMACA DE LA PROVINCIA DE CHUMBIVILCAS - DEPARTAMENTO DE CUSCO",6000001,EXPEDIENTE TECNICO,08,CUSCO,13,DONACIONES Y TRANSFERENCIAS,110920.0,0.0
2022,M,GOBIERNOS LOCALES, , , , ,300732,080701,MUNICIPALIDAD PROVINCIAL DE CHUMBIVILCAS - SANTO TOMAS,08,CUSCO,07,CHUMBIVILCAS,01,SANTO TOMAS,0138,"REDUCCION DEL COSTO, TIEMPO E INSEGURIDAD EN EL SISTEMA DE TRANSPORTE",2,PROYECTO,2501886,MEJORAMIENTO DEL SERVICIO DE TRANSITABILIDAD DEL CAMINO VECINAL ANEXO RANRAPATA CC. CCOLLANA Y ANEXO TIRANI CC. PUMALLACTA - DISTRITO DE QUIÑOTA - ANEXO CCASHIAHUI CC. CCOLLPA CCASHIAHUI - DISTRITO DE LLUSCO - R-67 (DESV. LLIQUE- ACCACCO COCHANI MOSCCO) DISTRITO DE SANTO TOMAS - PROVINCIA DE CHUMBIVILCAS - DEPARTAMENTO DE CUSCO,6000001,EXPEDIENTE TECNICO,08,CUSCO,13,DONACIONES Y TRANSFERENCIAS,373950.0,0.0
2022,E,GOBIERNO NACIONAL,37,VIVIENDA CONSTRUCCION Y SANEAMIENTO,037,"MINISTERIO DE VIVIENDA, CONSTRUCCION Y SANEAMIENTO",1443,005,PROGRAMA NACIONAL DE SANEAMIENTO RURAL,15,LIMA,01,LIMA,22,MIRAFLORES,0083,PROGRAMA NACIONAL DE SANEAMIENTO RURAL,2,PROYECTO,2328455,"MEJORAMIENTO, AMPLIACION DEL SERVICIO DE AGUA POTABLE Y SANEAMIENTO EN LA COMUNIDAD NATIVA BOLOGNESI, DISTRITO DE ANDOAS, PROVINCIA DE DATEM DEL MARAÑON, REGION LORETO",6000039,EDUCACION SANITARIA Y GESTION DE LOS SERVICIOS DE SANEAMIENTO,16,LORETO,13,DONACIONES Y TRANSFERENCIAS,88626.0,23850.0
2022,E,GOBIERNO NACIONAL,37,VIVIENDA CONSTRUCCION Y SANEAMIENTO,037,"MINISTERIO DE VIVIENDA, CONSTRUCCION Y SANEAMIENTO",1443,005,PROGRAMA NACIONAL DE SANEAMIENTO RURAL,15,LIMA,01,LIMA,22,MIRAFLORES,0083,PROGRAMA NACIONAL DE SANEAMIENTO RURAL,2,PROYECTO,2400914,"INSTALACION DEL SERVICIO DE AGUA POTABLE Y SANEAMIENTO EN LA COMUNIDAD NATIVA DE PAYOROTE, DISTRITO DE NAUTA, PROVINCIA DE LORETO - LORETO",6000002,SUPERVISION Y LIQUIDACION DE OBRAS,16,LORETO,13,DONACIONES Y TRANSFERENCIAS,1031.0,0.0
2022,M,GOBIERNOS LOCALES, , , , ,300733,080702,MUNICIPALIDAD DISTRITAL DE CAPACMARCA,08,CUSCO,07,CHUMBIVILCAS,02,CAPACMARCA,0042,APROVECHAMIENTO DE LOS RECURSOS HIDRICOS PARA USO AGRARIO,2,PROYECTO,2405351,"CREACION DEL SERVICIO DE AGUA PARA RIEGO EN LOS SECTORES DE LAROBAMBA, PUMAPUJIO, MOLLECCACCA, MACHAYPUNCO, SAYHUA, COMUN ORETONAYOC, HUANCALLO Y LAMANTE DE LA COMUNIDAD DE TAHUAY DEL DISTRITO DE CAPACMARCA - PROVINCIA DE CHUMBIVILCAS - REGION CUSCO",4000109,AMPLIACION DE SISTEMA DE RIEGO,08,CUSCO,13,DONACIONES Y TRANSFERENCIAS,4805433.0,0.0
2022,M,GOBIERNOS LOCALES, , , , ,300040,010401,MUNICIPALIDAD PROVINCIAL DE CONDORCANQUI - NIEVA,01,AMAZONAS,04,CONDORCANQUI,01,NIEVA,0090,LOGROS DE APRENDIZAJE DE ESTUDIANTES DE LA EDUCACION BASICA REGULAR,2,PROYECTO,2460610,"MEJORAMIENTO DEL SERVICIO EDUCATIVO EN LA I.E.I N° 270 CC.NN. NUEVA ESPERANZA, DISTRITO DE NIEVA - PROVINCIA DE CONDORCANQUI - DEPARTAMENTO DE AMAZONAS",4000035,MEJORAMIENTO DE INFRAESTRUCTURA DE EDUCACION INICIAL,01,AMAZONAS,13,DONACIONES Y TRANSFERENCIAS,4634457.0,0.0
2022,M,GOBIERNOS LOCALES, , , , ,300040,010401,MUNICIPALIDAD PROVINCIAL DE CONDORCANQUI - NIEVA,01,AMAZONAS,04,CONDORCANQUI,01,NIEVA,0082,PROGRAMA NACIONAL DE SANEAMIENTO URBANO,2,PROYECTO,2515628,"RENOVACION DE CAPTACION DE AGUA, BOCATOMA - DESARENADOR Y PTAP; REPARACION DE LINEA DE CONDUCCION; ADEMAS DE OTROS ACTIVOS EN EL(LA) SISTEMA DE AGUA POTABLE EN LA LOCALIDAD SANTA MARIA DE NIEVA, DISTRITO DE NIEVA, PROVINCIA CONDORCANQUI, DEPARTAMENTO AMAZONAS",4000106,RECUPERACION DE BOCATOMA,01,AMAZONAS,13,DONACIONES Y TRANSFERENCIAS,883460.0,0.0
2022,M,GOBIERNOS LOCALES, , , , ,301666,210804,MUNICIPALIDAD DISTRITAL DE LLALLI,21,PUNO,08,MELGAR,04,LLALLI,0083,PROGRAMA NACIONAL DE SANEAMIENTO RURAL,2,PROYECTO,2310519,"MEJORAMIENTO Y AMPLIACION DEL SISTEMA DE AGUA POTABLE Y SANEAMIENTO EN LAS LOCALIDADES DE PARKO HUAYTAHUACHO, HUAYLLANI - CERA CUCHO Y SUCRE CCARAÑAUI, DISTRITO DE LLALLI - MELGAR - PUNO",6000002,SUPERVISION Y LIQUIDACION DE OBRAS,21,PUNO,13,DONACIONES Y TRANSFERENCIAS,161777.0,0.0
2022,E,GOBIERNO NACIONAL,37,VIVIENDA CONSTRUCCION Y SANEAMIENTO,037,"MINISTERIO DE VIVIENDA, CONSTRUCCION Y SANEAMIENTO",1443,005,PROGRAMA NACIONAL DE SANEAMIENTO RURAL,15,LIMA,01,LIMA,22,MIRAFLORES,0083,PROGRAMA NACIONAL DE SANEAMIENTO RURAL,2,PROYECTO,2332507,"MEJORAMIENTO Y AMPLIACION DEL SERVICIO DE AGUA POTABLE Y SANEAMIENTO EN LA CC.NN BELEN DISTRITO DE TROMPETEROS, PROVINCIA DE LORETO, REGION DE LORETO.",6000039,EDUCACION SANITARIA Y GESTION DE LOS SERVICIOS DE SANEAMIENTO,16,LORETO,13,DONACIONES Y TRANSFERENCIAS,164052.0,29773.8
2022,E,GOBIERNO NACIONAL,37,VIVIENDA CONSTRUCCION Y SANEAMIENTO,037,"MINISTERIO DE VIVIENDA, CONSTRUCCION Y SANEAMIENTO",1443,005,PROGRAMA NACIONAL DE SANEAMIENTO RURAL,15,LIMA,01,LIMA,22,MIRAFLORES,0083,PROGRAMA NACIONAL DE SANEAMIENTO RURAL,2,PROYECTO,2328473,"MEJORAMIENTO, AMPLIACION DEL SERVICIO DE AGUA POTABLE Y SANEAMIENTO EN LA COMUNIDAD NATIVA ALIANZA TOPAL, DISTRITO DE ANDOAS, PROVINCIA DE DATEM DEL MARAÑON, REGION LORETO",4000181,"REHABILITACION, MEJORAMIENTO Y AMPLIACION DEL SISTEMA DE AGUA POTABLE Y DISPOSICION SANITARIA DE EXCRETA",16,LORETO,13,DONACIONES Y TRANSFERENCIAS,2689484.0,1786322.1
2022,E,GOBIERNO NACIONAL,37,VIVIENDA CONSTRUCCION Y SANEAMIENTO,037,"MINISTERIO DE VIVIENDA, CONSTRUCCION Y SANEAMIENTO",1443,005,PROGRAMA NACIONAL DE SANEAMIENTO RURAL,15,LIMA,01,LIMA,22,MIRAFLORES,0083,PROGRAMA NACIONAL DE SANEAMIENTO RURAL,2,PROYECTO,2332562,"MEJORAMIENTO Y AMPLIACION DEL SERVICIO DE AGUA POTABLE Y SANEAMIENTO EN LA CC.NN NUEVA JERUSALEN DISTRITO DE TROMPETEROS, PROVINCIA DE LORETO, REGION DE LORETO",6000002,SUPERVISION Y LIQUIDACION DE OBRAS,16,LORETO,13,DONACIONES Y TRANSFERENCIAS,180070.0,179995.09
2022,E,GOBIERNO NACIONAL,37,VIVIENDA CONSTRUCCION Y SANEAMIENTO,037,"MINISTERIO DE VIVIENDA, CONSTRUCCION Y SANEAMIENTO",1443,005,PROGRAMA NACIONAL DE SANEAMIENTO RURAL,15,LIMA,01,LIMA,22,MIRAFLORES,0083,PROGRAMA NACIONAL DE SANEAMIENTO RURAL,2,PROYECTO,2332507,"MEJORAMIENTO Y AMPLIACION DEL SERVICIO DE AGUA POTABLE Y SANEAMIENTO EN LA CC.NN BELEN DISTRITO DE TROMPETEROS, PROVINCIA DE LORETO, REGION DE LORETO.",6000016,GESTION Y ADMINISTRACION,16,LORETO,13,DONACIONES Y TRANSFERENCIAS,192792.0,29137.5
2022,E,GOBIERNO NACIONAL,37,VIVIENDA CONSTRUCCION Y SANEAMIENTO,037,"MINISTERIO DE VIVIENDA, CONSTRUCCION Y SANEAMIENTO",1443,005,PROGRAMA NACIONAL DE SANEAMIENTO RURAL,15,LIMA,01,LIMA,22,MIRAFLORES,0083,PROGRAMA NACIONAL DE SANEAMIENTO RURAL,2,PROYECTO,2275299,"MEJORAMIENTO Y AMPLIACION DEL SERVICIO DE AGUA POTABLE E INSTALACION DE SANEAMIENTO BASICO EN EL CENTRO POBLADO DE PALCA, DISTRITO DE OLLACHEA, DEPARTAMENTO DE PUNO",6000002,SUPERVISION Y LIQUIDACION DE OBRAS,21,PUNO,13,DONACIONES Y TRANSFERENCIAS,116177.0,92135.94
2022,M,GOBIERNOS LOCALES, , , , ,301842,160706,MUNICIPALIDAD DISTRITAL DE ANDOAS,16,LORETO,07,DATEM DEL MARAÑON,06,ANDOAS,0083,PROGRAMA NACIONAL DE SANEAMIENTO RURAL,2,PROYECTO,2462559,CREACION DEL SISTEMA DE AGUA POTABLE Y DESAGUE DE LA COMUNIDAD NATIVA LOBOYACU DEL DISTRITO DE ANDOAS - PROVINCIA DE DATEM DEL MARAÑON - DEPARTAMENTO DE LORETO,4000041,INSTALACION DE SISTEMA DE AGUA POTABLE,16,LORETO,13,DONACIONES Y TRANSFERENCIAS,8546272.0,0.0
2022,E,GOBIERNO NACIONAL,37,VIVIENDA CONSTRUCCION Y SANEAMIENTO,037,"MINISTERIO DE VIVIENDA, CONSTRUCCION Y SANEAMIENTO",1443,005,PROGRAMA NACIONAL DE SANEAMIENTO RURAL,15,LIMA,01,LIMA,22,MIRAFLORES,0083,PROGRAMA NACIONAL DE SANEAMIENTO RURAL,2,PROYECTO,2400930,"INSTALACION DEL SERVICIO DE AGUA POTABLE Y SANEAMIENTO EN EL CENTRO POBLADO DE SAN RAMON, DISTRITO DE NAUTA, PROVINCIA DE LORETO - LORETO",4000182,CONSTRUCCION DEL SISTEMA DE AGUA POTABLE Y DISPOSICION SANITARIA DE EXCRETA,16,LORETO,13,DONACIONES Y TRANSFERENCIAS,10194.0,10193.34
2022,M,GOBIERNOS LOCALES, , , , ,300308,030506,MUNICIPALIDAD DISTRITAL DE CHALLHUAHUACHO,03,APURIMAC,05,COTABAMBA,06,CHALLHUAHUACHO,0083,PROGRAMA NACIONAL DE SANEAMIENTO RURAL,2,PROYECTO,2342227,"MEJORAMIENTO Y AMPLIACION DEL SERVICIO DE AGUA POTABLE Y SANEAMIENTO RURAL EN LAS LOCALIDADES DE YANAHUARA, TOCCO, HUAYÑUNA, CHURAMA, MOSOCCLLACTA, PUMAHUASI, HUAYHUALLA, ULLANCANI, QUEUÑA CENTRO, ORAPATA Y SUCA SUCA, DEL CENTRO POBLADO DE QUEUÑA, DISTRITO DE CHALLHUAHUACHO - COTABAMBAS - APURIMAC",4000053,MEJORAMIENTO DEL SISTEMA DE AGUA POTABLE,03,APURIMAC,13,DONACIONES Y TRANSFERENCIAS,3033050.0,1921810.7
2022,M,GOBIERNOS LOCALES, , , , ,300739,080708,MUNICIPALIDAD DISTRITAL DE VELILLE,08,CUSCO,07,CHUMBIVILCAS,08,VELILLE,0090,LOGROS DE APRENDIZAJE DE ESTUDIANTES DE LA EDUCACION BASICA REGULAR,2,PROYECTO,2341831,"MEJORAMIENTO DE LOS SERVICIOS EDUCATIVOS EN LA I.E. INICIAL SAGRADO CORAZON DE JESUS EN EL, DISTRITO DE VELILLE - CHUMBIVILCAS - CUSCO",4000020,INSTALACION DE INFRAESTRUCTURA DE EDUCACION BASICA REGULAR,08,CUSCO,13,DONACIONES Y TRANSFERENCIAS,7456919.0,7283938.38
2022,M,GOBIERNOS LOCALES, , , , ,300736,080705,MUNICIPALIDAD DISTRITAL DE LIVITACA,08,CUSCO,07,CHUMBIVILCAS,05,LIVITACA,0090,LOGROS DE APRENDIZAJE DE ESTUDIANTES DE LA EDUCACION BASICA REGULAR,2,PROYECTO,2466388,MEJORAMIENTO Y AMPLIACION DE SERVICIO EDUCATIVO DEL NIVEL INICIAL Y PRIMARIO DE LA I.E 56286 - KISIO DE LA COMUNIDAD CAMPESINA DE HUANACO DISTRITO DE LIVITACA - PROVINCIA DE CHUMBIVILCAS - DEPARTAMENTO DE CUSCO,6000001,EXPEDIENTE TECNICO,08,CUSCO,13,DONACIONES Y TRANSFERENCIAS,77770.0,23331.0
2022,E,GOBIERNO NACIONAL,11,SALUD,011,M. DE SALUD,1655,125,PROGRAMA NACIONAL DE INVERSIONES EN SALUD,15,LIMA,01,LIMA,31,SAN ISIDRO,9002,ASIGNACIONES PRESUPUESTARIAS QUE NO RESULTAN EN PRODUCTOS,2,PROYECTO,2469195,"MEJORAMIENTO Y AMPLIACION DE LOS SERVICIOS DE SALUD DEL ESTABLECIMIENTO DE SALUD NUEVO ANDOAS, DISTRITO DE ANDOAS - PROVINCIA DE DATEM DEL MARAÑON - DEPARTAMENTO DE LORETO",6000002,SUPERVISION Y LIQUIDACION DE OBRAS,16,LORETO,13,DONACIONES Y TRANSFERENCIAS,596556.0,0.0
2022,E,GOBIERNO NACIONAL,37,VIVIENDA CONSTRUCCION Y SANEAMIENTO,037,"MINISTERIO DE VIVIENDA, CONSTRUCCION Y SANEAMIENTO",1443,005,PROGRAMA NACIONAL DE SANEAMIENTO RURAL,15,LIMA,01,LIMA,22,MIRAFLORES,0083,PROGRAMA NACIONAL DE SANEAMIENTO RURAL,2,PROYECTO,2330643,"MEJORAMIENTO Y AMPLIACION DEL SERVICIO DE AGUA POTABLE Y SANEAMIENTO EN LA CC.NN MARSELLA DISTRITO DE EL TIGRE, PROVINCIA DE LORETO, REGION DE LORETO",6000039,EDUCACION SANITARIA Y GESTION DE LOS SERVICIOS DE SANEAMIENTO,16,LORETO,13,DONACIONES Y TRANSFERENCIAS,173556.0,15129.45
2022,E,GOBIERNO NACIONAL,37,VIVIENDA CONSTRUCCION Y SANEAMIENTO,037,"MINISTERIO DE VIVIENDA, CONSTRUCCION Y SANEAMIENTO",1443,005,PROGRAMA NACIONAL DE SANEAMIENTO RURAL,15,LIMA,01,LIMA,22,MIRAFLORES,0083,PROGRAMA NACIONAL DE SANEAMIENTO RURAL,2,PROYECTO,2307922,"AMPLIACION Y MEJORAMIENTO DEL SERVICIO DE AGUA POTABLE E INSTALACION DEL SANEAMIENTO DE LA LOCALIDAD DE LIBERTAD, DISTRITO DE TIGRE - LORETO - LORETO",6000039,EDUCACION SANITARIA Y GESTION DE LOS SERVICIOS DE SANEAMIENTO,16,LORETO,13,DONACIONES Y TRANSFERENCIAS,195335.0,14701.6
2022,E,GOBIERNO NACIONAL,37,VIVIENDA CONSTRUCCION Y SANEAMIENTO,037,"MINISTERIO DE VIVIENDA, CONSTRUCCION Y SANEAMIENTO",1443,005,PROGRAMA NACIONAL DE SANEAMIENTO RURAL,15,LIMA,01,LIMA,22,MIRAFLORES,0083,PROGRAMA NACIONAL DE SANEAMIENTO RURAL,2,PROYECTO,2400930,"INSTALACION DEL SERVICIO DE AGUA POTABLE Y SANEAMIENTO EN EL CENTRO POBLADO DE SAN RAMON, DISTRITO DE NAUTA, PROVINCIA DE LORETO - LORETO",6000039,EDUCACION SANITARIA Y GESTION DE LOS SERVICIOS DE SANEAMIENTO,16,LORETO,13,DONACIONES Y TRANSFERENCIAS,1440.0,0.0
2022,E,GOBIERNO NACIONAL,37,VIVIENDA CONSTRUCCION Y SANEAMIENTO,037,"MINISTERIO DE VIVIENDA, CONSTRUCCION Y SANEAMIENTO",1443,005,PROGRAMA NACIONAL DE SANEAMIENTO RURAL,15,LIMA,01,LIMA,22,MIRAFLORES,0083,PROGRAMA NACIONAL DE SANEAMIENTO RURAL,2,PROYECTO,2328479,"MEJORAMIENTO, AMPLIACION DEL SERVICIO DE AGUA POTABLE Y SANEAMIENTO EN LA COMUNIDAD NATIVA SABALOYACU, DISTRITO DE ANDOAS, PROVINCIA DEL DATEM DEL MARAÑON, REGION LORETO",6000016,GESTION Y ADMINISTRACION,16,LORETO,13,DONACIONES Y TRANSFERENCIAS,61382.0,41761.090000000004
2022,E,GOBIERNO NACIONAL,37,VIVIENDA CONSTRUCCION Y SANEAMIENTO,037,"MINISTERIO DE VIVIENDA, CONSTRUCCION Y SANEAMIENTO",1443,005,PROGRAMA NACIONAL DE SANEAMIENTO RURAL,15,LIMA,01,LIMA,22,MIRAFLORES,0083,PROGRAMA NACIONAL DE SANEAMIENTO RURAL,2,PROYECTO,2235611,"AMPLIACION Y MEJORAMIENTO DEL SERVICIO DE AGUA POTABLE E INSTALACION DEL SERVICIO DE SANEAMIENTO EN EL CENTRO POBLADO DE PAMPA HERMOSA, DISTRITO DE TROMPETEROS, PROVINCIA DE LORETO, REGION LORETO",4000181,"REHABILITACION, MEJORAMIENTO Y AMPLIACION DEL SISTEMA DE AGUA POTABLE Y DISPOSICION SANITARIA DE EXCRETA",16,LORETO,13,DONACIONES Y TRANSFERENCIAS,5460051.0,820561.98
2022,M,GOBIERNOS LOCALES, , , , ,300739,080708,MUNICIPALIDAD DISTRITAL DE VELILLE,08,CUSCO,07,CHUMBIVILCAS,08,VELILLE,0083,PROGRAMA NACIONAL DE SANEAMIENTO RURAL,2,PROYECTO,2467058,MEJORAMIENTO Y AMPLIACION DE LOS SERVICIOS DE AGUA POTABLE Y SANEAMIENTO EN LA COMUNIDAD DE CASA BLANCA DEL DISTRITO DE VELILLE - PROVINCIA DE CHUMBIVILCAS - DEPARTAMENTO DE CUSCO,4000053,MEJORAMIENTO DEL SISTEMA DE AGUA POTABLE,08,CUSCO,13,DONACIONES Y TRANSFERENCIAS,3682967.0,0.0
2022,M,GOBIERNOS LOCALES, , , , ,300308,030506,MUNICIPALIDAD DISTRITAL DE CHALLHUAHUACHO,03,APURIMAC,05,COTABAMBA,06,CHALLHUAHUACHO,0083,PROGRAMA NACIONAL DE SANEAMIENTO RURAL,2,PROYECTO,2342171,"MEJORAMIENTO Y AMPLIACION SERVICIO DE AGUA POTABLE Y SANEAMIENTO RURAL EN LA COMUNIDAD DE MOLINOPATA, DISTRITO DE CHALLHUAHUACHO - COTABAMBAS - APURIMAC",6000002,SUPERVISION Y LIQUIDACION DE OBRAS,03,APURIMAC,13,DONACIONES Y TRANSFERENCIAS,87398.0,77162.79000000001
2022,M,GOBIERNOS LOCALES, , , , ,300736,080705,MUNICIPALIDAD DISTRITAL DE LIVITACA,08,CUSCO,07,CHUMBIVILCAS,05,LIVITACA,0090,LOGROS DE APRENDIZAJE DE ESTUDIANTES DE LA EDUCACION BASICA REGULAR,2,PROYECTO,2300940,"MEJORAMIENTO Y AMPLIACION DEL SERVICIO DE EDUCACION DE NIVEL SECUNDARIO DE LA I.E. N 56289 RICARDO PALMA EN EL SECTOR QUECHAPAMPA DE LA COMUNIDAD CAMPESINA HUANACO, DISTRITO DE LIVITACA - CHUMBIVILCAS - CUSCO",4000037,MEJORAMIENTO DE INFRAESTRUCTURA DE EDUCACION SECUNDARIA,08,CUSCO,13,DONACIONES Y TRANSFERENCIAS,11622502.0,5701096.31
2022,M,GOBIERNOS LOCALES, , , , ,300736,080705,MUNICIPALIDAD DISTRITAL DE LIVITACA,08,CUSCO,07,CHUMBIVILCAS,05,LIVITACA,0090,LOGROS DE APRENDIZAJE DE ESTUDIANTES DE LA EDUCACION BASICA REGULAR,2,PROYECTO,2388403,MEJORAMIENTO Y AMPLIACION DEL SERVICIO DE EDUCACION INICIAL 521 EN EL SECTOR DE QUECHAPAMPA DE LA C.C. DE HUANACO DEL DISTRITO DE LIVITACA - PROVINCIA DE CHUMBIVILCAS - DEPARTAMENTO DE CUSCO,6000001,EXPEDIENTE TECNICO,08,CUSCO,13,DONACIONES Y TRANSFERENCIAS,68803.0,24081.05
2022,M,GOBIERNOS LOCALES, , , , ,300732,080701,MUNICIPALIDAD PROVINCIAL DE CHUMBIVILCAS - SANTO TOMAS,08,CUSCO,07,CHUMBIVILCAS,01,SANTO TOMAS,0042,APROVECHAMIENTO DE LOS RECURSOS HIDRICOS PARA USO AGRARIO,2,PROYECTO,2327671,"AMPLIACION Y MEJORAMIENTO DE LOS SISTEMAS DE RIEGO DE ESPAÑA EN LOS ANEXOS DE LUTTO CENTRAL, KUTUTO, CRUZPATA, CHIHUAYHUANI, CCOLLPATUMAYCO DE LA COMUNIDAD DE LUTTO, KUTUTO DEL DISTRITO DE LLUSCO, PROVINCIA DE CHUMBIVILCAS - CUSCO",4000109,AMPLIACION DE SISTEMA DE RIEGO,08,CUSCO,13,DONACIONES Y TRANSFERENCIAS,4242093.0,838061.91
2022,E,GOBIERNO NACIONAL,37,VIVIENDA CONSTRUCCION Y SANEAMIENTO,037,"MINISTERIO DE VIVIENDA, CONSTRUCCION Y SANEAMIENTO",1443,005,PROGRAMA NACIONAL DE SANEAMIENTO RURAL,15,LIMA,01,LIMA,22,MIRAFLORES,0083,PROGRAMA NACIONAL DE SANEAMIENTO RURAL,2,PROYECTO,2400906,"INSTALACION DEL SERVICIO DE AGUA POTABLE Y SANEAMIENTO EN EL CENTRO POBLADO DE BUEN PASTOR, DISTRITO DE NAUTA, PROVINCIA DE LORETO - LORETO",6000039,EDUCACION SANITARIA Y GESTION DE LOS SERVICIOS DE SANEAMIENTO,16,LORETO,13,DONACIONES Y TRANSFERENCIAS,41165.0,41122.0
2022,E,GOBIERNO NACIONAL,37,VIVIENDA CONSTRUCCION Y SANEAMIENTO,037,"MINISTERIO DE VIVIENDA, CONSTRUCCION Y SANEAMIENTO",1443,005,PROGRAMA NACIONAL DE SANEAMIENTO RURAL,15,LIMA,01,LIMA,22,MIRAFLORES,0083,PROGRAMA NACIONAL DE SANEAMIENTO RURAL,2,PROYECTO,2446787,MEJORAMIENTO Y AMPLIACION DEL SERVICIO DE AGUA POTABLE E INSTALACION DE UNIDADES BASICAS DE SANEAMIENTO EN LOS SECTORES DE CENTRO Y CORCCAYOC DE LA COMUNIDAD DE PALLPA DEL DISTRITO DE QUIÑOTA - PROVINCIA DE CHUMBIVILCAS - DEPARTAMENTO DE CUSCO,6000001,EXPEDIENTE TECNICO,08,CUSCO,13,DONACIONES Y TRANSFERENCIAS,331638.0,304110.68
2022,E,GOBIERNO NACIONAL,37,VIVIENDA CONSTRUCCION Y SANEAMIENTO,037,"MINISTERIO DE VIVIENDA, CONSTRUCCION Y SANEAMIENTO",1443,005,PROGRAMA NACIONAL DE SANEAMIENTO RURAL,15,LIMA,01,LIMA,22,MIRAFLORES,0083,PROGRAMA NACIONAL DE SANEAMIENTO RURAL,2,PROYECTO,2252832,"INSTALACION DE LOS SISTEMAS DE AGUA POTABLE Y SANEAMIENTO PARA EL CENTRO POBLADO DE AJACHIN, DISTRITO DE MANSERICHE - DATEM DEL MARANON - LORETO",6000039,EDUCACION SANITARIA Y GESTION DE LOS SERVICIOS DE SANEAMIENTO,16,LORETO,13,DONACIONES Y TRANSFERENCIAS,143550.0,40100.0
2022,E,GOBIERNO NACIONAL,37,VIVIENDA CONSTRUCCION Y SANEAMIENTO,037,"MINISTERIO DE VIVIENDA, CONSTRUCCION Y SANEAMIENTO",1443,005,PROGRAMA NACIONAL DE SANEAMIENTO RURAL,15,LIMA,01,LIMA,22,MIRAFLORES,0083,PROGRAMA NACIONAL DE SANEAMIENTO RURAL,2,PROYECTO,2328454,"MEJORAMIENTO, AMPLIACION DEL SERVICIO DE AGUA POTABLE Y SANEAMIENTO EN LA COMUNIDAD NATIVA PUERTO ALEGRE, DISTRITO DE ANDOAS, PROVINCIA DEL DATEM DEL MARAÑON, REGION LORETO",6000016,GESTION Y ADMINISTRACION,16,LORETO,13,DONACIONES Y TRANSFERENCIAS,43487.0,25623.26
2022,E,GOBIERNO NACIONAL,37,VIVIENDA CONSTRUCCION Y SANEAMIENTO,037,"MINISTERIO DE VIVIENDA, CONSTRUCCION Y SANEAMIENTO",1443,005,PROGRAMA NACIONAL DE SANEAMIENTO RURAL,15,LIMA,01,LIMA,22,MIRAFLORES,0083,PROGRAMA NACIONAL DE SANEAMIENTO RURAL,2,PROYECTO,2332562,"MEJORAMIENTO Y AMPLIACION DEL SERVICIO DE AGUA POTABLE Y SANEAMIENTO EN LA CC.NN NUEVA JERUSALEN DISTRITO DE TROMPETEROS, PROVINCIA DE LORETO, REGION DE LORETO",6000039,EDUCACION SANITARIA Y GESTION DE LOS SERVICIOS DE SANEAMIENTO,16,LORETO,13,DONACIONES Y TRANSFERENCIAS,179679.0,43453.46
2022,E,GOBIERNO NACIONAL,37,VIVIENDA CONSTRUCCION Y SANEAMIENTO,037,"MINISTERIO DE VIVIENDA, CONSTRUCCION Y SANEAMIENTO",1443,005,PROGRAMA NACIONAL DE SANEAMIENTO RURAL,15,LIMA,01,LIMA,22,MIRAFLORES,0083,PROGRAMA NACIONAL DE SANEAMIENTO RURAL,2,PROYECTO,2275299,"MEJORAMIENTO Y AMPLIACION DEL SERVICIO DE AGUA POTABLE E INSTALACION DE SANEAMIENTO BASICO EN EL CENTRO POBLADO DE PALCA, DISTRITO DE OLLACHEA, DEPARTAMENTO DE PUNO",4000181,"REHABILITACION, MEJORAMIENTO Y AMPLIACION DEL SISTEMA DE AGUA POTABLE Y DISPOSICION SANITARIA DE EXCRETA",21,PUNO,13,DONACIONES Y TRANSFERENCIAS,488840.0,486269.48000000004
2022,E,GOBIERNO NACIONAL,11,SALUD,011,M. DE SALUD,1655,125,PROGRAMA NACIONAL DE INVERSIONES EN SALUD,15,LIMA,01,LIMA,31,SAN ISIDRO,9002,ASIGNACIONES PRESUPUESTARIAS QUE NO RESULTAN EN PRODUCTOS,2,PROYECTO,2479767,"MEJORAMIENTO DEL SERVICIO DE SALUD DEL PUESTO DE SALUD PAMPA HERMOSA DE TROMPETEROS, DISTRITO DE TROMPETEROS - PROVINCIA DE LORETO - DEPARTAMENTO DE LORETO",6000001,EXPEDIENTE TECNICO,16,LORETO,13,DONACIONES Y TRANSFERENCIAS,197000.0,186376.15999999997
2022,E,GOBIERNO NACIONAL,37,VIVIENDA CONSTRUCCION Y SANEAMIENTO,037,"MINISTERIO DE VIVIENDA, CONSTRUCCION Y SANEAMIENTO",1443,005,PROGRAMA NACIONAL DE SANEAMIENTO RURAL,15,LIMA,01,LIMA,22,MIRAFLORES,0083,PROGRAMA NACIONAL DE SANEAMIENTO RURAL,2,PROYECTO,2400902,"INSTALACION DEL SERVICIO DE AGUA POTABLE Y SANEAMIENTO EN LA COMUNIDAD NATIVA DE 1 DE MAYO, DISTRITO DE NAUTA, PROVINCIA DE LORETO - LORETO",4000182,CONSTRUCCION DEL SISTEMA DE AGUA POTABLE Y DISPOSICION SANITARIA DE EXCRETA,16,LORETO,13,DONACIONES Y TRANSFERENCIAS,2518047.0,1606067.5600000003
2022,E,GOBIERNO NACIONAL,37,VIVIENDA CONSTRUCCION Y SANEAMIENTO,037,"MINISTERIO DE VIVIENDA, CONSTRUCCION Y SANEAMIENTO",1443,005,PROGRAMA NACIONAL DE SANEAMIENTO RURAL,15,LIMA,01,LIMA,22,MIRAFLORES,0083,PROGRAMA NACIONAL DE SANEAMIENTO RURAL,2,PROYECTO,2235611,"AMPLIACION Y MEJORAMIENTO DEL SERVICIO DE AGUA POTABLE E INSTALACION DEL SERVICIO DE SANEAMIENTO EN EL CENTRO POBLADO DE PAMPA HERMOSA, DISTRITO DE TROMPETEROS, PROVINCIA DE LORETO, REGION LORETO",6000002,SUPERVISION Y LIQUIDACION DE OBRAS,16,LORETO,13,DONACIONES Y TRANSFERENCIAS,239901.0,20195.35
2022,E,GOBIERNO NACIONAL,11,SALUD,011,M. DE SALUD,1655,125,PROGRAMA NACIONAL DE INVERSIONES EN SALUD,15,LIMA,01,LIMA,31,SAN ISIDRO,9002,ASIGNACIONES PRESUPUESTARIAS QUE NO RESULTAN EN PRODUCTOS,2,PROYECTO,2479465,MEJORAMIENTO Y AMPLIACION DE LOS SERVICIOS DE SALUD DEL PUESTO DE SALUD NUEVA JERUSALEN DISTRITO DE TROMPETEROS - PROVINCIA DE LORETO - DEPARTAMENTO DE LORETO,6000016,GESTION Y ADMINISTRACION,16,LORETO,13,DONACIONES Y TRANSFERENCIAS,7839.0,6414.36
2022,E,GOBIERNO NACIONAL,11,SALUD,011,M. DE SALUD,1655,125,PROGRAMA NACIONAL DE INVERSIONES EN SALUD,15,LIMA,01,LIMA,31,SAN ISIDRO,9002,ASIGNACIONES PRESUPUESTARIAS QUE NO RESULTAN EN PRODUCTOS,2,PROYECTO,2475091,CREACION DE LOS SERVICIOS DE SALUD DEL PRIMER NIVEL DE COMPLEJIDAD EN LA COMUNIDAD NATIVA DE MAYURIAGA MAYURIAGA DEL DISTRITO DE MORONA - PROVINCIA DE DATEM DEL MARAÑON - DEPARTAMENTO DE LORETO,6000016,GESTION Y ADMINISTRACION,16,LORETO,13,DONACIONES Y TRANSFERENCIAS,12823.0,8722.0
2022,E,GOBIERNO NACIONAL,37,VIVIENDA CONSTRUCCION Y SANEAMIENTO,037,"MINISTERIO DE VIVIENDA, CONSTRUCCION Y SANEAMIENTO",1443,005,PROGRAMA NACIONAL DE SANEAMIENTO RURAL,15,LIMA,01,LIMA,22,MIRAFLORES,0083,PROGRAMA NACIONAL DE SANEAMIENTO RURAL,2,PROYECTO,2332507,"MEJORAMIENTO Y AMPLIACION DEL SERVICIO DE AGUA POTABLE Y SANEAMIENTO EN LA CC.NN BELEN DISTRITO DE TROMPETEROS, PROVINCIA DE LORETO, REGION DE LORETO.",4000181,"REHABILITACION, MEJORAMIENTO Y AMPLIACION DEL SISTEMA DE AGUA POTABLE Y DISPOSICION SANITARIA DE EXCRETA",16,LORETO,13,DONACIONES Y TRANSFERENCIAS,2863206.0,761766.09
2022,E,GOBIERNO NACIONAL,11,SALUD,011,M. DE SALUD,1655,125,PROGRAMA NACIONAL DE INVERSIONES EN SALUD,15,LIMA,01,LIMA,31,SAN ISIDRO,9002,ASIGNACIONES PRESUPUESTARIAS QUE NO RESULTAN EN PRODUCTOS,2,PROYECTO,2521713,CREACION DE LOS SERVICIOS DE SALUD BASICOS EN LA COMUNIDAD NATIVA NUEVA ALIANZA DEL DISTRITO DE URARINAS - PROVINCIA DE LORETO - DEPARTAMENTO DE LORETO,6000017,ADQUISICION DE EQUIPOS MEDICOS,16,LORETO,13,DONACIONES Y TRANSFERENCIAS,367760.0,0.0
2022,E,GOBIERNO NACIONAL,37,VIVIENDA CONSTRUCCION Y SANEAMIENTO,037,"MINISTERIO DE VIVIENDA, CONSTRUCCION Y SANEAMIENTO",1443,005,PROGRAMA NACIONAL DE SANEAMIENTO RURAL,15,LIMA,01,LIMA,22,MIRAFLORES,0083,PROGRAMA NACIONAL DE SANEAMIENTO RURAL,2,PROYECTO,2235611,"AMPLIACION Y MEJORAMIENTO DEL SERVICIO DE AGUA POTABLE E INSTALACION DEL SERVICIO DE SANEAMIENTO EN EL CENTRO POBLADO DE PAMPA HERMOSA, DISTRITO DE TROMPETEROS, PROVINCIA DE LORETO, REGION LORETO",6000039,EDUCACION SANITARIA Y GESTION DE LOS SERVICIOS DE SANEAMIENTO,16,LORETO,13,DONACIONES Y TRANSFERENCIAS,209111.0,16426.8
2022,M,GOBIERNOS LOCALES, , , , ,300308,030506,MUNICIPALIDAD DISTRITAL DE CHALLHUAHUACHO,03,APURIMAC,05,COTABAMBA,06,CHALLHUAHUACHO,0083,PROGRAMA NACIONAL DE SANEAMIENTO RURAL,2,PROYECTO,2342219,"MEJORAMIENTO Y AMPLIACION DEL SERVICIO DE AGUA POTABLE Y SANEAMIENTO RURAL EN LA COMUNIDAD DE SUYTUYO, DISTRITO DE CHALLHUAHUACHO - COTABAMBAS - APURIMAC",6000002,SUPERVISION Y LIQUIDACION DE OBRAS,03,APURIMAC,13,DONACIONES Y TRANSFERENCIAS,45950.0,38343.25
2022,E,GOBIERNO NACIONAL,37,VIVIENDA CONSTRUCCION Y SANEAMIENTO,037,"MINISTERIO DE VIVIENDA, CONSTRUCCION Y SANEAMIENTO",1443,005,PROGRAMA NACIONAL DE SANEAMIENTO RURAL,15,LIMA,01,LIMA,22,MIRAFLORES,0083,PROGRAMA NACIONAL DE SANEAMIENTO RURAL,2,PROYECTO,2235611,"AMPLIACION Y MEJORAMIENTO DEL SERVICIO DE AGUA POTABLE E INSTALACION DEL SERVICIO DE SANEAMIENTO EN EL CENTRO POBLADO DE PAMPA HERMOSA, DISTRITO DE TROMPETEROS, PROVINCIA DE LORETO, REGION LORETO",6000016,GESTION Y ADMINISTRACION,16,LORETO,13,DONACIONES Y TRANSFERENCIAS,105991.0,36190.72
2022,E,GOBIERNO NACIONAL,37,VIVIENDA CONSTRUCCION Y SANEAMIENTO,037,"MINISTERIO DE VIVIENDA, CONSTRUCCION Y SANEAMIENTO",1443,005,PROGRAMA NACIONAL DE SANEAMIENTO RURAL,15,LIMA,01,LIMA,22,MIRAFLORES,0083,PROGRAMA NACIONAL DE SANEAMIENTO RURAL,2,PROYECTO,2400941,"INSTALACION DEL SERVICIO DE AGUA POTABLE Y SANEAMIENTO EN EL CENTRO POBLADO DE LISBOA, DISTRITO DE NAUTA, PROVINCIA DE LORETO - LORETO",4000182,CONSTRUCCION DEL SISTEMA DE AGUA POTABLE Y DISPOSICION SANITARIA DE EXCRETA,16,LORETO,13,DONACIONES Y TRANSFERENCIAS,369208.0,200874.90999999997
2022,E,GOBIERNO NACIONAL,11,SALUD,011,M. DE SALUD,1655,125,PROGRAMA NACIONAL DE INVERSIONES EN SALUD,15,LIMA,01,LIMA,31,SAN ISIDRO,9002,ASIGNACIONES PRESUPUESTARIAS QUE NO RESULTAN EN PRODUCTOS,2,PROYECTO,2521713,CREACION DE LOS SERVICIOS DE SALUD BASICOS EN LA COMUNIDAD NATIVA NUEVA ALIANZA DEL DISTRITO DE URARINAS - PROVINCIA DE LORETO - DEPARTAMENTO DE LORETO,4000014,MEJORAMIENTO DE CENTROS DE SALUD,16,LORETO,13,DONACIONES Y TRANSFERENCIAS,6962685.0,2035006.29
2022,E,GOBIERNO NACIONAL,37,VIVIENDA CONSTRUCCION Y SANEAMIENTO,037,"MINISTERIO DE VIVIENDA, CONSTRUCCION Y SANEAMIENTO",1443,005,PROGRAMA NACIONAL DE SANEAMIENTO RURAL,15,LIMA,01,LIMA,22,MIRAFLORES,0083,PROGRAMA NACIONAL DE SANEAMIENTO RURAL,2,PROYECTO,2235560,"INSTALACION DE LOS SISTEMAS DE AGUA POTABLE Y SANEAMIENTO PARA EL CENTRO POBLADO DE PUERTO ELISA, DISTRITO DE MANSERICHE - DATEM DEL MARANON - LORETO",4000182,CONSTRUCCION DEL SISTEMA DE AGUA POTABLE Y DISPOSICION SANITARIA DE EXCRETA,16,LORETO,13,DONACIONES Y TRANSFERENCIAS,82118.0,0.0
2022,E,GOBIERNO NACIONAL,37,VIVIENDA CONSTRUCCION Y SANEAMIENTO,037,"MINISTERIO DE VIVIENDA, CONSTRUCCION Y SANEAMIENTO",1443,005,PROGRAMA NACIONAL DE SANEAMIENTO RURAL,15,LIMA,01,LIMA,22,MIRAFLORES,0083,PROGRAMA NACIONAL DE SANEAMIENTO RURAL,2,PROYECTO,2328455,"MEJORAMIENTO, AMPLIACION DEL SERVICIO DE AGUA POTABLE Y SANEAMIENTO EN LA COMUNIDAD NATIVA BOLOGNESI, DISTRITO DE ANDOAS, PROVINCIA DE DATEM DEL MARAÑON, REGION LORETO",6000016,GESTION Y ADMINISTRACION,16,LORETO,13,DONACIONES Y TRANSFERENCIAS,71382.0,10795.66
2022,E,GOBIERNO NACIONAL,37,VIVIENDA CONSTRUCCION Y SANEAMIENTO,037,"MINISTERIO DE VIVIENDA, CONSTRUCCION Y SANEAMIENTO",1443,005,PROGRAMA NACIONAL DE SANEAMIENTO RURAL,15,LIMA,01,LIMA,22,MIRAFLORES,0083,PROGRAMA NACIONAL DE SANEAMIENTO RURAL,2,PROYECTO,2400913,"INSTALACION DEL SERVICIO DE AGUA POTABLE Y SANEAMIENTO EN LA COMUNIDAD NATIVA DE MIGUEL GRAU, DISTRITO DE NAUTA, PROVINCIA DE LORETO - LORETO",4000182,CONSTRUCCION DEL SISTEMA DE AGUA POTABLE Y DISPOSICION SANITARIA DE EXCRETA,16,LORETO,13,DONACIONES Y TRANSFERENCIAS,3475291.0,2652459.09
2022,E,GOBIERNO NACIONAL,37,VIVIENDA CONSTRUCCION Y SANEAMIENTO,037,"MINISTERIO DE VIVIENDA, CONSTRUCCION Y SANEAMIENTO",1443,005,PROGRAMA NACIONAL DE SANEAMIENTO RURAL,15,LIMA,01,LIMA,22,MIRAFLORES,0083,PROGRAMA NACIONAL DE SANEAMIENTO RURAL,2,PROYECTO,2400910,"INSTALACION DEL SERVICIO DE AGUA POTABLE Y SANEAMIENTO EN LA COMUNIDAD NATIVA DE HIPOLITO UNANUE, DISTRITO DE NAUTA, PROVINCIA DE LORETO - LORETO",6000002,SUPERVISION Y LIQUIDACION DE OBRAS,16,LORETO,13,DONACIONES Y TRANSFERENCIAS,21506.0,21506.0
2022,M,GOBIERNOS LOCALES, , , , ,300736,080705,MUNICIPALIDAD DISTRITAL DE LIVITACA,08,CUSCO,07,CHUMBIVILCAS,05,LIVITACA,0083,PROGRAMA NACIONAL DE SANEAMIENTO RURAL,2,PROYECTO,2267690,"MEJORAMIENTO Y AMPLIACION DEL SERVICIO DE AGUA POTABLE Y SANEAMIENTO EN LOS SECTORES DE TUNSUMA Y SIHUA DE LA C.C HUANACO, DISTRITO DE LIVITACA - CHUMBIVILCAS - CUSCO",4000183,MEJORAMIENTO DEL SISTEMA DE AGUA POTABLE Y DISPOSICION SANITARIA DE EXCRETA,08,CUSCO,13,DONACIONES Y TRANSFERENCIAS,3764582.0,3010108.77
2022,E,GOBIERNO NACIONAL,37,VIVIENDA CONSTRUCCION Y SANEAMIENTO,037,"MINISTERIO DE VIVIENDA, CONSTRUCCION Y SANEAMIENTO",1443,005,PROGRAMA NACIONAL DE SANEAMIENTO RURAL,15,LIMA,01,LIMA,22,MIRAFLORES,0083,PROGRAMA NACIONAL DE SANEAMIENTO RURAL,2,PROYECTO,2249276,"MEJORAMIENTO DEL SERVICIO DE AGUA POTABLE EN EL SECTOR DE LLIPTAMAYO COMUNIDAD DE CCAHUAYA, DISTRITO DE ALTO PICHIGUA - ESPINAR - CUSCO",6000001,EXPEDIENTE TECNICO,08,CUSCO,13,DONACIONES Y TRANSFERENCIAS,456530.0,361008.1
2022,M,GOBIERNOS LOCALES, , , , ,301464,160511,MUNICIPALIDAD DISTRITAL DE YAQUERANA,16,LORETO,05,REQUENA,11,YAQUERANA,0083,PROGRAMA NACIONAL DE SANEAMIENTO RURAL,2,PROYECTO,2462693,CREACION DEL SISTEMA DE ABASTECIMIENTO DE AGUA POTABLE Y UNIDADES BASICAS DE SANEAMIENTO EN LA COMUNIDAD DE BUENAS LOMAS NUEVA DEL DISTRITO DE YAQUERANA - PROVINCIA DE REQUENA - DEPARTAMENTO DE LORETO,4000041,INSTALACION DE SISTEMA DE AGUA POTABLE,16,LORETO,13,DONACIONES Y TRANSFERENCIAS,3938132.0,0.0
2022,M,GOBIERNOS LOCALES, , , , ,301842,160706,MUNICIPALIDAD DISTRITAL DE ANDOAS,16,LORETO,07,DATEM DEL MARAÑON,06,ANDOAS,9002,ASIGNACIONES PRESUPUESTARIAS QUE NO RESULTAN EN PRODUCTOS,2,PROYECTO,2521709,MEJORAMIENTO DE LOS SERVICIOS DE ORGANIZACION COMUNAL EN 8 LOCALIDADES DEL DISTRITO DE ANDOAS - PROVINCIA DE DATEM DEL MARAÑON - DEPARTAMENTO DE LORETO,4000185,INSTALACION DE LOCAL COMUNAL,16,LORETO,13,DONACIONES Y TRANSFERENCIAS,68044.0,0.0
2022,E,GOBIERNO NACIONAL,37,VIVIENDA CONSTRUCCION Y SANEAMIENTO,037,"MINISTERIO DE VIVIENDA, CONSTRUCCION Y SANEAMIENTO",1443,005,PROGRAMA NACIONAL DE SANEAMIENTO RURAL,15,LIMA,01,LIMA,22,MIRAFLORES,0083,PROGRAMA NACIONAL DE SANEAMIENTO RURAL,2,PROYECTO,2400905,"INSTALACION DEL SERVICIO DE AGUA POTABLE Y SANEAMIENTO EN EL CENTRO POBLADO DE 1 DE FEBRERO, DISTRITO DE NAUTA, PROVINCIA DE LORETO - LORETO",6000002,SUPERVISION Y LIQUIDACION DE OBRAS,16,LORETO,13,DONACIONES Y TRANSFERENCIAS,24930.0,24929.02
2022,M,GOBIERNOS LOCALES, , , , ,300308,030506,MUNICIPALIDAD DISTRITAL DE CHALLHUAHUACHO,03,APURIMAC,05,COTABAMBA,06,CHALLHUAHUACHO,0083,PROGRAMA NACIONAL DE SANEAMIENTO RURAL,2,PROYECTO,2342219,"MEJORAMIENTO Y AMPLIACION DEL SERVICIO DE AGUA POTABLE Y SANEAMIENTO RURAL EN LA COMUNIDAD DE SUYTUYO, DISTRITO DE CHALLHUAHUACHO - COTABAMBAS - APURIMAC",4000053,MEJORAMIENTO DEL SISTEMA DE AGUA POTABLE,03,APURIMAC,13,DONACIONES Y TRANSFERENCIAS,867288.0,835413.9899999999
2022,E,GOBIERNO NACIONAL,37,VIVIENDA CONSTRUCCION Y SANEAMIENTO,037,"MINISTERIO DE VIVIENDA, CONSTRUCCION Y SANEAMIENTO",1443,005,PROGRAMA NACIONAL DE SANEAMIENTO RURAL,15,LIMA,01,LIMA,22,MIRAFLORES,0083,PROGRAMA NACIONAL DE SANEAMIENTO RURAL,2,PROYECTO,2332562,"MEJORAMIENTO Y AMPLIACION DEL SERVICIO DE AGUA POTABLE Y SANEAMIENTO EN LA CC.NN NUEVA JERUSALEN DISTRITO DE TROMPETEROS, PROVINCIA DE LORETO, REGION DE LORETO",4000181,"REHABILITACION, MEJORAMIENTO Y AMPLIACION DEL SISTEMA DE AGUA POTABLE Y DISPOSICION SANITARIA DE EXCRETA",16,LORETO,13,DONACIONES Y TRANSFERENCIAS,1782161.0,1058976.8199999998
2022,E,GOBIERNO NACIONAL,37,VIVIENDA CONSTRUCCION Y SANEAMIENTO,037,"MINISTERIO DE VIVIENDA, CONSTRUCCION Y SANEAMIENTO",1443,005,PROGRAMA NACIONAL DE SANEAMIENTO RURAL,15,LIMA,01,LIMA,22,MIRAFLORES,0083,PROGRAMA NACIONAL DE SANEAMIENTO RURAL,2,PROYECTO,2328479,"MEJORAMIENTO, AMPLIACION DEL SERVICIO DE AGUA POTABLE Y SANEAMIENTO EN LA COMUNIDAD NATIVA SABALOYACU, DISTRITO DE ANDOAS, PROVINCIA DEL DATEM DEL MARAÑON, REGION LORETO",6000039,EDUCACION SANITARIA Y GESTION DE LOS SERVICIOS DE SANEAMIENTO,16,LORETO,13,DONACIONES Y TRANSFERENCIAS,96636.0,34734.0
2022,E,GOBIERNO NACIONAL,37,VIVIENDA CONSTRUCCION Y SANEAMIENTO,037,"MINISTERIO DE VIVIENDA, CONSTRUCCION Y SANEAMIENTO",1443,005,PROGRAMA NACIONAL DE SANEAMIENTO RURAL,15,LIMA,01,LIMA,22,MIRAFLORES,0083,PROGRAMA NACIONAL DE SANEAMIENTO RURAL,2,PROYECTO,2400917,"INSTALACION DEL SERVICIO DE AGUA POTABLE Y SANEAMIENTO EN LA COMUNIDAD NATIVA DE SAN PEDRO II, DISTRITO DE NAUTA, PROVINCIA DE LORETO - LORETO",4000182,CONSTRUCCION DEL SISTEMA DE AGUA POTABLE Y DISPOSICION SANITARIA DE EXCRETA,16,LORETO,13,DONACIONES Y TRANSFERENCIAS,625351.0,625351.0
2022,E,GOBIERNO NACIONAL,37,VIVIENDA CONSTRUCCION Y SANEAMIENTO,037,"MINISTERIO DE VIVIENDA, CONSTRUCCION Y SANEAMIENTO",1443,005,PROGRAMA NACIONAL DE SANEAMIENTO RURAL,15,LIMA,01,LIMA,22,MIRAFLORES,0083,PROGRAMA NACIONAL DE SANEAMIENTO RURAL,2,PROYECTO,2328479,"MEJORAMIENTO, AMPLIACION DEL SERVICIO DE AGUA POTABLE Y SANEAMIENTO EN LA COMUNIDAD NATIVA SABALOYACU, DISTRITO DE ANDOAS, PROVINCIA DEL DATEM DEL MARAÑON, REGION LORETO",4000181,"REHABILITACION, MEJORAMIENTO Y AMPLIACION DEL SISTEMA DE AGUA POTABLE Y DISPOSICION SANITARIA DE EXCRETA",16,LORETO,13,DONACIONES Y TRANSFERENCIAS,2770477.0,1136581.56
2022,E,GOBIERNO NACIONAL,37,VIVIENDA CONSTRUCCION Y SANEAMIENTO,037,"MINISTERIO DE VIVIENDA, CONSTRUCCION Y SANEAMIENTO",1443,005,PROGRAMA NACIONAL DE SANEAMIENTO RURAL,15,LIMA,01,LIMA,22,MIRAFLORES,0083,PROGRAMA NACIONAL DE SANEAMIENTO RURAL,2,PROYECTO,2400908,"INSTALACION DEL SERVICIO DE AGUA POTABLE Y SANEAMIENTO EN EL CENTRO POBLADO DE SANTA CRUZ, DISTRITO DE NAUTA, PROVINCIA DE LORETO - LORETO",6000002,SUPERVISION Y LIQUIDACION DE OBRAS,16,LORETO,13,DONACIONES Y TRANSFERENCIAS,59569.0,0.0
2022,M,GOBIERNOS LOCALES, , , , ,300738,080707,MUNICIPALIDAD DISTRITAL DE QUIÑOTA,08,CUSCO,07,CHUMBIVILCAS,07,QUINOTA,0042,APROVECHAMIENTO DE LOS RECURSOS HIDRICOS PARA USO AGRARIO,2,PROYECTO,2413343,"CREACION Y MEJORAMIENTO DEL SISTEMA DE RIEGO TECNIFICADO EN EL SECTOR DE CHILUYO COMUNIDAD DE QUIÑOTA, DISTRITO DE QUIÑOTA - PROVINCIA DE CHUMBIVILCAS - DEPARTAMENTO DE CUSCO",4000120,MEJORAMIENTO DE LINEA DE CONDUCCION DE SISTEMAS DE RIEGO,08,CUSCO,13,DONACIONES Y TRANSFERENCIAS,48259.0,0.0
2022,M,GOBIERNOS LOCALES, , , , ,301464,160511,MUNICIPALIDAD DISTRITAL DE YAQUERANA,16,LORETO,05,REQUENA,11,YAQUERANA,0083,PROGRAMA NACIONAL DE SANEAMIENTO RURAL,2,PROYECTO,2331811,"CREACION DEL SISTEMA DE AGUA POTABLE Y SANEAMIENTO DE LA LOCALIDAD DE SAN JOSE DE AÑUSHI, DISTRITO DE YAQUERANA - REQUENA - LORETO",4000041,INSTALACION DE SISTEMA DE AGUA POTABLE,16,LORETO,13,DONACIONES Y TRANSFERENCIAS,2033368.0,0.0
2022,E,GOBIERNO NACIONAL,37,VIVIENDA CONSTRUCCION Y SANEAMIENTO,037,"MINISTERIO DE VIVIENDA, CONSTRUCCION Y SANEAMIENTO",1443,005,PROGRAMA NACIONAL DE SANEAMIENTO RURAL,15,LIMA,01,LIMA,22,MIRAFLORES,0083,PROGRAMA NACIONAL DE SANEAMIENTO RURAL,2,PROYECTO,2330634,"MEJORAMIENTO Y AMPLIACION DEL SERVICIO DE AGUA POTABLE Y SANEAMIENTO EN LA CC.NN SAN JUAN DE BARTRA DISTRITO DE EL TIGRE, PROVINCIA DE LORETO, REGION DE LORETO.",4000181,"REHABILITACION, MEJORAMIENTO Y AMPLIACION DEL SISTEMA DE AGUA POTABLE Y DISPOSICION SANITARIA DE EXCRETA",16,LORETO,13,DONACIONES Y TRANSFERENCIAS,3491612.0,1291825.0
2022,E,GOBIERNO NACIONAL,37,VIVIENDA CONSTRUCCION Y SANEAMIENTO,037,"MINISTERIO DE VIVIENDA, CONSTRUCCION Y SANEAMIENTO",1443,005,PROGRAMA NACIONAL DE SANEAMIENTO RURAL,15,LIMA,01,LIMA,22,MIRAFLORES,0083,PROGRAMA NACIONAL DE SANEAMIENTO RURAL,2,PROYECTO,2252832,"INSTALACION DE LOS SISTEMAS DE AGUA POTABLE Y SANEAMIENTO PARA EL CENTRO POBLADO DE AJACHIN, DISTRITO DE MANSERICHE - DATEM DEL MARANON - LORETO",6000002,SUPERVISION Y LIQUIDACION DE OBRAS,16,LORETO,13,DONACIONES Y TRANSFERENCIAS,271439.0,269528.04000000004
2022,E,GOBIERNO NACIONAL,37,VIVIENDA CONSTRUCCION Y SANEAMIENTO,037,"MINISTERIO DE VIVIENDA, CONSTRUCCION Y SANEAMIENTO",1443,005,PROGRAMA NACIONAL DE SANEAMIENTO RURAL,15,LIMA,01,LIMA,22,MIRAFLORES,0083,PROGRAMA NACIONAL DE SANEAMIENTO RURAL,2,PROYECTO,2400936,"INSTALACION DEL SERVICIO DE AGUA POTABLE Y SANEAMIENTO EN EL CENTRO POBLADO DE MIRAFLORES, DISTRITO DE NAUTA, PROVINCIA DE LORETO - LORETO",6000002,SUPERVISION Y LIQUIDACION DE OBRAS,16,LORETO,13,DONACIONES Y TRANSFERENCIAS,16347.0,16347.0
2022,M,GOBIERNOS LOCALES, , , , ,301666,210804,MUNICIPALIDAD DISTRITAL DE LLALLI,21,PUNO,08,MELGAR,04,LLALLI,0083,PROGRAMA NACIONAL DE SANEAMIENTO RURAL,2,PROYECTO,2310519,"MEJORAMIENTO Y AMPLIACION DEL SISTEMA DE AGUA POTABLE Y SANEAMIENTO EN LAS LOCALIDADES DE PARKO HUAYTAHUACHO, HUAYLLANI - CERA CUCHO Y SUCRE CCARAÑAUI, DISTRITO DE LLALLI - MELGAR - PUNO",4000183,MEJORAMIENTO DEL SISTEMA DE AGUA POTABLE Y DISPOSICION SANITARIA DE EXCRETA,21,PUNO,13,DONACIONES Y TRANSFERENCIAS,3710226.0,0.0
2022,E,GOBIERNO NACIONAL,37,VIVIENDA CONSTRUCCION Y SANEAMIENTO,037,"MINISTERIO DE VIVIENDA, CONSTRUCCION Y SANEAMIENTO",1443,005,PROGRAMA NACIONAL DE SANEAMIENTO RURAL,15,LIMA,01,LIMA,22,MIRAFLORES,0083,PROGRAMA NACIONAL DE SANEAMIENTO RURAL,2,PROYECTO,2400930,"INSTALACION DEL SERVICIO DE AGUA POTABLE Y SANEAMIENTO EN EL CENTRO POBLADO DE SAN RAMON, DISTRITO DE NAUTA, PROVINCIA DE LORETO - LORETO",6000002,SUPERVISION Y LIQUIDACION DE OBRAS,16,LORETO,13,DONACIONES Y TRANSFERENCIAS,0.0,0.0
2022,M,GOBIERNOS LOCALES, , , , ,300734,080703,MUNICIPALIDAD DISTRITAL DE CHAMACA,08,CUSCO,07,CHUMBIVILCAS,03,CHAMACA,0083,PROGRAMA NACIONAL DE SANEAMIENTO RURAL,2,PROYECTO,2387789,"MEJORAMIENTO Y AMPLIACION DEL SISTEMA DE SANEAMIENTO BASICO INTEGRAL EN LAS COMUNIDADES DE QACCHO LIMAMAYO Y QUELLOMARCA, DEL DISTRITO DE CHAMACA - PROVINCIA DE CHUMBIVILCAS - DEPARTAMENTO DE CUSCO",4000043,INSTALACION DEL SISTEMA DE DISPOSICION SANITARIA DE EXCRETAS,08,CUSCO,13,DONACIONES Y TRANSFERENCIAS,9999399.0,0.0
2023,M,GOBIERNOS LOCALES, , , , ,301842,160706,MUNICIPALIDAD DISTRITAL DE ANDOAS,16,LORETO,07,DATEM DEL MARAÑON,06,ANDOAS,0083,PROGRAMA NACIONAL DE SANEAMIENTO RURAL,2,PROYECTO,2462559,CREACION DEL SISTEMA DE AGUA POTABLE Y DESAGUE DE LA COMUNIDAD NATIVA LOBOYACU DEL DISTRITO DE ANDOAS - PROVINCIA DE DATEM DEL MARAÑON - DEPARTAMENTO DE LORETO,4000041,INSTALACION DE SISTEMA DE AGUA POTABLE,16,LORETO,13,DONACIONES Y TRANSFERENCIAS,8546272.0,1750289.66
2023,M,GOBIERNOS LOCALES, , , , ,300738,080707,MUNICIPALIDAD DISTRITAL DE QUIÑOTA,08,CUSCO,07,CHUMBIVILCAS,07,QUINOTA,0083,PROGRAMA NACIONAL DE SANEAMIENTO RURAL,2,PROYECTO,2344820,"AMPLIACION Y MEJORAMIENTO DEL SISTEMA DE SANEAMIENTO BASICO INTEGRAL EN LOS ANEXOS DE CHILLAPUJRO, SACHAYOQHUAYCCO,QUELLWAPAMPA,QUINSANIA Y CHALANSILLO DE LA COMUNIDAD CAMPESINA DE PUMALLACTA DEL DISTRITO DE QUIÑOTA, PROVINCIA DE CHUMBIVILCAS - CUSCO",4000053,MEJORAMIENTO DEL SISTEMA DE AGUA POTABLE,08,CUSCO,13,DONACIONES Y TRANSFERENCIAS,4282968.0,4200925.43
2023,M,GOBIERNOS LOCALES, , , , ,300739,080708,MUNICIPALIDAD DISTRITAL DE VELILLE,08,CUSCO,07,CHUMBIVILCAS,08,VELILLE,0083,PROGRAMA NACIONAL DE SANEAMIENTO RURAL,2,PROYECTO,2467058,MEJORAMIENTO Y AMPLIACION DE LOS SERVICIOS DE AGUA POTABLE Y SANEAMIENTO EN LA COMUNIDAD DE CASA BLANCA DEL DISTRITO DE VELILLE - PROVINCIA DE CHUMBIVILCAS - DEPARTAMENTO DE CUSCO,4000053,MEJORAMIENTO DEL SISTEMA DE AGUA POTABLE,08,CUSCO,13,DONACIONES Y TRANSFERENCIAS,3682967.0,2647418.18
2023,M,GOBIERNOS LOCALES, , , , ,300040,010401,MUNICIPALIDAD PROVINCIAL DE CONDORCANQUI - NIEVA,01,AMAZONAS,04,CONDORCANQUI,01,NIEVA,0090,LOGROS DE APRENDIZAJE DE ESTUDIANTES DE LA EDUCACION BASICA REGULAR,2,PROYECTO,2460610,"MEJORAMIENTO DEL SERVICIO EDUCATIVO EN LA I.E.I N° 270 CC.NN. NUEVA ESPERANZA, DISTRITO DE NIEVA - PROVINCIA DE CONDORCANQUI - DEPARTAMENTO DE AMAZONAS",4000035,MEJORAMIENTO DE INFRAESTRUCTURA DE EDUCACION INICIAL,01,AMAZONAS,13,DONACIONES Y TRANSFERENCIAS,4634457.0,3535193.81
2023,M,GOBIERNOS LOCALES, , , , ,300733,080702,MUNICIPALIDAD DISTRITAL DE CAPACMARCA,08,CUSCO,07,CHUMBIVILCAS,02,CAPACMARCA,0042,APROVECHAMIENTO DE LOS RECURSOS HIDRICOS PARA USO AGRARIO,2,PROYECTO,2405351,"CREACION DEL SERVICIO DE AGUA PARA RIEGO EN LOS SECTORES DE LAROBAMBA, PUMAPUJIO, MOLLECCACCA, MACHAYPUNCO, SAYHUA, COMUN ORETONAYOC, HUANCALLO Y LAMANTE DE LA COMUNIDAD DE TAHUAY DEL DISTRITO DE CAPACMARCA - PROVINCIA DE CHUMBIVILCAS - REGION CUSCO",4000109,AMPLIACION DE SISTEMA DE RIEGO,08,CUSCO,13,DONACIONES Y TRANSFERENCIAS,4805433.0,2037818.32
2023,E,GOBIERNO NACIONAL,11,SALUD,011,M. DE SALUD,1655,125,PROGRAMA NACIONAL DE INVERSIONES EN SALUD,15,LIMA,01,LIMA,31,SAN ISIDRO,9002,ASIGNACIONES PRESUPUESTARIAS QUE NO RESULTAN EN PRODUCTOS,2,PROYECTO,2521713,CREACION DE LOS SERVICIOS DE SALUD BASICOS EN LA COMUNIDAD NATIVA NUEVA ALIANZA DEL DISTRITO DE URARINAS - PROVINCIA DE LORETO - DEPARTAMENTO DE LORETO,6000002,SUPERVISION Y LIQUIDACION DE OBRAS,16,LORETO,13,DONACIONES Y TRANSFERENCIAS,510873.0,413201.3
2023,E,GOBIERNO NACIONAL,37,VIVIENDA CONSTRUCCION Y SANEAMIENTO,037,"MINISTERIO DE VIVIENDA, CONSTRUCCION Y SANEAMIENTO",1443,005,PROGRAMA NACIONAL DE SANEAMIENTO RURAL,15,LIMA,01,LIMA,22,MIRAFLORES,0083,PROGRAMA NACIONAL DE SANEAMIENTO RURAL,2,PROYECTO,2400917,"INSTALACION DEL SERVICIO DE AGUA POTABLE Y SANEAMIENTO EN LA COMUNIDAD NATIVA DE SAN PEDRO II, DISTRITO DE NAUTA, PROVINCIA DE LORETO - LORETO",4000182,CONSTRUCCION DEL SISTEMA DE AGUA POTABLE Y DISPOSICION SANITARIA DE EXCRETA,16,LORETO,13,DONACIONES Y TRANSFERENCIAS,5088.0,5088.0
2023,E,GOBIERNO NACIONAL,37,VIVIENDA CONSTRUCCION Y SANEAMIENTO,037,"MINISTERIO DE VIVIENDA, CONSTRUCCION Y SANEAMIENTO",1443,005,PROGRAMA NACIONAL DE SANEAMIENTO RURAL,15,LIMA,01,LIMA,22,MIRAFLORES,0083,PROGRAMA NACIONAL DE SANEAMIENTO RURAL,2,PROYECTO,2400913,"INSTALACION DEL SERVICIO DE AGUA POTABLE Y SANEAMIENTO EN LA COMUNIDAD NATIVA DE MIGUEL GRAU, DISTRITO DE NAUTA, PROVINCIA DE LORETO - LORETO",6000002,SUPERVISION Y LIQUIDACION DE OBRAS,16,LORETO,13,DONACIONES Y TRANSFERENCIAS,29253.0,3476.31
2023,E,GOBIERNO NACIONAL,37,VIVIENDA CONSTRUCCION Y SANEAMIENTO,037,"MINISTERIO DE VIVIENDA, CONSTRUCCION Y SANEAMIENTO",1443,005,PROGRAMA NACIONAL DE SANEAMIENTO RURAL,15,LIMA,01,LIMA,22,MIRAFLORES,0083,PROGRAMA NACIONAL DE SANEAMIENTO RURAL,2,PROYECTO,2328455,"MEJORAMIENTO, AMPLIACION DEL SERVICIO DE AGUA POTABLE Y SANEAMIENTO EN LA COMUNIDAD NATIVA BOLOGNESI, DISTRITO DE ANDOAS, PROVINCIA DE DATEM DEL MARAÑON, REGION LORETO",6000016,GESTION Y ADMINISTRACION,16,LORETO,13,DONACIONES Y TRANSFERENCIAS,79362.0,68193.09
2023,E,GOBIERNO NACIONAL,13,AGRARIO Y DE RIEGO,013,M. DE DESARROLLO AGRARIO Y RIEGO,1296,011,PROGRAMA DE DESARROLLO PRODUCTIVO AGRARIO RURAL - AGRORURAL,15,LIMA,01,LIMA,13,JESUS MARIA,0042,APROVECHAMIENTO DE LOS RECURSOS HIDRICOS PARA USO AGRARIO,2,PROYECTO,2316039,"MEJORAMIENTO DEL SERVICIO DE AGUA DEL SISTEMA DE RIEGO DE LA MICROCUENCA TACCACCA EN LAS COMUNIDADES DE HUAYHUAHUASI, OQUEBAMBA Y TOTORA ALTA, DISTRITO DE COPORAQUE, PROVINCIA DE ESPINAR, REGION CUSCO",4000120,MEJORAMIENTO DE LINEA DE CONDUCCION DE SISTEMAS DE RIEGO,08,CUSCO,13,DONACIONES Y TRANSFERENCIAS,1775262.0,680036.33
2023,E,GOBIERNO NACIONAL,37,VIVIENDA CONSTRUCCION Y SANEAMIENTO,037,"MINISTERIO DE VIVIENDA, CONSTRUCCION Y SANEAMIENTO",1443,005,PROGRAMA NACIONAL DE SANEAMIENTO RURAL,15,LIMA,01,LIMA,22,MIRAFLORES,0083,PROGRAMA NACIONAL DE SANEAMIENTO RURAL,2,PROYECTO,2328479,"MEJORAMIENTO, AMPLIACION DEL SERVICIO DE AGUA POTABLE Y SANEAMIENTO EN LA COMUNIDAD NATIVA SABALOYACU, DISTRITO DE ANDOAS, PROVINCIA DEL DATEM DEL MARAÑON, REGION LORETO",6000039,EDUCACION SANITARIA Y GESTION DE LOS SERVICIOS DE SANEAMIENTO,16,LORETO,13,DONACIONES Y TRANSFERENCIAS,14886.0,14886.0
2023,E,GOBIERNO NACIONAL,37,VIVIENDA CONSTRUCCION Y SANEAMIENTO,037,"MINISTERIO DE VIVIENDA, CONSTRUCCION Y SANEAMIENTO",1443,005,PROGRAMA NACIONAL DE SANEAMIENTO RURAL,15,LIMA,01,LIMA,22,MIRAFLORES,0083,PROGRAMA NACIONAL DE SANEAMIENTO RURAL,2,PROYECTO,2328455,"MEJORAMIENTO, AMPLIACION DEL SERVICIO DE AGUA POTABLE Y SANEAMIENTO EN LA COMUNIDAD NATIVA BOLOGNESI, DISTRITO DE ANDOAS, PROVINCIA DE DATEM DEL MARAÑON, REGION LORETO",4000181,"REHABILITACION, MEJORAMIENTO Y AMPLIACION DEL SISTEMA DE AGUA POTABLE Y DISPOSICION SANITARIA DE EXCRETA",16,LORETO,13,DONACIONES Y TRANSFERENCIAS,1092195.0,546493.8999999999
2023,E,GOBIERNO NACIONAL,37,VIVIENDA CONSTRUCCION Y SANEAMIENTO,037,"MINISTERIO DE VIVIENDA, CONSTRUCCION Y SANEAMIENTO",1443,005,PROGRAMA NACIONAL DE SANEAMIENTO RURAL,15,LIMA,01,LIMA,22,MIRAFLORES,0083,PROGRAMA NACIONAL DE SANEAMIENTO RURAL,2,PROYECTO,2400908,"INSTALACION DEL SERVICIO DE AGUA POTABLE Y SANEAMIENTO EN EL CENTRO POBLADO DE SANTA CRUZ, DISTRITO DE NAUTA, PROVINCIA DE LORETO - LORETO",6000002,SUPERVISION Y LIQUIDACION DE OBRAS,16,LORETO,13,DONACIONES Y TRANSFERENCIAS,59569.0,0.0
2023,M,GOBIERNOS LOCALES, , , , ,301428,160107,MUNICIPALIDAD DISTRITAL DE NAPO,16,LORETO,01,MAYNAS,07,NAPO,0083,PROGRAMA NACIONAL DE SANEAMIENTO RURAL,2,PROYECTO,2404476,CREACION E INSTALACION DEL SISTEMA DE AGUA POTABLE Y SANEAMIENTO DEL CENTRO POBLADO DE HUITOTOS DE NEGRO URCO - DISTRITO DE NAPO - PROVINCIA DE MAYNAS - REGION LORETO,4000041,INSTALACION DE SISTEMA DE AGUA POTABLE,16,LORETO,13,DONACIONES Y TRANSFERENCIAS,6950868.0,6922657.22
2023,M,GOBIERNOS LOCALES, , , , ,300732,080701,MUNICIPALIDAD PROVINCIAL DE CHUMBIVILCAS - SANTO TOMAS,08,CUSCO,07,CHUMBIVILCAS,01,SANTO TOMAS,0042,APROVECHAMIENTO DE LOS RECURSOS HIDRICOS PARA USO AGRARIO,2,PROYECTO,2327671,"AMPLIACION Y MEJORAMIENTO DE LOS SISTEMAS DE RIEGO DE ESPAÑA EN LOS ANEXOS DE LUTTO CENTRAL, KUTUTO, CRUZPATA, CHIHUAYHUANI, CCOLLPATUMAYCO DE LA COMUNIDAD DE LUTTO, KUTUTO DEL DISTRITO DE LLUSCO, PROVINCIA DE CHUMBIVILCAS - CUSCO",4000109,AMPLIACION DE SISTEMA DE RIEGO,08,CUSCO,13,DONACIONES Y TRANSFERENCIAS,3404032.0,1598223.03
2023,M,GOBIERNOS LOCALES, , , , ,300308,030506,MUNICIPALIDAD DISTRITAL DE CHALLHUAHUACHO,03,APURIMAC,05,COTABAMBA,06,CHALLHUAHUACHO,0083,PROGRAMA NACIONAL DE SANEAMIENTO RURAL,2,PROYECTO,2342171,"MEJORAMIENTO Y AMPLIACION SERVICIO DE AGUA POTABLE Y SANEAMIENTO RURAL EN LA COMUNIDAD DE MOLINOPATA, DISTRITO DE CHALLHUAHUACHO - COTABAMBAS - APURIMAC",4000053,MEJORAMIENTO DEL SISTEMA DE AGUA POTABLE,03,APURIMAC,13,DONACIONES Y TRANSFERENCIAS,267104.0,36000.0
2023,M,GOBIERNOS LOCALES, , , , ,300732,080701,MUNICIPALIDAD PROVINCIAL DE CHUMBIVILCAS - SANTO TOMAS,08,CUSCO,07,CHUMBIVILCAS,01,SANTO TOMAS,0138,"REDUCCION DEL COSTO, TIEMPO E INSEGURIDAD EN EL SISTEMA DE TRANSPORTE",2,PROYECTO,2501886,MEJORAMIENTO DEL SERVICIO DE TRANSITABILIDAD DEL CAMINO VECINAL ANEXO RANRAPATA CC. CCOLLANA Y ANEXO TIRANI CC. PUMALLACTA - DISTRITO DE QUIÑOTA - ANEXO CCASHIAHUI CC. CCOLLPA CCASHIAHUI - DISTRITO DE LLUSCO - R-67 (DESV. LLIQUE- ACCACCO COCHANI MOSCCO) DISTRITO DE SANTO TOMAS - PROVINCIA DE CHUMBIVILCAS - DEPARTAMENTO DE CUSCO,6000001,EXPEDIENTE TECNICO,08,CUSCO,13,DONACIONES Y TRANSFERENCIAS,373950.0,100966.8
2023,E,GOBIERNO NACIONAL,37,VIVIENDA CONSTRUCCION Y SANEAMIENTO,037,"MINISTERIO DE VIVIENDA, CONSTRUCCION Y SANEAMIENTO",1443,005,PROGRAMA NACIONAL DE SANEAMIENTO RURAL,15,LIMA,01,LIMA,22,MIRAFLORES,0083,PROGRAMA NACIONAL DE SANEAMIENTO RURAL,2,PROYECTO,2332507,"MEJORAMIENTO Y AMPLIACION DEL SERVICIO DE AGUA POTABLE Y SANEAMIENTO EN LA CC.NN BELEN DISTRITO DE TROMPETEROS, PROVINCIA DE LORETO, REGION DE LORETO.",6000016,GESTION Y ADMINISTRACION,16,LORETO,13,DONACIONES Y TRANSFERENCIAS,90000.0,59937.06
2023,E,GOBIERNO NACIONAL,37,VIVIENDA CONSTRUCCION Y SANEAMIENTO,037,"MINISTERIO DE VIVIENDA, CONSTRUCCION Y SANEAMIENTO",1443,005,PROGRAMA NACIONAL DE SANEAMIENTO RURAL,15,LIMA,01,LIMA,22,MIRAFLORES,0083,PROGRAMA NACIONAL DE SANEAMIENTO RURAL,2,PROYECTO,2328473,"MEJORAMIENTO, AMPLIACION DEL SERVICIO DE AGUA POTABLE Y SANEAMIENTO EN LA COMUNIDAD NATIVA ALIANZA TOPAL, DISTRITO DE ANDOAS, PROVINCIA DE DATEM DEL MARAÑON, REGION LORETO",6000002,SUPERVISION Y LIQUIDACION DE OBRAS,16,LORETO,13,DONACIONES Y TRANSFERENCIAS,53915.0,53914.3
2023,E,GOBIERNO NACIONAL,37,VIVIENDA CONSTRUCCION Y SANEAMIENTO,037,"MINISTERIO DE VIVIENDA, CONSTRUCCION Y SANEAMIENTO",1443,005,PROGRAMA NACIONAL DE SANEAMIENTO RURAL,15,LIMA,01,LIMA,22,MIRAFLORES,0083,PROGRAMA NACIONAL DE SANEAMIENTO RURAL,2,PROYECTO,2400940,"INSTALACION DEL SERVICIO DE AGUA POTABLE Y SANEAMIENTO EN EL CENTRO POBLADO DE SANTA EMILIA, DISTRITO DE NAUTA, PROVINCIA DE LORETO - LORETO",4000182,CONSTRUCCION DEL SISTEMA DE AGUA POTABLE Y DISPOSICION SANITARIA DE EXCRETA,16,LORETO,13,DONACIONES Y TRANSFERENCIAS,3205.0,3205.0
2023,E,GOBIERNO NACIONAL,37,VIVIENDA CONSTRUCCION Y SANEAMIENTO,037,"MINISTERIO DE VIVIENDA, CONSTRUCCION Y SANEAMIENTO",1443,005,PROGRAMA NACIONAL DE SANEAMIENTO RURAL,15,LIMA,01,LIMA,22,MIRAFLORES,0083,PROGRAMA NACIONAL DE SANEAMIENTO RURAL,2,PROYECTO,2328479,"MEJORAMIENTO, AMPLIACION DEL SERVICIO DE AGUA POTABLE Y SANEAMIENTO EN LA COMUNIDAD NATIVA SABALOYACU, DISTRITO DE ANDOAS, PROVINCIA DEL DATEM DEL MARAÑON, REGION LORETO",6000002,SUPERVISION Y LIQUIDACION DE OBRAS,16,LORETO,13,DONACIONES Y TRANSFERENCIAS,135651.0,122481.0
2023,M,GOBIERNOS LOCALES, , , , ,300737,080706,MUNICIPALIDAD DISTRITAL DE LLUSCO,08,CUSCO,07,CHUMBIVILCAS,06,LLUSCO,0138,"REDUCCION DEL COSTO, TIEMPO E INSEGURIDAD EN EL SISTEMA DE TRANSPORTE",2,PROYECTO,2488665,CREACION DEL CAMINO VECINAL ANTUYO - PERCCATUYO - CASIAHUI EN LAS COMUNIDADES DE ANTUYO LLAULLIMARCA Y CCOLLPA DEL DISTRITO DE LLUSCO - PROVINCIA DE CHUMBIVILCAS - DEPARTAMENTO DE CUSCO,6000001,EXPEDIENTE TECNICO,08,CUSCO,13,DONACIONES Y TRANSFERENCIAS,99106.0,42395.0
2023,M,GOBIERNOS LOCALES, , , , ,300735,080704,MUNICIPALIDAD DISTRITAL DE COLQUEMARCA,08,CUSCO,07,CHUMBIVILCAS,04,COLQUEMARCA,0083,PROGRAMA NACIONAL DE SANEAMIENTO RURAL,2,PROYECTO,2488698,MEJORAMIENTO Y AMPLIACION DEL SERVICIO DE AGUA POTABLE Y SANEAMIENTO BASICO EN EL ANEXO DE CHOCCOYO DE LA COMUNIDAD IDIOPA - ÑAUPA JAPO - URINSAYA DEL DISTRITO DE COLQUEMARCA - PROVINCIA DE CHUMBIVILCAS - DEPARTAMENTO DE CUSCO,6000001,EXPEDIENTE TECNICO,08,CUSCO,13,DONACIONES Y TRANSFERENCIAS,54659.0,0.0
2023,E,GOBIERNO NACIONAL,11,SALUD,011,M. DE SALUD,1655,125,PROGRAMA NACIONAL DE INVERSIONES EN SALUD,15,LIMA,01,LIMA,31,SAN ISIDRO,9002,ASIGNACIONES PRESUPUESTARIAS QUE NO RESULTAN EN PRODUCTOS,2,PROYECTO,2521713,CREACION DE LOS SERVICIOS DE SALUD BASICOS EN LA COMUNIDAD NATIVA NUEVA ALIANZA DEL DISTRITO DE URARINAS - PROVINCIA DE LORETO - DEPARTAMENTO DE LORETO,4000014,MEJORAMIENTO DE CENTROS DE SALUD,16,LORETO,13,DONACIONES Y TRANSFERENCIAS,4927678.0,4927677.42
2023,M,GOBIERNOS LOCALES, , , , ,300308,030506,MUNICIPALIDAD DISTRITAL DE CHALLHUAHUACHO,03,APURIMAC,05,COTABAMBA,06,CHALLHUAHUACHO,0083,PROGRAMA NACIONAL DE SANEAMIENTO RURAL,2,PROYECTO,2342230,"MEJORAMIENTO Y AMPLIACION DEL SERVICIO DE AGUA POTABLE Y SANEAMIENTO RURAL EN LAS LOCALIDADES DE ANCHACCALLA, YURACCMAYO, SURACA, HUALLPAMAYO Y CHALLA CHALLA DEL CENTRO POBLADO DE QUEUÑA, DISTRITO DE CHALLHUAHUACHO - COTABAMBAS - APURIMAC",4000053,MEJORAMIENTO DEL SISTEMA DE AGUA POTABLE,03,APURIMAC,13,DONACIONES Y TRANSFERENCIAS,99944.0,99944.0
2023,E,GOBIERNO NACIONAL,11,SALUD,011,M. DE SALUD,1655,125,PROGRAMA NACIONAL DE INVERSIONES EN SALUD,15,LIMA,01,LIMA,31,SAN ISIDRO,9002,ASIGNACIONES PRESUPUESTARIAS QUE NO RESULTAN EN PRODUCTOS,2,PROYECTO,2521713,CREACION DE LOS SERVICIOS DE SALUD BASICOS EN LA COMUNIDAD NATIVA NUEVA ALIANZA DEL DISTRITO DE URARINAS - PROVINCIA DE LORETO - DEPARTAMENTO DE LORETO,6000016,GESTION Y ADMINISTRACION,16,LORETO,13,DONACIONES Y TRANSFERENCIAS,110000.0,99968.68
2023,E,GOBIERNO NACIONAL,37,VIVIENDA CONSTRUCCION Y SANEAMIENTO,037,"MINISTERIO DE VIVIENDA, CONSTRUCCION Y SANEAMIENTO",1443,005,PROGRAMA NACIONAL DE SANEAMIENTO RURAL,15,LIMA,01,LIMA,22,MIRAFLORES,0083,PROGRAMA NACIONAL DE SANEAMIENTO RURAL,2,PROYECTO,2330643,"MEJORAMIENTO Y AMPLIACION DEL SERVICIO DE AGUA POTABLE Y SANEAMIENTO EN LA CC.NN MARSELLA DISTRITO DE EL TIGRE, PROVINCIA DE LORETO, REGION DE LORETO",6000039,EDUCACION SANITARIA Y GESTION DE LOS SERVICIOS DE SANEAMIENTO,16,LORETO,13,DONACIONES Y TRANSFERENCIAS,59500.0,0.0
2023,E,GOBIERNO NACIONAL,37,VIVIENDA CONSTRUCCION Y SANEAMIENTO,037,"MINISTERIO DE VIVIENDA, CONSTRUCCION Y SANEAMIENTO",1443,005,PROGRAMA NACIONAL DE SANEAMIENTO RURAL,15,LIMA,01,LIMA,22,MIRAFLORES,0083,PROGRAMA NACIONAL DE SANEAMIENTO RURAL,2,PROYECTO,2328479,"MEJORAMIENTO, AMPLIACION DEL SERVICIO DE AGUA POTABLE Y SANEAMIENTO EN LA COMUNIDAD NATIVA SABALOYACU, DISTRITO DE ANDOAS, PROVINCIA DEL DATEM DEL MARAÑON, REGION LORETO",6000016,GESTION Y ADMINISTRACION,16,LORETO,13,DONACIONES Y TRANSFERENCIAS,71079.0,55950.060000000005
2023,E,GOBIERNO NACIONAL,37,VIVIENDA CONSTRUCCION Y SANEAMIENTO,037,"MINISTERIO DE VIVIENDA, CONSTRUCCION Y SANEAMIENTO",1443,005,PROGRAMA NACIONAL DE SANEAMIENTO RURAL,15,LIMA,01,LIMA,22,MIRAFLORES,0083,PROGRAMA NACIONAL DE SANEAMIENTO RURAL,2,PROYECTO,2235611,"AMPLIACION Y MEJORAMIENTO DEL SERVICIO DE AGUA POTABLE E INSTALACION DEL SERVICIO DE SANEAMIENTO EN EL CENTRO POBLADO DE PAMPA HERMOSA, DISTRITO DE TROMPETEROS, PROVINCIA DE LORETO, REGION LORETO",6000016,GESTION Y ADMINISTRACION,16,LORETO,13,DONACIONES Y TRANSFERENCIAS,59505.0,53504.42
2023,E,GOBIERNO NACIONAL,11,SALUD,011,M. DE SALUD,1655,125,PROGRAMA NACIONAL DE INVERSIONES EN SALUD,15,LIMA,01,LIMA,31,SAN ISIDRO,9002,ASIGNACIONES PRESUPUESTARIAS QUE NO RESULTAN EN PRODUCTOS,2,PROYECTO,2469195,"MEJORAMIENTO Y AMPLIACION DE LOS SERVICIOS DE SALUD DEL ESTABLECIMIENTO DE SALUD NUEVO ANDOAS, DISTRITO DE ANDOAS - PROVINCIA DE DATEM DEL MARAÑON - DEPARTAMENTO DE LORETO",6000016,GESTION Y ADMINISTRACION,16,LORETO,13,DONACIONES Y TRANSFERENCIAS,225000.0,0.0
2023,E,GOBIERNO NACIONAL,37,VIVIENDA CONSTRUCCION Y SANEAMIENTO,037,"MINISTERIO DE VIVIENDA, CONSTRUCCION Y SANEAMIENTO",1443,005,PROGRAMA NACIONAL DE SANEAMIENTO RURAL,15,LIMA,01,LIMA,22,MIRAFLORES,0083,PROGRAMA NACIONAL DE SANEAMIENTO RURAL,2,PROYECTO,2332507,"MEJORAMIENTO Y AMPLIACION DEL SERVICIO DE AGUA POTABLE Y SANEAMIENTO EN LA CC.NN BELEN DISTRITO DE TROMPETEROS, PROVINCIA DE LORETO, REGION DE LORETO.",6000039,EDUCACION SANITARIA Y GESTION DE LOS SERVICIOS DE SANEAMIENTO,16,LORETO,13,DONACIONES Y TRANSFERENCIAS,54965.0,19849.199999999997
2023,E,GOBIERNO NACIONAL,37,VIVIENDA CONSTRUCCION Y SANEAMIENTO,037,"MINISTERIO DE VIVIENDA, CONSTRUCCION Y SANEAMIENTO",1443,005,PROGRAMA NACIONAL DE SANEAMIENTO RURAL,15,LIMA,01,LIMA,22,MIRAFLORES,0083,PROGRAMA NACIONAL DE SANEAMIENTO RURAL,2,PROYECTO,2307922,"AMPLIACION Y MEJORAMIENTO DEL SERVICIO DE AGUA POTABLE E INSTALACION DEL SANEAMIENTO DE LA LOCALIDAD DE LIBERTAD, DISTRITO DE TIGRE - LORETO - LORETO",4000181,"REHABILITACION, MEJORAMIENTO Y AMPLIACION DEL SISTEMA DE AGUA POTABLE Y DISPOSICION SANITARIA DE EXCRETA",16,LORETO,13,DONACIONES Y TRANSFERENCIAS,5559860.0,0.0
2023,M,GOBIERNOS LOCALES, , , , ,300738,080707,MUNICIPALIDAD DISTRITAL DE QUIÑOTA,08,CUSCO,07,CHUMBIVILCAS,07,QUINOTA,0090,LOGROS DE APRENDIZAJE DE ESTUDIANTES DE LA EDUCACION BASICA REGULAR,2,PROYECTO,2484007,MEJORAMIENTO DEL SERVICIO EDUCATIVO DE LA INSTITUCION EDUCATIVA DE NIVEL PRIMARIO 501447 YAWARMAYO DEL DISTRITO DE QUIÑOTA - PROVINCIA DE CHUMBIVILCAS - DEPARTAMENTO DE CUSCO,4000036,MEJORAMIENTO DE INFRAESTRUCTURA DE EDUCACION PRIMARIA,08,CUSCO,13,DONACIONES Y TRANSFERENCIAS,190000.0,0.0
2023,M,GOBIERNOS LOCALES, , , , ,300735,080704,MUNICIPALIDAD DISTRITAL DE COLQUEMARCA,08,CUSCO,07,CHUMBIVILCAS,04,COLQUEMARCA,0083,PROGRAMA NACIONAL DE SANEAMIENTO RURAL,2,PROYECTO,2300687,"MEJORAMIENTO Y AMPLIACION DEL SISTEMA DE SERVICIO DE AGUA POTABLE, LETRINAS SANITARIAS CON ARRASTRE HIDRAULICO Y BIODIGESTOR EN EL SECTORES DE HUACCOTO, HUALLUANI, TOROMANYA Y CANTUTA EN LA COMUNIDAD DE HUACCOTO DEL DISTRITO DE COLQUEMARCA, PROVINCIA DE CHUMBIVILCAS - CUSCO",4000053,MEJORAMIENTO DEL SISTEMA DE AGUA POTABLE,08,CUSCO,13,DONACIONES Y TRANSFERENCIAS,1836670.0,1793485.98
2023,M,GOBIERNOS LOCALES, , , , ,300732,080701,MUNICIPALIDAD PROVINCIAL DE CHUMBIVILCAS - SANTO TOMAS,08,CUSCO,07,CHUMBIVILCAS,01,SANTO TOMAS,0083,PROGRAMA NACIONAL DE SANEAMIENTO RURAL,2,PROYECTO,2290579,"MEJORAMIENTO Y AMPLIACION DEL SISTEMA DE AGUA POTABLE E INSTALACION DE UNIDADES BASICAS SANITARIAS EN EL ANEXO ARMIRI DE LA C.C. CHARAMURAY, DISTRITO DE COLQUEMARCA, PROVINCIA DE CHUMBIVILCAS - CUSCO",4000053,MEJORAMIENTO DEL SISTEMA DE AGUA POTABLE,08,CUSCO,13,DONACIONES Y TRANSFERENCIAS,2363279.0,2089924.56
2023,M,GOBIERNOS LOCALES, , , , ,300734,080703,MUNICIPALIDAD DISTRITAL DE CHAMACA,08,CUSCO,07,CHUMBIVILCAS,03,CHAMACA,0083,PROGRAMA NACIONAL DE SANEAMIENTO RURAL,2,PROYECTO,2387789,"MEJORAMIENTO Y AMPLIACION DEL SISTEMA DE SANEAMIENTO BASICO INTEGRAL EN LAS COMUNIDADES DE QACCHO LIMAMAYO Y QUELLOMARCA, DEL DISTRITO DE CHAMACA - PROVINCIA DE CHUMBIVILCAS - DEPARTAMENTO DE CUSCO",4000043,INSTALACION DEL SISTEMA DE DISPOSICION SANITARIA DE EXCRETAS,08,CUSCO,13,DONACIONES Y TRANSFERENCIAS,9999399.0,2426701.41
2023,M,GOBIERNOS LOCALES, , , , ,300735,080704,MUNICIPALIDAD DISTRITAL DE COLQUEMARCA,08,CUSCO,07,CHUMBIVILCAS,04,COLQUEMARCA,0148,"REDUCCION DEL TIEMPO, INSEGURIDAD Y COSTO AMBIENTAL EN EL TRANSPORTE URBANO",2,PROYECTO,2472091,"MEJORAMIENTO DE LA CARRETERA EMP. PE-3S G - EMP. CU -1552 - EMP. CU - 119 (LACCANI), EMP.CU 119 - EMP. CU 1914, EMP.CU 1913 - JAPU- EMP.CU 127 DISTRITO DE COLQUEMARCA - PROVINCIA DE CHUMBIVILCAS - DEPARTAMENTO DE CUSCO",6000001,EXPEDIENTE TECNICO,08,CUSCO,13,DONACIONES Y TRANSFERENCIAS,58378.0,58005.2
2023,M,GOBIERNOS LOCALES, , , , ,300734,080703,MUNICIPALIDAD DISTRITAL DE CHAMACA,08,CUSCO,07,CHUMBIVILCAS,03,CHAMACA,0090,LOGROS DE APRENDIZAJE DE ESTUDIANTES DE LA EDUCACION BASICA REGULAR,2,PROYECTO,2433908,MEJORAMIENTO Y AMPLIACION SERVICIOS EDUCATIVOS DE LA IE N°56264 UCHUCCARCCO ALTO DEL DISTRITO DE CHAMACA - PROVINCIA DE CHUMBIVILCAS - DEPARTAMENTO DE CUSCO,4000018,INSTALACION DE INFRAESTRUCTURA DE EDUCACION PRIMARIA,08,CUSCO,13,DONACIONES Y TRANSFERENCIAS,71129.0,54884.46
2023,E,GOBIERNO NACIONAL,37,VIVIENDA CONSTRUCCION Y SANEAMIENTO,037,"MINISTERIO DE VIVIENDA, CONSTRUCCION Y SANEAMIENTO",1443,005,PROGRAMA NACIONAL DE SANEAMIENTO RURAL,15,LIMA,01,LIMA,22,MIRAFLORES,0083,PROGRAMA NACIONAL DE SANEAMIENTO RURAL,2,PROYECTO,2330643,"MEJORAMIENTO Y AMPLIACION DEL SERVICIO DE AGUA POTABLE Y SANEAMIENTO EN LA CC.NN MARSELLA DISTRITO DE EL TIGRE, PROVINCIA DE LORETO, REGION DE LORETO",6000002,SUPERVISION Y LIQUIDACION DE OBRAS,16,LORETO,13,DONACIONES Y TRANSFERENCIAS,310627.0,0.0
2023,E,GOBIERNO NACIONAL,37,VIVIENDA CONSTRUCCION Y SANEAMIENTO,037,"MINISTERIO DE VIVIENDA, CONSTRUCCION Y SANEAMIENTO",1443,005,PROGRAMA NACIONAL DE SANEAMIENTO RURAL,15,LIMA,01,LIMA,22,MIRAFLORES,0083,PROGRAMA NACIONAL DE SANEAMIENTO RURAL,2,PROYECTO,2328473,"MEJORAMIENTO, AMPLIACION DEL SERVICIO DE AGUA POTABLE Y SANEAMIENTO EN LA COMUNIDAD NATIVA ALIANZA TOPAL, DISTRITO DE ANDOAS, PROVINCIA DE DATEM DEL MARAÑON, REGION LORETO",6000039,EDUCACION SANITARIA Y GESTION DE LOS SERVICIOS DE SANEAMIENTO,16,LORETO,13,DONACIONES Y TRANSFERENCIAS,63770.0,63770.0
2023,E,GOBIERNO NACIONAL,37,VIVIENDA CONSTRUCCION Y SANEAMIENTO,037,"MINISTERIO DE VIVIENDA, CONSTRUCCION Y SANEAMIENTO",1443,005,PROGRAMA NACIONAL DE SANEAMIENTO RURAL,15,LIMA,01,LIMA,22,MIRAFLORES,0083,PROGRAMA NACIONAL DE SANEAMIENTO RURAL,2,PROYECTO,2330637,"MEJORAMIENTO Y AMPLIACION DEL SERVICIO DE AGUA POTABLE Y SANEAMIENTO EN LA CC.NN PAICHE PLAYA DISTRITO DE EL TIGRE, PROVINCIA DE LORETO, REGION DE LORETO",6000039,EDUCACION SANITARIA Y GESTION DE LOS SERVICIOS DE SANEAMIENTO,16,LORETO,13,DONACIONES Y TRANSFERENCIAS,72284.0,67970.0
2023,M,GOBIERNOS LOCALES, , , , ,301666,210804,MUNICIPALIDAD DISTRITAL DE LLALLI,21,PUNO,08,MELGAR,04,LLALLI,0083,PROGRAMA NACIONAL DE SANEAMIENTO RURAL,2,PROYECTO,2310519,"MEJORAMIENTO Y AMPLIACION DEL SISTEMA DE AGUA POTABLE Y SANEAMIENTO EN LAS LOCALIDADES DE PARKO HUAYTAHUACHO, HUAYLLANI - CERA CUCHO Y SUCRE CCARAÑAUI, DISTRITO DE LLALLI - MELGAR - PUNO",4000183,MEJORAMIENTO DEL SISTEMA DE AGUA POTABLE Y DISPOSICION SANITARIA DE EXCRETA,21,PUNO,13,DONACIONES Y TRANSFERENCIAS,3872003.0,3679386.1899999995
2023,M,GOBIERNOS LOCALES, , , , ,301819,250104,MUNICIPALIDAD DISTRITAL DE MASISEA,25,UCAYALI,01,CORONEL PORTILLO,04,MASISEA,0090,LOGROS DE APRENDIZAJE DE ESTUDIANTES DE LA EDUCACION BASICA REGULAR,2,PROYECTO,2492253,"MEJORAMIENTO DEL SERVICIO EDUCATIVO DEL NIVEL PRIMARIA DE LA I.E. N° 64154-B EN LA CC.NN DE VISTA ALEGRE, DISTRITO DE MASISEA - PROVINCIA DE CORONEL PORTILLO - DEPARTAMENTO DE UCAYALI",4000036,MEJORAMIENTO DE INFRAESTRUCTURA DE EDUCACION PRIMARIA,25,UCAYALI,13,DONACIONES Y TRANSFERENCIAS,4439859.0,2317116.31
2023,E,GOBIERNO NACIONAL,37,VIVIENDA CONSTRUCCION Y SANEAMIENTO,037,"MINISTERIO DE VIVIENDA, CONSTRUCCION Y SANEAMIENTO",1443,005,PROGRAMA NACIONAL DE SANEAMIENTO RURAL,15,LIMA,01,LIMA,22,MIRAFLORES,0083,PROGRAMA NACIONAL DE SANEAMIENTO RURAL,2,PROYECTO,2328455,"MEJORAMIENTO, AMPLIACION DEL SERVICIO DE AGUA POTABLE Y SANEAMIENTO EN LA COMUNIDAD NATIVA BOLOGNESI, DISTRITO DE ANDOAS, PROVINCIA DE DATEM DEL MARAÑON, REGION LORETO",6000039,EDUCACION SANITARIA Y GESTION DE LOS SERVICIOS DE SANEAMIENTO,16,LORETO,13,DONACIONES Y TRANSFERENCIAS,61842.0,21150.0
2023,E,GOBIERNO NACIONAL,37,VIVIENDA CONSTRUCCION Y SANEAMIENTO,037,"MINISTERIO DE VIVIENDA, CONSTRUCCION Y SANEAMIENTO",1443,005,PROGRAMA NACIONAL DE SANEAMIENTO RURAL,15,LIMA,01,LIMA,22,MIRAFLORES,0083,PROGRAMA NACIONAL DE SANEAMIENTO RURAL,2,PROYECTO,2330634,"MEJORAMIENTO Y AMPLIACION DEL SERVICIO DE AGUA POTABLE Y SANEAMIENTO EN LA CC.NN SAN JUAN DE BARTRA DISTRITO DE EL TIGRE, PROVINCIA DE LORETO, REGION DE LORETO.",4000181,"REHABILITACION, MEJORAMIENTO Y AMPLIACION DEL SISTEMA DE AGUA POTABLE Y DISPOSICION SANITARIA DE EXCRETA",16,LORETO,13,DONACIONES Y TRANSFERENCIAS,1952998.0,1609244.44
2023,E,GOBIERNO NACIONAL,37,VIVIENDA CONSTRUCCION Y SANEAMIENTO,037,"MINISTERIO DE VIVIENDA, CONSTRUCCION Y SANEAMIENTO",1443,005,PROGRAMA NACIONAL DE SANEAMIENTO RURAL,15,LIMA,01,LIMA,22,MIRAFLORES,0083,PROGRAMA NACIONAL DE SANEAMIENTO RURAL,2,PROYECTO,2307922,"AMPLIACION Y MEJORAMIENTO DEL SERVICIO DE AGUA POTABLE E INSTALACION DEL SANEAMIENTO DE LA LOCALIDAD DE LIBERTAD, DISTRITO DE TIGRE - LORETO - LORETO",6000039,EDUCACION SANITARIA Y GESTION DE LOS SERVICIOS DE SANEAMIENTO,16,LORETO,13,DONACIONES Y TRANSFERENCIAS,59500.0,0.0
2023,E,GOBIERNO NACIONAL,37,VIVIENDA CONSTRUCCION Y SANEAMIENTO,037,"MINISTERIO DE VIVIENDA, CONSTRUCCION Y SANEAMIENTO",1443,005,PROGRAMA NACIONAL DE SANEAMIENTO RURAL,15,LIMA,01,LIMA,22,MIRAFLORES,0083,PROGRAMA NACIONAL DE SANEAMIENTO RURAL,2,PROYECTO,2400914,"INSTALACION DEL SERVICIO DE AGUA POTABLE Y SANEAMIENTO EN LA COMUNIDAD NATIVA DE PAYOROTE, DISTRITO DE NAUTA, PROVINCIA DE LORETO - LORETO",6000002,SUPERVISION Y LIQUIDACION DE OBRAS,16,LORETO,13,DONACIONES Y TRANSFERENCIAS,1031.0,0.0
2023,E,GOBIERNO NACIONAL,37,VIVIENDA CONSTRUCCION Y SANEAMIENTO,037,"MINISTERIO DE VIVIENDA, CONSTRUCCION Y SANEAMIENTO",1443,005,PROGRAMA NACIONAL DE SANEAMIENTO RURAL,15,LIMA,01,LIMA,22,MIRAFLORES,0083,PROGRAMA NACIONAL DE SANEAMIENTO RURAL,2,PROYECTO,2400905,"INSTALACION DEL SERVICIO DE AGUA POTABLE Y SANEAMIENTO EN EL CENTRO POBLADO DE 1 DE FEBRERO, DISTRITO DE NAUTA, PROVINCIA DE LORETO - LORETO",4000182,CONSTRUCCION DEL SISTEMA DE AGUA POTABLE Y DISPOSICION SANITARIA DE EXCRETA,16,LORETO,13,DONACIONES Y TRANSFERENCIAS,1278968.0,972510.53
2023,E,GOBIERNO NACIONAL,11,SALUD,011,M. DE SALUD,1655,125,PROGRAMA NACIONAL DE INVERSIONES EN SALUD,15,LIMA,01,LIMA,31,SAN ISIDRO,9002,ASIGNACIONES PRESUPUESTARIAS QUE NO RESULTAN EN PRODUCTOS,2,PROYECTO,2469195,"MEJORAMIENTO Y AMPLIACION DE LOS SERVICIOS DE SALUD DEL ESTABLECIMIENTO DE SALUD NUEVO ANDOAS, DISTRITO DE ANDOAS - PROVINCIA DE DATEM DEL MARAÑON - DEPARTAMENTO DE LORETO",4000014,MEJORAMIENTO DE CENTROS DE SALUD,16,LORETO,13,DONACIONES Y TRANSFERENCIAS,4610573.0,0.0
2023,E,GOBIERNO NACIONAL,37,VIVIENDA CONSTRUCCION Y SANEAMIENTO,037,"MINISTERIO DE VIVIENDA, CONSTRUCCION Y SANEAMIENTO",1443,005,PROGRAMA NACIONAL DE SANEAMIENTO RURAL,15,LIMA,01,LIMA,22,MIRAFLORES,0083,PROGRAMA NACIONAL DE SANEAMIENTO RURAL,2,PROYECTO,2328455,"MEJORAMIENTO, AMPLIACION DEL SERVICIO DE AGUA POTABLE Y SANEAMIENTO EN LA COMUNIDAD NATIVA BOLOGNESI, DISTRITO DE ANDOAS, PROVINCIA DE DATEM DEL MARAÑON, REGION LORETO",6000002,SUPERVISION Y LIQUIDACION DE OBRAS,16,LORETO,13,DONACIONES Y TRANSFERENCIAS,127438.0,102682.39000000001
2023,E,GOBIERNO NACIONAL,37,VIVIENDA CONSTRUCCION Y SANEAMIENTO,037,"MINISTERIO DE VIVIENDA, CONSTRUCCION Y SANEAMIENTO",1443,005,PROGRAMA NACIONAL DE SANEAMIENTO RURAL,15,LIMA,01,LIMA,22,MIRAFLORES,0083,PROGRAMA NACIONAL DE SANEAMIENTO RURAL,2,PROYECTO,2328473,"MEJORAMIENTO, AMPLIACION DEL SERVICIO DE AGUA POTABLE Y SANEAMIENTO EN LA COMUNIDAD NATIVA ALIANZA TOPAL, DISTRITO DE ANDOAS, PROVINCIA DE DATEM DEL MARAÑON, REGION LORETO",4000181,"REHABILITACION, MEJORAMIENTO Y AMPLIACION DEL SISTEMA DE AGUA POTABLE Y DISPOSICION SANITARIA DE EXCRETA",16,LORETO,13,DONACIONES Y TRANSFERENCIAS,750115.0,746337.9299999999
2023,E,GOBIERNO NACIONAL,37,VIVIENDA CONSTRUCCION Y SANEAMIENTO,037,"MINISTERIO DE VIVIENDA, CONSTRUCCION Y SANEAMIENTO",1443,005,PROGRAMA NACIONAL DE SANEAMIENTO RURAL,15,LIMA,01,LIMA,22,MIRAFLORES,0083,PROGRAMA NACIONAL DE SANEAMIENTO RURAL,2,PROYECTO,2400930,"INSTALACION DEL SERVICIO DE AGUA POTABLE Y SANEAMIENTO EN EL CENTRO POBLADO DE SAN RAMON, DISTRITO DE NAUTA, PROVINCIA DE LORETO - LORETO",6000039,EDUCACION SANITARIA Y GESTION DE LOS SERVICIOS DE SANEAMIENTO,16,LORETO,13,DONACIONES Y TRANSFERENCIAS,0.0,0.0
2023,M,GOBIERNOS LOCALES, , , , ,301842,160706,MUNICIPALIDAD DISTRITAL DE ANDOAS,16,LORETO,07,DATEM DEL MARAÑON,06,ANDOAS,9002,ASIGNACIONES PRESUPUESTARIAS QUE NO RESULTAN EN PRODUCTOS,2,PROYECTO,2521709,MEJORAMIENTO DE LOS SERVICIOS DE ORGANIZACION COMUNAL EN 8 LOCALIDADES DEL DISTRITO DE ANDOAS - PROVINCIA DE DATEM DEL MARAÑON - DEPARTAMENTO DE LORETO,4000185,INSTALACION DE LOCAL COMUNAL,16,LORETO,13,DONACIONES Y TRANSFERENCIAS,68044.0,68044.0
2023,M,GOBIERNOS LOCALES, , , , ,300732,080701,MUNICIPALIDAD PROVINCIAL DE CHUMBIVILCAS - SANTO TOMAS,08,CUSCO,07,CHUMBIVILCAS,01,SANTO TOMAS,0138,"REDUCCION DEL COSTO, TIEMPO E INSEGURIDAD EN EL SISTEMA DE TRANSPORTE",2,PROYECTO,2505058,"MEJORAMIENTO Y AMPLIACION DEL CAMINO VECINAL DEL KM 0+000 AL 17+200 ENTRE CC QUILCATA Y CC ANTUYO CONDES, KM 17+200 AL 30+200 ENTRE SECTOR CCARAPAMPA Y SECTOR MUYUCCOCHA, KM 30+200 AL 36+915.43 DE LA CC CANGALLE EN LOS DISTRITOS DE SANTO TOMAS, VELILLE Y CHAMACA DE LA PROVINCIA DE CHUMBIVILCAS - DEPARTAMENTO DE CUSCO",6000001,EXPEDIENTE TECNICO,08,CUSCO,13,DONACIONES Y TRANSFERENCIAS,110920.0,0.0
2023,M,GOBIERNOS LOCALES, , , , ,300734,080703,MUNICIPALIDAD DISTRITAL DE CHAMACA,08,CUSCO,07,CHUMBIVILCAS,03,CHAMACA,0138,"REDUCCION DEL COSTO, TIEMPO E INSEGURIDAD EN EL SISTEMA DE TRANSPORTE",2,PROYECTO,2470712,MEJORAMIENTO DEL CAMINO VECINAL CU 1563 (CHAMACA - ALCCAYHUARMI) DEL DISTRITO DE CHAMACA - PROVINCIA DE CHUMBIVILCAS - DEPARTAMENTO DE CUSCO,4000079,MEJORAMIENTO DE CAMINO VECINAL,08,CUSCO,13,DONACIONES Y TRANSFERENCIAS,188856.0,188855.55
2023,E,GOBIERNO NACIONAL,37,VIVIENDA CONSTRUCCION Y SANEAMIENTO,037,"MINISTERIO DE VIVIENDA, CONSTRUCCION Y SANEAMIENTO",1443,005,PROGRAMA NACIONAL DE SANEAMIENTO RURAL,15,LIMA,01,LIMA,22,MIRAFLORES,0083,PROGRAMA NACIONAL DE SANEAMIENTO RURAL,2,PROYECTO,2330637,"MEJORAMIENTO Y AMPLIACION DEL SERVICIO DE AGUA POTABLE Y SANEAMIENTO EN LA CC.NN PAICHE PLAYA DISTRITO DE EL TIGRE, PROVINCIA DE LORETO, REGION DE LORETO",6000016,GESTION Y ADMINISTRACION,16,LORETO,13,DONACIONES Y TRANSFERENCIAS,22912.0,22896.89
2023,E,GOBIERNO NACIONAL,37,VIVIENDA CONSTRUCCION Y SANEAMIENTO,037,"MINISTERIO DE VIVIENDA, CONSTRUCCION Y SANEAMIENTO",1443,005,PROGRAMA NACIONAL DE SANEAMIENTO RURAL,15,LIMA,01,LIMA,22,MIRAFLORES,0083,PROGRAMA NACIONAL DE SANEAMIENTO RURAL,2,PROYECTO,2328454,"MEJORAMIENTO, AMPLIACION DEL SERVICIO DE AGUA POTABLE Y SANEAMIENTO EN LA COMUNIDAD NATIVA PUERTO ALEGRE, DISTRITO DE ANDOAS, PROVINCIA DEL DATEM DEL MARAÑON, REGION LORETO",6000016,GESTION Y ADMINISTRACION,16,LORETO,13,DONACIONES Y TRANSFERENCIAS,75000.0,54200.0
2023,E,GOBIERNO NACIONAL,37,VIVIENDA CONSTRUCCION Y SANEAMIENTO,037,"MINISTERIO DE VIVIENDA, CONSTRUCCION Y SANEAMIENTO",1443,005,PROGRAMA NACIONAL DE SANEAMIENTO RURAL,15,LIMA,01,LIMA,22,MIRAFLORES,0083,PROGRAMA NACIONAL DE SANEAMIENTO RURAL,2,PROYECTO,2235611,"AMPLIACION Y MEJORAMIENTO DEL SERVICIO DE AGUA POTABLE E INSTALACION DEL SERVICIO DE SANEAMIENTO EN EL CENTRO POBLADO DE PAMPA HERMOSA, DISTRITO DE TROMPETEROS, PROVINCIA DE LORETO, REGION LORETO",6000039,EDUCACION SANITARIA Y GESTION DE LOS SERVICIOS DE SANEAMIENTO,16,LORETO,13,DONACIONES Y TRANSFERENCIAS,98747.0,44413.200000000004
2023,E,GOBIERNO NACIONAL,37,VIVIENDA CONSTRUCCION Y SANEAMIENTO,037,"MINISTERIO DE VIVIENDA, CONSTRUCCION Y SANEAMIENTO",1443,005,PROGRAMA NACIONAL DE SANEAMIENTO RURAL,15,LIMA,01,LIMA,22,MIRAFLORES,0083,PROGRAMA NACIONAL DE SANEAMIENTO RURAL,2,PROYECTO,2307922,"AMPLIACION Y MEJORAMIENTO DEL SERVICIO DE AGUA POTABLE E INSTALACION DEL SANEAMIENTO DE LA LOCALIDAD DE LIBERTAD, DISTRITO DE TIGRE - LORETO - LORETO",6000002,SUPERVISION Y LIQUIDACION DE OBRAS,16,LORETO,13,DONACIONES Y TRANSFERENCIAS,370603.0,0.0
2023,E,GOBIERNO NACIONAL,37,VIVIENDA CONSTRUCCION Y SANEAMIENTO,037,"MINISTERIO DE VIVIENDA, CONSTRUCCION Y SANEAMIENTO",1443,005,PROGRAMA NACIONAL DE SANEAMIENTO RURAL,15,LIMA,01,LIMA,22,MIRAFLORES,0083,PROGRAMA NACIONAL DE SANEAMIENTO RURAL,2,PROYECTO,2330637,"MEJORAMIENTO Y AMPLIACION DEL SERVICIO DE AGUA POTABLE Y SANEAMIENTO EN LA CC.NN PAICHE PLAYA DISTRITO DE EL TIGRE, PROVINCIA DE LORETO, REGION DE LORETO",4000181,"REHABILITACION, MEJORAMIENTO Y AMPLIACION DEL SISTEMA DE AGUA POTABLE Y DISPOSICION SANITARIA DE EXCRETA",16,LORETO,13,DONACIONES Y TRANSFERENCIAS,649101.0,648651.89
2023,E,GOBIERNO NACIONAL,11,SALUD,011,M. DE SALUD,1655,125,PROGRAMA NACIONAL DE INVERSIONES EN SALUD,15,LIMA,01,LIMA,31,SAN ISIDRO,9002,ASIGNACIONES PRESUPUESTARIAS QUE NO RESULTAN EN PRODUCTOS,2,PROYECTO,2521713,CREACION DE LOS SERVICIOS DE SALUD BASICOS EN LA COMUNIDAD NATIVA NUEVA ALIANZA DEL DISTRITO DE URARINAS - PROVINCIA DE LORETO - DEPARTAMENTO DE LORETO,6000017,ADQUISICION DE EQUIPOS MEDICOS,16,LORETO,13,DONACIONES Y TRANSFERENCIAS,367760.0,0.0
2023,M,GOBIERNOS LOCALES, , , , ,300736,080705,MUNICIPALIDAD DISTRITAL DE LIVITACA,08,CUSCO,07,CHUMBIVILCAS,05,LIVITACA,0090,LOGROS DE APRENDIZAJE DE ESTUDIANTES DE LA EDUCACION BASICA REGULAR,2,PROYECTO,2466388,MEJORAMIENTO Y AMPLIACION DE SERVICIO EDUCATIVO DEL NIVEL INICIAL Y PRIMARIO DE LA I.E 56286 - KISIO DE LA COMUNIDAD CAMPESINA DE HUANACO DISTRITO DE LIVITACA - PROVINCIA DE CHUMBIVILCAS - DEPARTAMENTO DE CUSCO,6000001,EXPEDIENTE TECNICO,08,CUSCO,13,DONACIONES Y TRANSFERENCIAS,54439.0,0.0
2023,E,GOBIERNO NACIONAL,37,VIVIENDA CONSTRUCCION Y SANEAMIENTO,037,"MINISTERIO DE VIVIENDA, CONSTRUCCION Y SANEAMIENTO",1443,005,PROGRAMA NACIONAL DE SANEAMIENTO RURAL,15,LIMA,01,LIMA,22,MIRAFLORES,0083,PROGRAMA NACIONAL DE SANEAMIENTO RURAL,2,PROYECTO,2307922,"AMPLIACION Y MEJORAMIENTO DEL SERVICIO DE AGUA POTABLE E INSTALACION DEL SANEAMIENTO DE LA LOCALIDAD DE LIBERTAD, DISTRITO DE TIGRE - LORETO - LORETO",6000016,GESTION Y ADMINISTRACION,16,LORETO,13,DONACIONES Y TRANSFERENCIAS,60000.0,20000.0
2023,E,GOBIERNO NACIONAL,37,VIVIENDA CONSTRUCCION Y SANEAMIENTO,037,"MINISTERIO DE VIVIENDA, CONSTRUCCION Y SANEAMIENTO",1443,005,PROGRAMA NACIONAL DE SANEAMIENTO RURAL,15,LIMA,01,LIMA,22,MIRAFLORES,0083,PROGRAMA NACIONAL DE SANEAMIENTO RURAL,2,PROYECTO,2328454,"MEJORAMIENTO, AMPLIACION DEL SERVICIO DE AGUA POTABLE Y SANEAMIENTO EN LA COMUNIDAD NATIVA PUERTO ALEGRE, DISTRITO DE ANDOAS, PROVINCIA DEL DATEM DEL MARAÑON, REGION LORETO",6000039,EDUCACION SANITARIA Y GESTION DE LOS SERVICIOS DE SANEAMIENTO,16,LORETO,13,DONACIONES Y TRANSFERENCIAS,59342.0,0.0
2023,E,GOBIERNO NACIONAL,37,VIVIENDA CONSTRUCCION Y SANEAMIENTO,037,"MINISTERIO DE VIVIENDA, CONSTRUCCION Y SANEAMIENTO",1443,005,PROGRAMA NACIONAL DE SANEAMIENTO RURAL,15,LIMA,01,LIMA,22,MIRAFLORES,0083,PROGRAMA NACIONAL DE SANEAMIENTO RURAL,2,PROYECTO,2328473,"MEJORAMIENTO, AMPLIACION DEL SERVICIO DE AGUA POTABLE Y SANEAMIENTO EN LA COMUNIDAD NATIVA ALIANZA TOPAL, DISTRITO DE ANDOAS, PROVINCIA DE DATEM DEL MARAÑON, REGION LORETO",6000016,GESTION Y ADMINISTRACION,16,LORETO,13,DONACIONES Y TRANSFERENCIAS,53267.0,50472.86
2023,E,GOBIERNO NACIONAL,11,SALUD,011,M. DE SALUD,1655,125,PROGRAMA NACIONAL DE INVERSIONES EN SALUD,15,LIMA,01,LIMA,31,SAN ISIDRO,9002,ASIGNACIONES PRESUPUESTARIAS QUE NO RESULTAN EN PRODUCTOS,2,PROYECTO,2469195,"MEJORAMIENTO Y AMPLIACION DE LOS SERVICIOS DE SALUD DEL ESTABLECIMIENTO DE SALUD NUEVO ANDOAS, DISTRITO DE ANDOAS - PROVINCIA DE DATEM DEL MARAÑON - DEPARTAMENTO DE LORETO",6000017,ADQUISICION DE EQUIPOS MEDICOS,16,LORETO,13,DONACIONES Y TRANSFERENCIAS,936315.0,0.0
2023,M,GOBIERNOS LOCALES, , , , ,301464,160511,MUNICIPALIDAD DISTRITAL DE YAQUERANA,16,LORETO,05,REQUENA,11,YAQUERANA,0083,PROGRAMA NACIONAL DE SANEAMIENTO RURAL,2,PROYECTO,2462693,CREACION DEL SISTEMA DE ABASTECIMIENTO DE AGUA POTABLE Y UNIDADES BASICAS DE SANEAMIENTO EN LA COMUNIDAD DE BUENAS LOMAS NUEVA DEL DISTRITO DE YAQUERANA - PROVINCIA DE REQUENA - DEPARTAMENTO DE LORETO,4000041,INSTALACION DE SISTEMA DE AGUA POTABLE,16,LORETO,13,DONACIONES Y TRANSFERENCIAS,3653588.0,2502818.68
2023,M,GOBIERNOS LOCALES, , , , ,300736,080705,MUNICIPALIDAD DISTRITAL DE LIVITACA,08,CUSCO,07,CHUMBIVILCAS,05,LIVITACA,0083,PROGRAMA NACIONAL DE SANEAMIENTO RURAL,2,PROYECTO,2267690,"MEJORAMIENTO Y AMPLIACION DEL SERVICIO DE AGUA POTABLE Y SANEAMIENTO EN LOS SECTORES DE TUNSUMA Y SIHUA DE LA C.C HUANACO, DISTRITO DE LIVITACA - CHUMBIVILCAS - CUSCO",4000183,MEJORAMIENTO DEL SISTEMA DE AGUA POTABLE Y DISPOSICION SANITARIA DE EXCRETA,08,CUSCO,13,DONACIONES Y TRANSFERENCIAS,754472.0,727023.02
2023,M,GOBIERNOS LOCALES, , , , ,300040,010401,MUNICIPALIDAD PROVINCIAL DE CONDORCANQUI - NIEVA,01,AMAZONAS,04,CONDORCANQUI,01,NIEVA,0083,PROGRAMA NACIONAL DE SANEAMIENTO RURAL,2,PROYECTO,2467083,"CREACION DEL SISTEMA DE AGUA POTABLE Y SANEAMIENTO BASICO RURAL EN LA CC.NN. PUJUPAT, DISTRITO DE NIEVA - PROVINCIA DE CONDORCANQUI - DEPARTAMENTO DE AMAZONAS",4000041,INSTALACION DE SISTEMA DE AGUA POTABLE,01,AMAZONAS,13,DONACIONES Y TRANSFERENCIAS,1809710.0,1809710.0
2023,M,GOBIERNOS LOCALES, , , , ,300734,080703,MUNICIPALIDAD DISTRITAL DE CHAMACA,08,CUSCO,07,CHUMBIVILCAS,03,CHAMACA,0083,PROGRAMA NACIONAL DE SANEAMIENTO RURAL,2,PROYECTO,2488687,"MEJORAMIENTO Y AMPLIACION DEL SISTEMA DE SANEAMIENTO BASICO EN LOS SECTORES DE KERAKERA, AYANI, FUNDICION, TARUCATINCUC, JORNADA, KIVIO, HUALLATACCOTA, WINCHO, CHALLUMA Y HUAYLLAYOC DE LA C.C. DE UCHUCCARCCO DEL DISTRITO DE CHAMACA - PROVINCIA DE CHUMBIVILCAS - DEPARTAMENTO DE CUSCO",4000198,"REHABILITACION, MEJORAMIENTO Y AMPLIACION DE SISTEMA DE AGUA POTABLE Y ALCANTARILLADO",08,CUSCO,13,DONACIONES Y TRANSFERENCIAS,198588.0,159128.64
2023,M,GOBIERNOS LOCALES, , , , ,300736,080705,MUNICIPALIDAD DISTRITAL DE LIVITACA,08,CUSCO,07,CHUMBIVILCAS,05,LIVITACA,0083,PROGRAMA NACIONAL DE SANEAMIENTO RURAL,2,PROYECTO,2512020,"MEJORAMIENTO Y AMPLIACION DEL SERVICIO DE AGUA POTABLE Y SANEAMIENTO BASICO EN EL SECTOR DE AUSANTA DE LA COMUNIDAD DE AUCHO, DISTRITO DE LIVITACA - PROVINCIA DE CHUMBIVILCAS - DEPARTAMENTO DE CUSCO",4000183,MEJORAMIENTO DEL SISTEMA DE AGUA POTABLE Y DISPOSICION SANITARIA DE EXCRETA,08,CUSCO,13,DONACIONES Y TRANSFERENCIAS,9499739.0,4610229.64
2023,M,GOBIERNOS LOCALES, , , , ,300739,080708,MUNICIPALIDAD DISTRITAL DE VELILLE,08,CUSCO,07,CHUMBIVILCAS,08,VELILLE,0042,APROVECHAMIENTO DE LOS RECURSOS HIDRICOS PARA USO AGRARIO,2,PROYECTO,2474326,"CREACION DEL SERVICIO DE AGUA DEL SISTEMA DE RIEGO PICHQAPUQUIO SECTOR HUISALLA, COMUNIDAD CCOLLANA DEL DISTRITO DE VELILLE - PROVINCIA DE CHUMBIVILCAS - DEPARTAMENTO DE CUSCO",6000001,EXPEDIENTE TECNICO,08,CUSCO,13,DONACIONES Y TRANSFERENCIAS,1338646.0,1312740.25
2023,E,GOBIERNO NACIONAL,11,SALUD,011,M. DE SALUD,1655,125,PROGRAMA NACIONAL DE INVERSIONES EN SALUD,15,LIMA,01,LIMA,31,SAN ISIDRO,9002,ASIGNACIONES PRESUPUESTARIAS QUE NO RESULTAN EN PRODUCTOS,2,PROYECTO,2469195,"MEJORAMIENTO Y AMPLIACION DE LOS SERVICIOS DE SALUD DEL ESTABLECIMIENTO DE SALUD NUEVO ANDOAS, DISTRITO DE ANDOAS - PROVINCIA DE DATEM DEL MARAÑON - DEPARTAMENTO DE LORETO",6000001,EXPEDIENTE TECNICO,16,LORETO,13,DONACIONES Y TRANSFERENCIAS,2101352.0,925700.93
2023,E,GOBIERNO NACIONAL,37,VIVIENDA CONSTRUCCION Y SANEAMIENTO,037,"MINISTERIO DE VIVIENDA, CONSTRUCCION Y SANEAMIENTO",1443,005,PROGRAMA NACIONAL DE SANEAMIENTO RURAL,15,LIMA,01,LIMA,22,MIRAFLORES,0083,PROGRAMA NACIONAL DE SANEAMIENTO RURAL,2,PROYECTO,2400914,"INSTALACION DEL SERVICIO DE AGUA POTABLE Y SANEAMIENTO EN LA COMUNIDAD NATIVA DE PAYOROTE, DISTRITO DE NAUTA, PROVINCIA DE LORETO - LORETO",4000182,CONSTRUCCION DEL SISTEMA DE AGUA POTABLE Y DISPOSICION SANITARIA DE EXCRETA,16,LORETO,13,DONACIONES Y TRANSFERENCIAS,237.0,237.0
2023,E,GOBIERNO NACIONAL,37,VIVIENDA CONSTRUCCION Y SANEAMIENTO,037,"MINISTERIO DE VIVIENDA, CONSTRUCCION Y SANEAMIENTO",1443,005,PROGRAMA NACIONAL DE SANEAMIENTO RURAL,15,LIMA,01,LIMA,22,MIRAFLORES,0083,PROGRAMA NACIONAL DE SANEAMIENTO RURAL,2,PROYECTO,2400945,"INSTALACION DEL SERVICIO DE AGUA POTABLE Y SANEAMIENTO EN EL CENTRO POBLADO DE SAN JUAN DE LAGUNILLAS, DISTRITO DE NAUTA, PROVINCIA DE LORETO - LORETO",4000182,CONSTRUCCION DEL SISTEMA DE AGUA POTABLE Y DISPOSICION SANITARIA DE EXCRETA,16,LORETO,13,DONACIONES Y TRANSFERENCIAS,335117.0,8766.31
2023,E,GOBIERNO NACIONAL,11,SALUD,011,M. DE SALUD,1655,125,PROGRAMA NACIONAL DE INVERSIONES EN SALUD,15,LIMA,01,LIMA,31,SAN ISIDRO,9002,ASIGNACIONES PRESUPUESTARIAS QUE NO RESULTAN EN PRODUCTOS,2,PROYECTO,2469195,"MEJORAMIENTO Y AMPLIACION DE LOS SERVICIOS DE SALUD DEL ESTABLECIMIENTO DE SALUD NUEVO ANDOAS, DISTRITO DE ANDOAS - PROVINCIA DE DATEM DEL MARAÑON - DEPARTAMENTO DE LORETO",6000002,SUPERVISION Y LIQUIDACION DE OBRAS,16,LORETO,13,DONACIONES Y TRANSFERENCIAS,210202.0,0.0
2023,E,GOBIERNO NACIONAL,37,VIVIENDA CONSTRUCCION Y SANEAMIENTO,037,"MINISTERIO DE VIVIENDA, CONSTRUCCION Y SANEAMIENTO",1443,005,PROGRAMA NACIONAL DE SANEAMIENTO RURAL,15,LIMA,01,LIMA,22,MIRAFLORES,0083,PROGRAMA NACIONAL DE SANEAMIENTO RURAL,2,PROYECTO,2330643,"MEJORAMIENTO Y AMPLIACION DEL SERVICIO DE AGUA POTABLE Y SANEAMIENTO EN LA CC.NN MARSELLA DISTRITO DE EL TIGRE, PROVINCIA DE LORETO, REGION DE LORETO",6000016,GESTION Y ADMINISTRACION,16,LORETO,13,DONACIONES Y TRANSFERENCIAS,60000.0,55300.0
2023,E,GOBIERNO NACIONAL,37,VIVIENDA CONSTRUCCION Y SANEAMIENTO,037,"MINISTERIO DE VIVIENDA, CONSTRUCCION Y SANEAMIENTO",1443,005,PROGRAMA NACIONAL DE SANEAMIENTO RURAL,15,LIMA,01,LIMA,22,MIRAFLORES,0083,PROGRAMA NACIONAL DE SANEAMIENTO RURAL,2,PROYECTO,2400913,"INSTALACION DEL SERVICIO DE AGUA POTABLE Y SANEAMIENTO EN LA COMUNIDAD NATIVA DE MIGUEL GRAU, DISTRITO DE NAUTA, PROVINCIA DE LORETO - LORETO",4000182,CONSTRUCCION DEL SISTEMA DE AGUA POTABLE Y DISPOSICION SANITARIA DE EXCRETA,16,LORETO,13,DONACIONES Y TRANSFERENCIAS,811365.0,118982.97
2023,M,GOBIERNOS LOCALES, , , , ,301819,250104,MUNICIPALIDAD DISTRITAL DE MASISEA,25,UCAYALI,01,CORONEL PORTILLO,04,MASISEA,0090,LOGROS DE APRENDIZAJE DE ESTUDIANTES DE LA EDUCACION BASICA REGULAR,2,PROYECTO,2458383,MEJORAMIENTO DEL SERVICIO DE EDUCACION PRIMARIA EN LA I.E. N° 65142 DEL CENTRO POBLADO NUEVO PROGRESO DEL DISTRITO DE MASISEA - PROVINCIA DE CORONEL PORTILLO - DEPARTAMENTO DE UCAYALI,4000036,MEJORAMIENTO DE INFRAESTRUCTURA DE EDUCACION PRIMARIA,25,UCAYALI,13,DONACIONES Y TRANSFERENCIAS,3423723.0,1829050.3199999998
2023,E,GOBIERNO NACIONAL,37,VIVIENDA CONSTRUCCION Y SANEAMIENTO,037,"MINISTERIO DE VIVIENDA, CONSTRUCCION Y SANEAMIENTO",1443,005,PROGRAMA NACIONAL DE SANEAMIENTO RURAL,15,LIMA,01,LIMA,22,MIRAFLORES,0083,PROGRAMA NACIONAL DE SANEAMIENTO RURAL,2,PROYECTO,2332507,"MEJORAMIENTO Y AMPLIACION DEL SERVICIO DE AGUA POTABLE Y SANEAMIENTO EN LA CC.NN BELEN DISTRITO DE TROMPETEROS, PROVINCIA DE LORETO, REGION DE LORETO.",4000181,"REHABILITACION, MEJORAMIENTO Y AMPLIACION DEL SISTEMA DE AGUA POTABLE Y DISPOSICION SANITARIA DE EXCRETA",16,LORETO,13,DONACIONES Y TRANSFERENCIAS,1920435.0,1116793.1600000001
2023,E,GOBIERNO NACIONAL,37,VIVIENDA CONSTRUCCION Y SANEAMIENTO,037,"MINISTERIO DE VIVIENDA, CONSTRUCCION Y SANEAMIENTO",1443,005,PROGRAMA NACIONAL DE SANEAMIENTO RURAL,15,LIMA,01,LIMA,22,MIRAFLORES,0083,PROGRAMA NACIONAL DE SANEAMIENTO RURAL,2,PROYECTO,2330634,"MEJORAMIENTO Y AMPLIACION DEL SERVICIO DE AGUA POTABLE Y SANEAMIENTO EN LA CC.NN SAN JUAN DE BARTRA DISTRITO DE EL TIGRE, PROVINCIA DE LORETO, REGION DE LORETO.",6000002,SUPERVISION Y LIQUIDACION DE OBRAS,16,LORETO,13,DONACIONES Y TRANSFERENCIAS,231811.0,226425.2
2023,E,GOBIERNO NACIONAL,37,VIVIENDA CONSTRUCCION Y SANEAMIENTO,037,"MINISTERIO DE VIVIENDA, CONSTRUCCION Y SANEAMIENTO",1443,005,PROGRAMA NACIONAL DE SANEAMIENTO RURAL,15,LIMA,01,LIMA,22,MIRAFLORES,0083,PROGRAMA NACIONAL DE SANEAMIENTO RURAL,2,PROYECTO,2328479,"MEJORAMIENTO, AMPLIACION DEL SERVICIO DE AGUA POTABLE Y SANEAMIENTO EN LA COMUNIDAD NATIVA SABALOYACU, DISTRITO DE ANDOAS, PROVINCIA DEL DATEM DEL MARAÑON, REGION LORETO",4000181,"REHABILITACION, MEJORAMIENTO Y AMPLIACION DEL SISTEMA DE AGUA POTABLE Y DISPOSICION SANITARIA DE EXCRETA",16,LORETO,13,DONACIONES Y TRANSFERENCIAS,1138352.0,121150.65
2023,E,GOBIERNO NACIONAL,37,VIVIENDA CONSTRUCCION Y SANEAMIENTO,037,"MINISTERIO DE VIVIENDA, CONSTRUCCION Y SANEAMIENTO",1443,005,PROGRAMA NACIONAL DE SANEAMIENTO RURAL,15,LIMA,01,LIMA,22,MIRAFLORES,0083,PROGRAMA NACIONAL DE SANEAMIENTO RURAL,2,PROYECTO,2400930,"INSTALACION DEL SERVICIO DE AGUA POTABLE Y SANEAMIENTO EN EL CENTRO POBLADO DE SAN RAMON, DISTRITO DE NAUTA, PROVINCIA DE LORETO - LORETO",4000182,CONSTRUCCION DEL SISTEMA DE AGUA POTABLE Y DISPOSICION SANITARIA DE EXCRETA,16,LORETO,13,DONACIONES Y TRANSFERENCIAS,4172.0,4172.0
2023,M,GOBIERNOS LOCALES, , , , ,300736,080705,MUNICIPALIDAD DISTRITAL DE LIVITACA,08,CUSCO,07,CHUMBIVILCAS,05,LIVITACA,0090,LOGROS DE APRENDIZAJE DE ESTUDIANTES DE LA EDUCACION BASICA REGULAR,2,PROYECTO,2300940,"MEJORAMIENTO Y AMPLIACION DEL SERVICIO DE EDUCACION DE NIVEL SECUNDARIO DE LA I.E. N 56289 RICARDO PALMA EN EL SECTOR QUECHAPAMPA DE LA COMUNIDAD CAMPESINA HUANACO, DISTRITO DE LIVITACA - CHUMBIVILCAS - CUSCO",4000037,MEJORAMIENTO DE INFRAESTRUCTURA DE EDUCACION SECUNDARIA,08,CUSCO,13,DONACIONES Y TRANSFERENCIAS,5921406.0,5821571.859999999
2023,E,GOBIERNO NACIONAL,37,VIVIENDA CONSTRUCCION Y SANEAMIENTO,037,"MINISTERIO DE VIVIENDA, CONSTRUCCION Y SANEAMIENTO",1443,005,PROGRAMA NACIONAL DE SANEAMIENTO RURAL,15,LIMA,01,LIMA,22,MIRAFLORES,0083,PROGRAMA NACIONAL DE SANEAMIENTO RURAL,2,PROYECTO,2400934,"INSTALACION DEL SERVICIO DE AGUA POTABLE Y SANEAMIENTO EN EL CENTRO POBLADO DE SUCRE, DISTRITO DE NAUTA, PROVINCIA DE LORETO - LORETO",4000182,CONSTRUCCION DEL SISTEMA DE AGUA POTABLE Y DISPOSICION SANITARIA DE EXCRETA,16,LORETO,13,DONACIONES Y TRANSFERENCIAS,5462.0,5462.0
2023,E,GOBIERNO NACIONAL,37,VIVIENDA CONSTRUCCION Y SANEAMIENTO,037,"MINISTERIO DE VIVIENDA, CONSTRUCCION Y SANEAMIENTO",1443,005,PROGRAMA NACIONAL DE SANEAMIENTO RURAL,15,LIMA,01,LIMA,22,MIRAFLORES,0083,PROGRAMA NACIONAL DE SANEAMIENTO RURAL,2,PROYECTO,2330634,"MEJORAMIENTO Y AMPLIACION DEL SERVICIO DE AGUA POTABLE Y SANEAMIENTO EN LA CC.NN SAN JUAN DE BARTRA DISTRITO DE EL TIGRE, PROVINCIA DE LORETO, REGION DE LORETO.",6000039,EDUCACION SANITARIA Y GESTION DE LOS SERVICIOS DE SANEAMIENTO,16,LORETO,13,DONACIONES Y TRANSFERENCIAS,17200.0,17200.0
2023,E,GOBIERNO NACIONAL,37,VIVIENDA CONSTRUCCION Y SANEAMIENTO,037,"MINISTERIO DE VIVIENDA, CONSTRUCCION Y SANEAMIENTO",1443,005,PROGRAMA NACIONAL DE SANEAMIENTO RURAL,15,LIMA,01,LIMA,22,MIRAFLORES,0083,PROGRAMA NACIONAL DE SANEAMIENTO RURAL,2,PROYECTO,2328454,"MEJORAMIENTO, AMPLIACION DEL SERVICIO DE AGUA POTABLE Y SANEAMIENTO EN LA COMUNIDAD NATIVA PUERTO ALEGRE, DISTRITO DE ANDOAS, PROVINCIA DEL DATEM DEL MARAÑON, REGION LORETO",6000002,SUPERVISION Y LIQUIDACION DE OBRAS,16,LORETO,13,DONACIONES Y TRANSFERENCIAS,67418.0,0.0
2023,M,GOBIERNOS LOCALES, , , , ,300733,080702,MUNICIPALIDAD DISTRITAL DE CAPACMARCA,08,CUSCO,07,CHUMBIVILCAS,02,CAPACMARCA,0090,LOGROS DE APRENDIZAJE DE ESTUDIANTES DE LA EDUCACION BASICA REGULAR,2,PROYECTO,2225770,"MEJORAMIENTO Y AMPLIACION DE LA I.E. LAS AMERICAS DEL NIVEL SECUNDARIO ANEXO TAKINA, DISTRITO DE CAPACMARCA - CHUMBIVILCAS - CUSCO",4000019,INSTALACION DE INFRAESTRUCTURA DE EDUCACION SECUNDARIA,08,CUSCO,13,DONACIONES Y TRANSFERENCIAS,2207690.0,1881675.5
2023,M,GOBIERNOS LOCALES, , , , ,300040,010401,MUNICIPALIDAD PROVINCIAL DE CONDORCANQUI - NIEVA,01,AMAZONAS,04,CONDORCANQUI,01,NIEVA,0082,PROGRAMA NACIONAL DE SANEAMIENTO URBANO,2,PROYECTO,2515628,"RENOVACION DE CAPTACION DE AGUA, BOCATOMA - DESARENADOR Y PTAP; REPARACION DE LINEA DE CONDUCCION; ADEMAS DE OTROS ACTIVOS EN EL(LA) SISTEMA DE AGUA POTABLE EN LA LOCALIDAD SANTA MARIA DE NIEVA, DISTRITO DE NIEVA, PROVINCIA CONDORCANQUI, DEPARTAMENTO AMAZONAS",4000106,RECUPERACION DE BOCATOMA,01,AMAZONAS,13,DONACIONES Y TRANSFERENCIAS,883460.0,740350.86
2023,M,GOBIERNOS LOCALES, , , , ,300308,030506,MUNICIPALIDAD DISTRITAL DE CHALLHUAHUACHO,03,APURIMAC,05,COTABAMBA,06,CHALLHUAHUACHO,0083,PROGRAMA NACIONAL DE SANEAMIENTO RURAL,2,PROYECTO,2342222,"MEJORAMIENTO Y AMPLIACION DEL SERVICIO DE AGUA POTABLE Y SANEAMIENTO RURAL EN LA COMUNIDAD DE LLAQTANI, DISTRITO DE CHALLHUAHUACHO - COTABAMBAS - APURIMAC",4000053,MEJORAMIENTO DEL SISTEMA DE AGUA POTABLE,03,APURIMAC,13,DONACIONES Y TRANSFERENCIAS,660322.0,571762.67
2023,E,GOBIERNO NACIONAL,37,VIVIENDA CONSTRUCCION Y SANEAMIENTO,037,"MINISTERIO DE VIVIENDA, CONSTRUCCION Y SANEAMIENTO",1443,005,PROGRAMA NACIONAL DE SANEAMIENTO RURAL,15,LIMA,01,LIMA,22,MIRAFLORES,0083,PROGRAMA NACIONAL DE SANEAMIENTO RURAL,2,PROYECTO,2330634,"MEJORAMIENTO Y AMPLIACION DEL SERVICIO DE AGUA POTABLE Y SANEAMIENTO EN LA CC.NN SAN JUAN DE BARTRA DISTRITO DE EL TIGRE, PROVINCIA DE LORETO, REGION DE LORETO.",6000016,GESTION Y ADMINISTRACION,16,LORETO,13,DONACIONES Y TRANSFERENCIAS,70366.0,63338.240000000005
2023,E,GOBIERNO NACIONAL,37,VIVIENDA CONSTRUCCION Y SANEAMIENTO,037,"MINISTERIO DE VIVIENDA, CONSTRUCCION Y SANEAMIENTO",1443,005,PROGRAMA NACIONAL DE SANEAMIENTO RURAL,15,LIMA,01,LIMA,22,MIRAFLORES,0083,PROGRAMA NACIONAL DE SANEAMIENTO RURAL,2,PROYECTO,2328454,"MEJORAMIENTO, AMPLIACION DEL SERVICIO DE AGUA POTABLE Y SANEAMIENTO EN LA COMUNIDAD NATIVA PUERTO ALEGRE, DISTRITO DE ANDOAS, PROVINCIA DEL DATEM DEL MARAÑON, REGION LORETO",4000181,"REHABILITACION, MEJORAMIENTO Y AMPLIACION DEL SISTEMA DE AGUA POTABLE Y DISPOSICION SANITARIA DE EXCRETA",16,LORETO,13,DONACIONES Y TRANSFERENCIAS,214159.0,0.0
2023,E,GOBIERNO NACIONAL,37,VIVIENDA CONSTRUCCION Y SANEAMIENTO,037,"MINISTERIO DE VIVIENDA, CONSTRUCCION Y SANEAMIENTO",1443,005,PROGRAMA NACIONAL DE SANEAMIENTO RURAL,15,LIMA,01,LIMA,22,MIRAFLORES,0083,PROGRAMA NACIONAL DE SANEAMIENTO RURAL,2,PROYECTO,2332507,"MEJORAMIENTO Y AMPLIACION DEL SERVICIO DE AGUA POTABLE Y SANEAMIENTO EN LA CC.NN BELEN DISTRITO DE TROMPETEROS, PROVINCIA DE LORETO, REGION DE LORETO.",6000002,SUPERVISION Y LIQUIDACION DE OBRAS,16,LORETO,13,DONACIONES Y TRANSFERENCIAS,209054.0,112744.41
2023,E,GOBIERNO NACIONAL,37,VIVIENDA CONSTRUCCION Y SANEAMIENTO,037,"MINISTERIO DE VIVIENDA, CONSTRUCCION Y SANEAMIENTO",1443,005,PROGRAMA NACIONAL DE SANEAMIENTO RURAL,15,LIMA,01,LIMA,22,MIRAFLORES,0083,PROGRAMA NACIONAL DE SANEAMIENTO RURAL,2,PROYECTO,2484744,"MEJORAMIENTO Y AMPLIACION DEL SISTEMA DE AGUA POTABLE Y SANEAMIENTO EN LOSSECTORES DE TANDARCOCHA, MOLLEBAMBA, AYLLUPACHICTE, CARHUACALLA, PUMATAMBO,CCOYPA, AYUSBAMBA, HUILLKAQUI, CCOLQUEUCRO, MISKABAMBA, HUAROBAMBA, PIRCCA,NAYHUA, URBIS Y KARUSPAMPA DEL DISTRITO DE PACCARITAMBO - PROVINCIA DE PARURO - DEPARTAMENTO DE CUSCO",6000001,EXPEDIENTE TECNICO,08,CUSCO,13,DONACIONES Y TRANSFERENCIAS,155137.0,0.0
2023,M,GOBIERNOS LOCALES, , , , ,300736,080705,MUNICIPALIDAD DISTRITAL DE LIVITACA,08,CUSCO,07,CHUMBIVILCAS,05,LIVITACA,0042,APROVECHAMIENTO DE LOS RECURSOS HIDRICOS PARA USO AGRARIO,2,PROYECTO,2492705,"MEJORAMIENTO DEL SERVICIO DE AGUA PARA RIEGO EN LA MARGEN IZQUIERDA Y DERECHA DE LA COMUNIDAD CAMPESINA CCOLLANA ALTA, DISTRITO DE LIVITACA - PROVINCIA DE CHUMBIVILCAS - DEPARTAMENTO DE CUSCO",6000001,EXPEDIENTE TECNICO,08,CUSCO,13,DONACIONES Y TRANSFERENCIAS,42610.0,0.0
2023,E,GOBIERNO NACIONAL,37,VIVIENDA CONSTRUCCION Y SANEAMIENTO,037,"MINISTERIO DE VIVIENDA, CONSTRUCCION Y SANEAMIENTO",1443,005,PROGRAMA NACIONAL DE SANEAMIENTO RURAL,15,LIMA,01,LIMA,22,MIRAFLORES,0083,PROGRAMA NACIONAL DE SANEAMIENTO RURAL,2,PROYECTO,2400906,"INSTALACION DEL SERVICIO DE AGUA POTABLE Y SANEAMIENTO EN EL CENTRO POBLADO DE BUEN PASTOR, DISTRITO DE NAUTA, PROVINCIA DE LORETO - LORETO",6000039,EDUCACION SANITARIA Y GESTION DE LOS SERVICIOS DE SANEAMIENTO,16,LORETO,13,DONACIONES Y TRANSFERENCIAS,42.0,0.0
2023,E,GOBIERNO NACIONAL,37,VIVIENDA CONSTRUCCION Y SANEAMIENTO,037,"MINISTERIO DE VIVIENDA, CONSTRUCCION Y SANEAMIENTO",1443,005,PROGRAMA NACIONAL DE SANEAMIENTO RURAL,15,LIMA,01,LIMA,22,MIRAFLORES,0083,PROGRAMA NACIONAL DE SANEAMIENTO RURAL,2,PROYECTO,2400908,"INSTALACION DEL SERVICIO DE AGUA POTABLE Y SANEAMIENTO EN EL CENTRO POBLADO DE SANTA CRUZ, DISTRITO DE NAUTA, PROVINCIA DE LORETO - LORETO",6000039,EDUCACION SANITARIA Y GESTION DE LOS SERVICIOS DE SANEAMIENTO,16,LORETO,13,DONACIONES Y TRANSFERENCIAS,1347.0,0.0
2023,M,GOBIERNOS LOCALES, , , , ,301464,160511,MUNICIPALIDAD DISTRITAL DE YAQUERANA,16,LORETO,05,REQUENA,11,YAQUERANA,0083,PROGRAMA NACIONAL DE SANEAMIENTO RURAL,2,PROYECTO,2214208,"MEJORAMIENTO DEL SERVICIO DE EDUCACION INICIAL EN LA IEI N 882 DE LA COMUNIDAD NATIVA BUENAS LOMAS NUEVA, DISTRITO DE YAQUERANA - REQUENA - LORETO",4000017,INSTALACION DE INFRAESTRUCTURA DE EDUCACION INICIAL,16,LORETO,13,DONACIONES Y TRANSFERENCIAS,1069257.0,499702.65
2023,M,GOBIERNOS LOCALES, , , , ,300736,080705,MUNICIPALIDAD DISTRITAL DE LIVITACA,08,CUSCO,07,CHUMBIVILCAS,05,LIVITACA,0083,PROGRAMA NACIONAL DE SANEAMIENTO RURAL,2,PROYECTO,2459105,"MEJORAMIENTO Y AMPLIACION DE LOS SERVICIOS DE AGUA POTABLE Y DISPOSICION SANITARIA DE EXCRETAS EN LOS SECTORES MOYOPAMPA, LACCA LACCA Y ACCOPARA-CHUÑONOSA DE LA COMUNIDAD CAMPESINA DE CCOLLANA DISTRITO DE LIVITACA - PROVINCIA DE CHUMBIVILCAS - DEPARTAMENTO DE CUSCO",4000183,MEJORAMIENTO DEL SISTEMA DE AGUA POTABLE Y DISPOSICION SANITARIA DE EXCRETA,08,CUSCO,13,DONACIONES Y TRANSFERENCIAS,5116969.0,3677833.38
2023,M,GOBIERNOS LOCALES, , , , ,300308,030506,MUNICIPALIDAD DISTRITAL DE CHALLHUAHUACHO,03,APURIMAC,05,COTABAMBA,06,CHALLHUAHUACHO,0083,PROGRAMA NACIONAL DE SANEAMIENTO RURAL,2,PROYECTO,2342227,"MEJORAMIENTO Y AMPLIACION DEL SERVICIO DE AGUA POTABLE Y SANEAMIENTO RURAL EN LAS LOCALIDADES DE YANAHUARA, TOCCO, HUAYÑUNA, CHURAMA, MOSOCCLLACTA, PUMAHUASI, HUAYHUALLA, ULLANCANI, QUEUÑA CENTRO, ORAPATA Y SUCA SUCA, DEL CENTRO POBLADO DE QUEUÑA, DISTRITO DE CHALLHUAHUACHO - COTABAMBAS - APURIMAC",4000053,MEJORAMIENTO DEL SISTEMA DE AGUA POTABLE,03,APURIMAC,13,DONACIONES Y TRANSFERENCIAS,1154409.0,34705.1
2023,E,GOBIERNO NACIONAL,37,VIVIENDA CONSTRUCCION Y SANEAMIENTO,037,"MINISTERIO DE VIVIENDA, CONSTRUCCION Y SANEAMIENTO",1443,005,PROGRAMA NACIONAL DE SANEAMIENTO RURAL,15,LIMA,01,LIMA,22,MIRAFLORES,0083,PROGRAMA NACIONAL DE SANEAMIENTO RURAL,2,PROYECTO,2330643,"MEJORAMIENTO Y AMPLIACION DEL SERVICIO DE AGUA POTABLE Y SANEAMIENTO EN LA CC.NN MARSELLA DISTRITO DE EL TIGRE, PROVINCIA DE LORETO, REGION DE LORETO",4000181,"REHABILITACION, MEJORAMIENTO Y AMPLIACION DEL SISTEMA DE AGUA POTABLE Y DISPOSICION SANITARIA DE EXCRETA",16,LORETO,13,DONACIONES Y TRANSFERENCIAS,4765722.0,0.0
2023,E,GOBIERNO NACIONAL,37,VIVIENDA CONSTRUCCION Y SANEAMIENTO,037,"MINISTERIO DE VIVIENDA, CONSTRUCCION Y SANEAMIENTO",1443,005,PROGRAMA NACIONAL DE SANEAMIENTO RURAL,15,LIMA,01,LIMA,22,MIRAFLORES,0083,PROGRAMA NACIONAL DE SANEAMIENTO RURAL,2,PROYECTO,2235611,"AMPLIACION Y MEJORAMIENTO DEL SERVICIO DE AGUA POTABLE E INSTALACION DEL SERVICIO DE SANEAMIENTO EN EL CENTRO POBLADO DE PAMPA HERMOSA, DISTRITO DE TROMPETEROS, PROVINCIA DE LORETO, REGION LORETO",6000002,SUPERVISION Y LIQUIDACION DE OBRAS,16,LORETO,13,DONACIONES Y TRANSFERENCIAS,389220.0,334141.27
2023,E,GOBIERNO NACIONAL,37,VIVIENDA CONSTRUCCION Y SANEAMIENTO,037,"MINISTERIO DE VIVIENDA, CONSTRUCCION Y SANEAMIENTO",1443,005,PROGRAMA NACIONAL DE SANEAMIENTO RURAL,15,LIMA,01,LIMA,22,MIRAFLORES,0083,PROGRAMA NACIONAL DE SANEAMIENTO RURAL,2,PROYECTO,2400943,"INSTALACION DEL SERVICIO DE AGUA POTABLE Y SANEAMIENTO EN EL CENTRO POBLADO DE NUEVO SAN MARTIN, DISTRITO DE NAUTA, PROVINCIA DE LORETO - LORETO",4000182,CONSTRUCCION DEL SISTEMA DE AGUA POTABLE Y DISPOSICION SANITARIA DE EXCRETA,16,LORETO,13,DONACIONES Y TRANSFERENCIAS,111343.0,111342.91
2023,E,GOBIERNO NACIONAL,37,VIVIENDA CONSTRUCCION Y SANEAMIENTO,037,"MINISTERIO DE VIVIENDA, CONSTRUCCION Y SANEAMIENTO",1443,005,PROGRAMA NACIONAL DE SANEAMIENTO RURAL,15,LIMA,01,LIMA,22,MIRAFLORES,0083,PROGRAMA NACIONAL DE SANEAMIENTO RURAL,2,PROYECTO,2400936,"INSTALACION DEL SERVICIO DE AGUA POTABLE Y SANEAMIENTO EN EL CENTRO POBLADO DE MIRAFLORES, DISTRITO DE NAUTA, PROVINCIA DE LORETO - LORETO",4000182,CONSTRUCCION DEL SISTEMA DE AGUA POTABLE Y DISPOSICION SANITARIA DE EXCRETA,16,LORETO,13,DONACIONES Y TRANSFERENCIAS,352074.0,278531.53
2023,E,GOBIERNO NACIONAL,37,VIVIENDA CONSTRUCCION Y SANEAMIENTO,037,"MINISTERIO DE VIVIENDA, CONSTRUCCION Y SANEAMIENTO",1443,005,PROGRAMA NACIONAL DE SANEAMIENTO RURAL,15,LIMA,01,LIMA,22,MIRAFLORES,0083,PROGRAMA NACIONAL DE SANEAMIENTO RURAL,2,PROYECTO,2400908,"INSTALACION DEL SERVICIO DE AGUA POTABLE Y SANEAMIENTO EN EL CENTRO POBLADO DE SANTA CRUZ, DISTRITO DE NAUTA, PROVINCIA DE LORETO - LORETO",4000182,CONSTRUCCION DEL SISTEMA DE AGUA POTABLE Y DISPOSICION SANITARIA DE EXCRETA,16,LORETO,13,DONACIONES Y TRANSFERENCIAS,195338.0,0.0
2023,E,GOBIERNO NACIONAL,37,VIVIENDA CONSTRUCCION Y SANEAMIENTO,037,"MINISTERIO DE VIVIENDA, CONSTRUCCION Y SANEAMIENTO",1443,005,PROGRAMA NACIONAL DE SANEAMIENTO RURAL,15,LIMA,01,LIMA,22,MIRAFLORES,0083,PROGRAMA NACIONAL DE SANEAMIENTO RURAL,2,PROYECTO,2448877,"CREACION DEL SISTEMA DE AGUA POTABLE Y LETRINAS CON ARRASTRE HIDRAULICO EN LOS SECTORES CHACARAYA, JAPU, QUILLANI, HUATARRUSI, SAN MARTIN, ITMAPALLCCA, CHEQLLACCO, YURAQ-KANCHA, CHALLANSILLI, CCOCHANI, ILAVE, CHACCO, CCOLLPIÑA,HUACUYLLANI, HUASHUA, PFOCCOYTO, CHALLHUANCA, LLANJA, PAQLLA-PAQLLA Y CHAQHUARAPATA DE LAS COMUNIDADES DE LUTTO, PFUISA, ANTUYO, CCOLLPA CCASAHUI Y SAN SEBASTIAN DE LLUSCO DEL DISTRITO DE LLUSCO - PROVINCIA DE CHUMBIVILCAS - DEPARTAMENTO DE CUSCO",6000001,EXPEDIENTE TECNICO,08,CUSCO,13,DONACIONES Y TRANSFERENCIAS,135614.0,0.0
2023,E,GOBIERNO NACIONAL,37,VIVIENDA CONSTRUCCION Y SANEAMIENTO,037,"MINISTERIO DE VIVIENDA, CONSTRUCCION Y SANEAMIENTO",1443,005,PROGRAMA NACIONAL DE SANEAMIENTO RURAL,15,LIMA,01,LIMA,22,MIRAFLORES,0083,PROGRAMA NACIONAL DE SANEAMIENTO RURAL,2,PROYECTO,2330637,"MEJORAMIENTO Y AMPLIACION DEL SERVICIO DE AGUA POTABLE Y SANEAMIENTO EN LA CC.NN PAICHE PLAYA DISTRITO DE EL TIGRE, PROVINCIA DE LORETO, REGION DE LORETO",6000002,SUPERVISION Y LIQUIDACION DE OBRAS,16,LORETO,13,DONACIONES Y TRANSFERENCIAS,80575.0,56226.03
2023,M,GOBIERNOS LOCALES, , , , ,300736,080705,MUNICIPALIDAD DISTRITAL DE LIVITACA,08,CUSCO,07,CHUMBIVILCAS,05,LIVITACA,0090,LOGROS DE APRENDIZAJE DE ESTUDIANTES DE LA EDUCACION BASICA REGULAR,2,PROYECTO,2388403,MEJORAMIENTO Y AMPLIACION DEL SERVICIO DE EDUCACION INICIAL 521 EN EL SECTOR DE QUECHAPAMPA DE LA C.C. DE HUANACO DEL DISTRITO DE LIVITACA - PROVINCIA DE CHUMBIVILCAS - DEPARTAMENTO DE CUSCO,6000001,EXPEDIENTE TECNICO,08,CUSCO,13,DONACIONES Y TRANSFERENCIAS,44722.0,0.0
2023,E,GOBIERNO NACIONAL,37,VIVIENDA CONSTRUCCION Y SANEAMIENTO,037,"MINISTERIO DE VIVIENDA, CONSTRUCCION Y SANEAMIENTO",1443,005,PROGRAMA NACIONAL DE SANEAMIENTO RURAL,15,LIMA,01,LIMA,22,MIRAFLORES,0083,PROGRAMA NACIONAL DE SANEAMIENTO RURAL,2,PROYECTO,2400902,"INSTALACION DEL SERVICIO DE AGUA POTABLE Y SANEAMIENTO EN LA COMUNIDAD NATIVA DE 1 DE MAYO, DISTRITO DE NAUTA, PROVINCIA DE LORETO - LORETO",4000182,CONSTRUCCION DEL SISTEMA DE AGUA POTABLE Y DISPOSICION SANITARIA DE EXCRETA,16,LORETO,13,DONACIONES Y TRANSFERENCIAS,911979.0,909212.55
2023,E,GOBIERNO NACIONAL,37,VIVIENDA CONSTRUCCION Y SANEAMIENTO,037,"MINISTERIO DE VIVIENDA, CONSTRUCCION Y SANEAMIENTO",1443,005,PROGRAMA NACIONAL DE SANEAMIENTO RURAL,15,LIMA,01,LIMA,22,MIRAFLORES,0083,PROGRAMA NACIONAL DE SANEAMIENTO RURAL,2,PROYECTO,2235611,"AMPLIACION Y MEJORAMIENTO DEL SERVICIO DE AGUA POTABLE E INSTALACION DEL SERVICIO DE SANEAMIENTO EN EL CENTRO POBLADO DE PAMPA HERMOSA, DISTRITO DE TROMPETEROS, PROVINCIA DE LORETO, REGION LORETO",4000181,"REHABILITACION, MEJORAMIENTO Y AMPLIACION DEL SISTEMA DE AGUA POTABLE Y DISPOSICION SANITARIA DE EXCRETA",16,LORETO,13,DONACIONES Y TRANSFERENCIAS,4179579.0,1092736.52
2023,E,GOBIERNO NACIONAL,37,VIVIENDA CONSTRUCCION Y SANEAMIENTO,037,"MINISTERIO DE VIVIENDA, CONSTRUCCION Y SANEAMIENTO",1443,005,PROGRAMA NACIONAL DE SANEAMIENTO RURAL,15,LIMA,01,LIMA,22,MIRAFLORES,0083,PROGRAMA NACIONAL DE SANEAMIENTO RURAL,2,PROYECTO,2147748,GESTION DEL PROGRAMA Y OTROS - PROGRAMA DE AGUA POTABLE Y SANEAMIENTO PARA LA AMAZONIA RURAL,6000016,GESTION Y ADMINISTRACION,15,LIMA,13,DONACIONES Y TRANSFERENCIAS,221718.0,132600.0
2023,E,GOBIERNO NACIONAL,37,VIVIENDA CONSTRUCCION Y SANEAMIENTO,037,"MINISTERIO DE VIVIENDA, CONSTRUCCION Y SANEAMIENTO",1443,005,PROGRAMA NACIONAL DE SANEAMIENTO RURAL,15,LIMA,01,LIMA,22,MIRAFLORES,0083,PROGRAMA NACIONAL DE SANEAMIENTO RURAL,2,PROYECTO,2400941,"INSTALACION DEL SERVICIO DE AGUA POTABLE Y SANEAMIENTO EN EL CENTRO POBLADO DE LISBOA, DISTRITO DE NAUTA, PROVINCIA DE LORETO - LORETO",4000182,CONSTRUCCION DEL SISTEMA DE AGUA POTABLE Y DISPOSICION SANITARIA DE EXCRETA,16,LORETO,13,DONACIONES Y TRANSFERENCIAS,173552.0,173552.00000000003
2023,E,GOBIERNO NACIONAL,36,TRANSPORTES Y COMUNICACIONES,036,MINISTERIO DE TRANSPORTES Y COMUNICACIONES,1250,010,MTC- PROVIAS DESCENTRALIZADO,15,LIMA,01,LIMA,01,LIMA,0138,"REDUCCION DEL COSTO, TIEMPO E INSEGURIDAD EN EL SISTEMA DE TRANSPORTE",2,PROYECTO,2210922,"MEJORAMIENTO DE LA CARRETERA SARAMIRIZA-BORJA, DISTRITO DE MANSERICHE - DATEM DEL MARANON - LORETO",4000079,MEJORAMIENTO DE CAMINO VECINAL,16,LORETO,13,DONACIONES Y TRANSFERENCIAS,11855495.0,11711362.459999999
2023,E,GOBIERNO NACIONAL,11,SALUD,011,M. DE SALUD,1655,125,PROGRAMA NACIONAL DE INVERSIONES EN SALUD,15,LIMA,01,LIMA,31,SAN ISIDRO,9002,ASIGNACIONES PRESUPUESTARIAS QUE NO RESULTAN EN PRODUCTOS,2,PROYECTO,2474925,"MEJORAMIENTO Y AMPLIACION DE LOS SERVICIOS DE SALUD DEL ESTABLECIMIENTO DE SALUD 12 DE OCTUBRE, LOCALIDAD 12 DE OCTUBRE DEL DISTRITO DE TIGRE - PROVINCIA DE LORETO - DEPARTAMENTO DE LORETO",6000001,EXPEDIENTE TECNICO,16,LORETO,13,DONACIONES Y TRANSFERENCIAS,143500.0,140643.75
2023,E,GOBIERNO NACIONAL,36,TRANSPORTES Y COMUNICACIONES,036,MINISTERIO DE TRANSPORTES Y COMUNICACIONES,1250,010,MTC- PROVIAS DESCENTRALIZADO,15,LIMA,01,LIMA,01,LIMA,0138,"REDUCCION DEL COSTO, TIEMPO E INSEGURIDAD EN EL SISTEMA DE TRANSPORTE",2,PROYECTO,2210922,"MEJORAMIENTO DE LA CARRETERA SARAMIRIZA-BORJA, DISTRITO DE MANSERICHE - DATEM DEL MARANON - LORETO",6000002,SUPERVISION Y LIQUIDACION DE OBRAS,16,LORETO,13,DONACIONES Y TRANSFERENCIAS,780338.0,773151.81
2023,M,GOBIERNOS LOCALES, , , , ,300735,080704,MUNICIPALIDAD DISTRITAL DE COLQUEMARCA,08,CUSCO,07,CHUMBIVILCAS,04,COLQUEMARCA,0138,"REDUCCION DEL COSTO, TIEMPO E INSEGURIDAD EN EL SISTEMA DE TRANSPORTE",2,PROYECTO,2468682,MEJORAMIENTO DEL CAMINO VECINAL DE LA COMUNIDAD DE HUARACCO HACIA LA LAGUNA CCACANSA DEL DISTRITO DE COLQUEMARCA - PROVINCIA DE CHUMBIVILCAS - DEPARTAMENTO DE CUSCO,6000001,EXPEDIENTE TECNICO,08,CUSCO,13,DONACIONES Y TRANSFERENCIAS,54300.0,0.0
2023,M,GOBIERNOS LOCALES, , , , ,301464,160511,MUNICIPALIDAD DISTRITAL DE YAQUERANA,16,LORETO,05,REQUENA,11,YAQUERANA,0083,PROGRAMA NACIONAL DE SANEAMIENTO RURAL,2,PROYECTO,2331811,"CREACION DEL SISTEMA DE AGUA POTABLE Y SANEAMIENTO DE LA LOCALIDAD DE SAN JOSE DE AÑUSHI, DISTRITO DE YAQUERANA - REQUENA - LORETO",4000041,INSTALACION DE SISTEMA DE AGUA POTABLE,16,LORETO,13,DONACIONES Y TRANSFERENCIAS,1885299.0,0.0
2023,M,GOBIERNOS LOCALES, , , , ,300308,030506,MUNICIPALIDAD DISTRITAL DE CHALLHUAHUACHO,03,APURIMAC,05,COTABAMBA,06,CHALLHUAHUACHO,0083,PROGRAMA NACIONAL DE SANEAMIENTO RURAL,2,PROYECTO,2342219,"MEJORAMIENTO Y AMPLIACION DEL SERVICIO DE AGUA POTABLE Y SANEAMIENTO RURAL EN LA COMUNIDAD DE SUYTUYO, DISTRITO DE CHALLHUAHUACHO - COTABAMBAS - APURIMAC",4000053,MEJORAMIENTO DEL SISTEMA DE AGUA POTABLE,03,APURIMAC,13,DONACIONES Y TRANSFERENCIAS,45614.0,0.0
2024,E,GOBIERNO NACIONAL,37,VIVIENDA CONSTRUCCION Y SANEAMIENTO,037,"MINISTERIO DE VIVIENDA, CONSTRUCCION Y SANEAMIENTO",1443,005,PROGRAMA NACIONAL DE SANEAMIENTO RURAL,15,LIMA,01,LIMA,22,MIRAFLORES,0083,PROGRAMA NACIONAL DE SANEAMIENTO RURAL,2,PROYECTO,2275299,"MEJORAMIENTO Y AMPLIACION DEL SERVICIO DE AGUA POTABLE E INSTALACION DE SANEAMIENTO BASICO EN EL CENTRO POBLADO DE PALCA, DISTRITO DE OLLACHEA, DEPARTAMENTO DE PUNO",6000039,EDUCACION SANITARIA Y GESTION DE LOS SERVICIOS DE SANEAMIENTO,21,PUNO,13,DONACIONES Y TRANSFERENCIAS,81737.0,23809.5
2024,E,GOBIERNO NACIONAL,37,VIVIENDA CONSTRUCCION Y SANEAMIENTO,037,"MINISTERIO DE VIVIENDA, CONSTRUCCION Y SANEAMIENTO",1443,005,PROGRAMA NACIONAL DE SANEAMIENTO RURAL,15,LIMA,01,LIMA,22,MIRAFLORES,0083,PROGRAMA NACIONAL DE SANEAMIENTO RURAL,2,PROYECTO,2400914,"INSTALACION DEL SERVICIO DE AGUA POTABLE Y SANEAMIENTO EN LA COMUNIDAD NATIVA DE PAYOROTE, DISTRITO DE NAUTA, PROVINCIA DE LORETO - LORETO",6000002,SUPERVISION Y LIQUIDACION DE OBRAS,16,LORETO,13,DONACIONES Y TRANSFERENCIAS,1031.0,1030.73
2024,E,GOBIERNO NACIONAL,37,VIVIENDA CONSTRUCCION Y SANEAMIENTO,037,"MINISTERIO DE VIVIENDA, CONSTRUCCION Y SANEAMIENTO",1443,005,PROGRAMA NACIONAL DE SANEAMIENTO RURAL,15,LIMA,01,LIMA,22,MIRAFLORES,0083,PROGRAMA NACIONAL DE SANEAMIENTO RURAL,2,PROYECTO,2332507,"MEJORAMIENTO Y AMPLIACION DEL SERVICIO DE AGUA POTABLE Y SANEAMIENTO EN LA CC.NN BELEN DISTRITO DE TROMPETEROS, PROVINCIA DE LORETO, REGION DE LORETO.",6000039,EDUCACION SANITARIA Y GESTION DE LOS SERVICIOS DE SANEAMIENTO,16,LORETO,13,DONACIONES Y TRANSFERENCIAS,0.0,0.0
2024,E,GOBIERNO NACIONAL,37,VIVIENDA CONSTRUCCION Y SANEAMIENTO,037,"MINISTERIO DE VIVIENDA, CONSTRUCCION Y SANEAMIENTO",1443,005,PROGRAMA NACIONAL DE SANEAMIENTO RURAL,15,LIMA,01,LIMA,22,MIRAFLORES,0083,PROGRAMA NACIONAL DE SANEAMIENTO RURAL,2,PROYECTO,2307922,"AMPLIACION Y MEJORAMIENTO DEL SERVICIO DE AGUA POTABLE E INSTALACION DEL SANEAMIENTO DE LA LOCALIDAD DE LIBERTAD, DISTRITO DE TIGRE - LORETO - LORETO",6000016,GESTION Y ADMINISTRACION,16,LORETO,13,DONACIONES Y TRANSFERENCIAS,52594.0,52563.189999999995
2024,M,GOBIERNOS LOCALES, , , , ,301842,160706,MUNICIPALIDAD DISTRITAL DE ANDOAS,16,LORETO,07,DATEM DEL MARAÑON,06,ANDOAS,0083,PROGRAMA NACIONAL DE SANEAMIENTO RURAL,2,PROYECTO,2462559,CREACION DEL SISTEMA DE AGUA POTABLE Y DESAGUE DE LA COMUNIDAD NATIVA LOBOYACU DEL DISTRITO DE ANDOAS - PROVINCIA DE DATEM DEL MARAÑON - DEPARTAMENTO DE LORETO,4000041,INSTALACION DE SISTEMA DE AGUA POTABLE,16,LORETO,13,DONACIONES Y TRANSFERENCIAS,6795983.0,6685321.5
2024,M,GOBIERNOS LOCALES, , , , ,300308,030506,MUNICIPALIDAD DISTRITAL DE CHALLHUAHUACHO,03,APURIMAC,05,COTABAMBA,06,CHALLHUAHUACHO,0083,PROGRAMA NACIONAL DE SANEAMIENTO RURAL,2,PROYECTO,2342171,"MEJORAMIENTO Y AMPLIACION SERVICIO DE AGUA POTABLE Y SANEAMIENTO RURAL EN LA COMUNIDAD DE MOLINOPATA, DISTRITO DE CHALLHUAHUACHO - COTABAMBAS - APURIMAC",4000053,MEJORAMIENTO DEL SISTEMA DE AGUA POTABLE,03,APURIMAC,13,DONACIONES Y TRANSFERENCIAS,231104.0,226484.41999999998
2024,M,GOBIERNOS LOCALES, , , , ,301628,210306,MUNICIPALIDAD DISTRITAL DE CRUCERO,21,PUNO,03,CARABAYA,06,CRUCERO,0109,NUESTRAS CIUDADES,2,PROYECTO,2594541,CREACION DE LOS SERVICIOS PUBLICOS DE INTEGRACION ECONOMICA Y SOCIAL EN EL BARRIO JOSE DOMINGO CHOQUEHUANCA DE LA LOCALIDAD DE CRUCERO DEL DISTRITO DE CRUCERO DE LA PROVINCIA DE CARABAYA DEL DEPARTAMENTO DE PUNO,6000002,SUPERVISION Y LIQUIDACION DE OBRAS,21,PUNO,13,DONACIONES Y TRANSFERENCIAS,53472.0,0.0
2024,M,GOBIERNOS LOCALES, , , , ,301819,250104,MUNICIPALIDAD DISTRITAL DE MASISEA,25,UCAYALI,01,CORONEL PORTILLO,04,MASISEA,0090,LOGROS DE APRENDIZAJE DE ESTUDIANTES DE LA EDUCACION BASICA REGULAR,2,PROYECTO,2492253,"MEJORAMIENTO DEL SERVICIO EDUCATIVO DEL NIVEL PRIMARIA DE LA I.E. N° 64154-B EN LA CC.NN DE VISTA ALEGRE, DISTRITO DE MASISEA - PROVINCIA DE CORONEL PORTILLO - DEPARTAMENTO DE UCAYALI",4000036,MEJORAMIENTO DE INFRAESTRUCTURA DE EDUCACION PRIMARIA,25,UCAYALI,13,DONACIONES Y TRANSFERENCIAS,2122743.0,2093748.3399999999
2024,M,GOBIERNOS LOCALES, , , , ,301628,210306,MUNICIPALIDAD DISTRITAL DE CRUCERO,21,PUNO,03,CARABAYA,06,CRUCERO,0109,NUESTRAS CIUDADES,2,PROYECTO,2594541,CREACION DE LOS SERVICIOS PUBLICOS DE INTEGRACION ECONOMICA Y SOCIAL EN EL BARRIO JOSE DOMINGO CHOQUEHUANCA DE LA LOCALIDAD DE CRUCERO DEL DISTRITO DE CRUCERO DE LA PROVINCIA DE CARABAYA DEL DEPARTAMENTO DE PUNO,4000187,CONSTRUCCION DE PARQUES,21,PUNO,13,DONACIONES Y TRANSFERENCIAS,505882.0,45529.43
2024,E,GOBIERNO NACIONAL,11,SALUD,011,M. DE SALUD,1655,125,PROGRAMA NACIONAL DE INVERSIONES EN SALUD,15,LIMA,01,LIMA,31,SAN ISIDRO,9002,ASIGNACIONES PRESUPUESTARIAS QUE NO RESULTAN EN PRODUCTOS,2,PROYECTO,2469195,"MEJORAMIENTO Y AMPLIACION DE LOS SERVICIOS DE SALUD DEL ESTABLECIMIENTO DE SALUD NUEVO ANDOAS, DISTRITO DE ANDOAS - PROVINCIA DE DATEM DEL MARAÑON - DEPARTAMENTO DE LORETO",6000001,EXPEDIENTE TECNICO,16,LORETO,13,DONACIONES Y TRANSFERENCIAS,17388.0,17387.75
2024,E,GOBIERNO NACIONAL,37,VIVIENDA CONSTRUCCION Y SANEAMIENTO,037,"MINISTERIO DE VIVIENDA, CONSTRUCCION Y SANEAMIENTO",1443,005,PROGRAMA NACIONAL DE SANEAMIENTO RURAL,15,LIMA,01,LIMA,22,MIRAFLORES,0083,PROGRAMA NACIONAL DE SANEAMIENTO RURAL,2,PROYECTO,2400908,"INSTALACION DEL SERVICIO DE AGUA POTABLE Y SANEAMIENTO EN EL CENTRO POBLADO DE SANTA CRUZ, DISTRITO DE NAUTA, PROVINCIA DE LORETO - LORETO",4000182,CONSTRUCCION DEL SISTEMA DE AGUA POTABLE Y DISPOSICION SANITARIA DE EXCRETA,16,LORETO,13,DONACIONES Y TRANSFERENCIAS,256254.0,256254.0
2024,E,GOBIERNO NACIONAL,37,VIVIENDA CONSTRUCCION Y SANEAMIENTO,037,"MINISTERIO DE VIVIENDA, CONSTRUCCION Y SANEAMIENTO",1443,005,PROGRAMA NACIONAL DE SANEAMIENTO RURAL,15,LIMA,01,LIMA,22,MIRAFLORES,0083,PROGRAMA NACIONAL DE SANEAMIENTO RURAL,2,PROYECTO,2330634,"MEJORAMIENTO Y AMPLIACION DEL SERVICIO DE AGUA POTABLE Y SANEAMIENTO EN LA CC.NN SAN JUAN DE BARTRA DISTRITO DE EL TIGRE, PROVINCIA DE LORETO, REGION DE LORETO.",4000181,"REHABILITACION, MEJORAMIENTO Y AMPLIACION DEL SISTEMA DE AGUA POTABLE Y DISPOSICION SANITARIA DE EXCRETA",16,LORETO,13,DONACIONES Y TRANSFERENCIAS,407285.0,407284.52
2024,E,GOBIERNO NACIONAL,37,VIVIENDA CONSTRUCCION Y SANEAMIENTO,037,"MINISTERIO DE VIVIENDA, CONSTRUCCION Y SANEAMIENTO",1443,005,PROGRAMA NACIONAL DE SANEAMIENTO RURAL,15,LIMA,01,LIMA,22,MIRAFLORES,0083,PROGRAMA NACIONAL DE SANEAMIENTO RURAL,2,PROYECTO,2330634,"MEJORAMIENTO Y AMPLIACION DEL SERVICIO DE AGUA POTABLE Y SANEAMIENTO EN LA CC.NN SAN JUAN DE BARTRA DISTRITO DE EL TIGRE, PROVINCIA DE LORETO, REGION DE LORETO.",6000002,SUPERVISION Y LIQUIDACION DE OBRAS,16,LORETO,13,DONACIONES Y TRANSFERENCIAS,6795.0,0.0
2024,E,GOBIERNO NACIONAL,37,VIVIENDA CONSTRUCCION Y SANEAMIENTO,037,"MINISTERIO DE VIVIENDA, CONSTRUCCION Y SANEAMIENTO",1443,005,PROGRAMA NACIONAL DE SANEAMIENTO RURAL,15,LIMA,01,LIMA,22,MIRAFLORES,0083,PROGRAMA NACIONAL DE SANEAMIENTO RURAL,2,PROYECTO,2328455,"MEJORAMIENTO, AMPLIACION DEL SERVICIO DE AGUA POTABLE Y SANEAMIENTO EN LA COMUNIDAD NATIVA BOLOGNESI, DISTRITO DE ANDOAS, PROVINCIA DE DATEM DEL MARAÑON, REGION LORETO",6000016,GESTION Y ADMINISTRACION,16,LORETO,13,DONACIONES Y TRANSFERENCIAS,39572.0,39571.53
2024,E,GOBIERNO NACIONAL,37,VIVIENDA CONSTRUCCION Y SANEAMIENTO,037,"MINISTERIO DE VIVIENDA, CONSTRUCCION Y SANEAMIENTO",1443,005,PROGRAMA NACIONAL DE SANEAMIENTO RURAL,15,LIMA,01,LIMA,22,MIRAFLORES,0083,PROGRAMA NACIONAL DE SANEAMIENTO RURAL,2,PROYECTO,2307922,"AMPLIACION Y MEJORAMIENTO DEL SERVICIO DE AGUA POTABLE E INSTALACION DEL SANEAMIENTO DE LA LOCALIDAD DE LIBERTAD, DISTRITO DE TIGRE - LORETO - LORETO",6000002,SUPERVISION Y LIQUIDACION DE OBRAS,16,LORETO,13,DONACIONES Y TRANSFERENCIAS,170026.0,170024.39
2024,E,GOBIERNO NACIONAL,37,VIVIENDA CONSTRUCCION Y SANEAMIENTO,037,"MINISTERIO DE VIVIENDA, CONSTRUCCION Y SANEAMIENTO",1443,005,PROGRAMA NACIONAL DE SANEAMIENTO RURAL,15,LIMA,01,LIMA,22,MIRAFLORES,0083,PROGRAMA NACIONAL DE SANEAMIENTO RURAL,2,PROYECTO,2328454,"MEJORAMIENTO, AMPLIACION DEL SERVICIO DE AGUA POTABLE Y SANEAMIENTO EN LA COMUNIDAD NATIVA PUERTO ALEGRE, DISTRITO DE ANDOAS, PROVINCIA DEL DATEM DEL MARAÑON, REGION LORETO",4000181,"REHABILITACION, MEJORAMIENTO Y AMPLIACION DEL SISTEMA DE AGUA POTABLE Y DISPOSICION SANITARIA DE EXCRETA",16,LORETO,13,DONACIONES Y TRANSFERENCIAS,0.0,0.0
2024,E,GOBIERNO NACIONAL,37,VIVIENDA CONSTRUCCION Y SANEAMIENTO,037,"MINISTERIO DE VIVIENDA, CONSTRUCCION Y SANEAMIENTO",1443,005,PROGRAMA NACIONAL DE SANEAMIENTO RURAL,15,LIMA,01,LIMA,22,MIRAFLORES,0083,PROGRAMA NACIONAL DE SANEAMIENTO RURAL,2,PROYECTO,2252832,"INSTALACION DE LOS SISTEMAS DE AGUA POTABLE Y SANEAMIENTO PARA EL CENTRO POBLADO DE AJACHIN, DISTRITO DE MANSERICHE - DATEM DEL MARANON - LORETO",4000182,CONSTRUCCION DEL SISTEMA DE AGUA POTABLE Y DISPOSICION SANITARIA DE EXCRETA,16,LORETO,13,DONACIONES Y TRANSFERENCIAS,0.0,0.0
2024,M,GOBIERNOS LOCALES, , , , ,300736,080705,MUNICIPALIDAD DISTRITAL DE LIVITACA,08,CUSCO,07,CHUMBIVILCAS,05,LIVITACA,0083,PROGRAMA NACIONAL DE SANEAMIENTO RURAL,2,PROYECTO,2512020,"MEJORAMIENTO Y AMPLIACION DEL SERVICIO DE AGUA POTABLE Y SANEAMIENTO BASICO EN EL SECTOR DE AUSANTA DE LA COMUNIDAD DE AUCHO, DISTRITO DE LIVITACA - PROVINCIA DE CHUMBIVILCAS - DEPARTAMENTO DE CUSCO",4000183,MEJORAMIENTO DEL SISTEMA DE AGUA POTABLE Y DISPOSICION SANITARIA DE EXCRETA,08,CUSCO,13,DONACIONES Y TRANSFERENCIAS,4889509.0,3278923.4400000004
2024,E,GOBIERNO NACIONAL,37,VIVIENDA CONSTRUCCION Y SANEAMIENTO,037,"MINISTERIO DE VIVIENDA, CONSTRUCCION Y SANEAMIENTO",1443,005,PROGRAMA NACIONAL DE SANEAMIENTO RURAL,15,LIMA,01,LIMA,22,MIRAFLORES,0083,PROGRAMA NACIONAL DE SANEAMIENTO RURAL,2,PROYECTO,2235560,"INSTALACION DE LOS SISTEMAS DE AGUA POTABLE Y SANEAMIENTO PARA EL CENTRO POBLADO DE PUERTO ELISA, DISTRITO DE MANSERICHE - DATEM DEL MARANON - LORETO",4000182,CONSTRUCCION DEL SISTEMA DE AGUA POTABLE Y DISPOSICION SANITARIA DE EXCRETA,16,LORETO,13,DONACIONES Y TRANSFERENCIAS,82119.0,0.0
2024,E,GOBIERNO NACIONAL,37,VIVIENDA CONSTRUCCION Y SANEAMIENTO,037,"MINISTERIO DE VIVIENDA, CONSTRUCCION Y SANEAMIENTO",1443,005,PROGRAMA NACIONAL DE SANEAMIENTO RURAL,15,LIMA,01,LIMA,22,MIRAFLORES,0083,PROGRAMA NACIONAL DE SANEAMIENTO RURAL,2,PROYECTO,2400936,"INSTALACION DEL SERVICIO DE AGUA POTABLE Y SANEAMIENTO EN EL CENTRO POBLADO DE MIRAFLORES, DISTRITO DE NAUTA, PROVINCIA DE LORETO - LORETO",4000182,CONSTRUCCION DEL SISTEMA DE AGUA POTABLE Y DISPOSICION SANITARIA DE EXCRETA,16,LORETO,13,DONACIONES Y TRANSFERENCIAS,27097.0,27097.0
2024,E,GOBIERNO NACIONAL,37,VIVIENDA CONSTRUCCION Y SANEAMIENTO,037,"MINISTERIO DE VIVIENDA, CONSTRUCCION Y SANEAMIENTO",1443,005,PROGRAMA NACIONAL DE SANEAMIENTO RURAL,15,LIMA,01,LIMA,22,MIRAFLORES,0083,PROGRAMA NACIONAL DE SANEAMIENTO RURAL,2,PROYECTO,2252832,"INSTALACION DE LOS SISTEMAS DE AGUA POTABLE Y SANEAMIENTO PARA EL CENTRO POBLADO DE AJACHIN, DISTRITO DE MANSERICHE - DATEM DEL MARANON - LORETO",6000016,GESTION Y ADMINISTRACION,16,LORETO,13,DONACIONES Y TRANSFERENCIAS,12750.0,12750.0
2024,E,GOBIERNO NACIONAL,37,VIVIENDA CONSTRUCCION Y SANEAMIENTO,037,"MINISTERIO DE VIVIENDA, CONSTRUCCION Y SANEAMIENTO",1443,005,PROGRAMA NACIONAL DE SANEAMIENTO RURAL,15,LIMA,01,LIMA,22,MIRAFLORES,0083,PROGRAMA NACIONAL DE SANEAMIENTO RURAL,2,PROYECTO,2400905,"INSTALACION DEL SERVICIO DE AGUA POTABLE Y SANEAMIENTO EN EL CENTRO POBLADO DE 1 DE FEBRERO, DISTRITO DE NAUTA, PROVINCIA DE LORETO - LORETO",4000182,CONSTRUCCION DEL SISTEMA DE AGUA POTABLE Y DISPOSICION SANITARIA DE EXCRETA,16,LORETO,13,DONACIONES Y TRANSFERENCIAS,224242.0,224241.91
2024,E,GOBIERNO NACIONAL,37,VIVIENDA CONSTRUCCION Y SANEAMIENTO,037,"MINISTERIO DE VIVIENDA, CONSTRUCCION Y SANEAMIENTO",1443,005,PROGRAMA NACIONAL DE SANEAMIENTO RURAL,15,LIMA,01,LIMA,22,MIRAFLORES,0083,PROGRAMA NACIONAL DE SANEAMIENTO RURAL,2,PROYECTO,2328454,"MEJORAMIENTO, AMPLIACION DEL SERVICIO DE AGUA POTABLE Y SANEAMIENTO EN LA COMUNIDAD NATIVA PUERTO ALEGRE, DISTRITO DE ANDOAS, PROVINCIA DEL DATEM DEL MARAÑON, REGION LORETO",6000016,GESTION Y ADMINISTRACION,16,LORETO,13,DONACIONES Y TRANSFERENCIAS,19875.0,19875.0
2024,E,GOBIERNO NACIONAL,37,VIVIENDA CONSTRUCCION Y SANEAMIENTO,037,"MINISTERIO DE VIVIENDA, CONSTRUCCION Y SANEAMIENTO",1443,005,PROGRAMA NACIONAL DE SANEAMIENTO RURAL,15,LIMA,01,LIMA,22,MIRAFLORES,0083,PROGRAMA NACIONAL DE SANEAMIENTO RURAL,2,PROYECTO,2332507,"MEJORAMIENTO Y AMPLIACION DEL SERVICIO DE AGUA POTABLE Y SANEAMIENTO EN LA CC.NN BELEN DISTRITO DE TROMPETEROS, PROVINCIA DE LORETO, REGION DE LORETO.",6000016,GESTION Y ADMINISTRACION,16,LORETO,13,DONACIONES Y TRANSFERENCIAS,15928.0,14988.48
2024,E,GOBIERNO NACIONAL,37,VIVIENDA CONSTRUCCION Y SANEAMIENTO,037,"MINISTERIO DE VIVIENDA, CONSTRUCCION Y SANEAMIENTO",1443,005,PROGRAMA NACIONAL DE SANEAMIENTO RURAL,15,LIMA,01,LIMA,22,MIRAFLORES,0083,PROGRAMA NACIONAL DE SANEAMIENTO RURAL,2,PROYECTO,2275299,"MEJORAMIENTO Y AMPLIACION DEL SERVICIO DE AGUA POTABLE E INSTALACION DE SANEAMIENTO BASICO EN EL CENTRO POBLADO DE PALCA, DISTRITO DE OLLACHEA, DEPARTAMENTO DE PUNO",4000181,"REHABILITACION, MEJORAMIENTO Y AMPLIACION DEL SISTEMA DE AGUA POTABLE Y DISPOSICION SANITARIA DE EXCRETA",21,PUNO,13,DONACIONES Y TRANSFERENCIAS,0.0,0.0
2024,M,GOBIERNOS LOCALES, , , , ,301428,160107,MUNICIPALIDAD DISTRITAL DE NAPO,16,LORETO,01,MAYNAS,07,NAPO,0083,PROGRAMA NACIONAL DE SANEAMIENTO RURAL,2,PROYECTO,2404476,CREACION E INSTALACION DEL SISTEMA DE AGUA POTABLE Y SANEAMIENTO DEL CENTRO POBLADO DE HUITOTOS DE NEGRO URCO - DISTRITO DE NAPO - PROVINCIA DE MAYNAS - REGION LORETO,4000041,INSTALACION DE SISTEMA DE AGUA POTABLE,16,LORETO,13,DONACIONES Y TRANSFERENCIAS,21879.0,19100.74
2024,E,GOBIERNO NACIONAL,37,VIVIENDA CONSTRUCCION Y SANEAMIENTO,037,"MINISTERIO DE VIVIENDA, CONSTRUCCION Y SANEAMIENTO",1443,005,PROGRAMA NACIONAL DE SANEAMIENTO RURAL,15,LIMA,01,LIMA,22,MIRAFLORES,0083,PROGRAMA NACIONAL DE SANEAMIENTO RURAL,2,PROYECTO,2328455,"MEJORAMIENTO, AMPLIACION DEL SERVICIO DE AGUA POTABLE Y SANEAMIENTO EN LA COMUNIDAD NATIVA BOLOGNESI, DISTRITO DE ANDOAS, PROVINCIA DE DATEM DEL MARAÑON, REGION LORETO",4000181,"REHABILITACION, MEJORAMIENTO Y AMPLIACION DEL SISTEMA DE AGUA POTABLE Y DISPOSICION SANITARIA DE EXCRETA",16,LORETO,13,DONACIONES Y TRANSFERENCIAS,58538.0,58537.66
2024,E,GOBIERNO NACIONAL,37,VIVIENDA CONSTRUCCION Y SANEAMIENTO,037,"MINISTERIO DE VIVIENDA, CONSTRUCCION Y SANEAMIENTO",1443,005,PROGRAMA NACIONAL DE SANEAMIENTO RURAL,15,LIMA,01,LIMA,22,MIRAFLORES,0083,PROGRAMA NACIONAL DE SANEAMIENTO RURAL,2,PROYECTO,2235611,"AMPLIACION Y MEJORAMIENTO DEL SERVICIO DE AGUA POTABLE E INSTALACION DEL SERVICIO DE SANEAMIENTO EN EL CENTRO POBLADO DE PAMPA HERMOSA, DISTRITO DE TROMPETEROS, PROVINCIA DE LORETO, REGION LORETO",4000181,"REHABILITACION, MEJORAMIENTO Y AMPLIACION DEL SISTEMA DE AGUA POTABLE Y DISPOSICION SANITARIA DE EXCRETA",16,LORETO,13,DONACIONES Y TRANSFERENCIAS,0.0,0.0
2024,M,GOBIERNOS LOCALES, , , , ,300738,080707,MUNICIPALIDAD DISTRITAL DE QUIÑOTA,08,CUSCO,07,CHUMBIVILCAS,07,QUINOTA,9002,ASIGNACIONES PRESUPUESTARIAS QUE NO RESULTAN EN PRODUCTOS,2,PROYECTO,2624278,MEJORAMIENTO DE LOS SERVICIOS OPERATIVOS O MISIONALES INSTITUCIONALES EN LA IMPLEMENTACION CON MAQUINARIA PESADA Y LIVIANA EN EL DISTRITO DE QUIÑOTA DE LA PROVINCIA DE CHUMBIVILCAS DEL DEPARTAMENTO DE CUSCO,6000001,EXPEDIENTE TECNICO,08,CUSCO,13,DONACIONES Y TRANSFERENCIAS,6014851.0,1132900.0
2024,E,GOBIERNO NACIONAL,37,VIVIENDA CONSTRUCCION Y SANEAMIENTO,037,"MINISTERIO DE VIVIENDA, CONSTRUCCION Y SANEAMIENTO",1443,005,PROGRAMA NACIONAL DE SANEAMIENTO RURAL,15,LIMA,01,LIMA,22,MIRAFLORES,0083,PROGRAMA NACIONAL DE SANEAMIENTO RURAL,2,PROYECTO,2269271,"INSTALACION DEL SISTEMA DE SANEAMIENTO BASICO EN LA COMUNIDAD DE CCAHUAYA IV ETAPA SECTOR CHIPTA Y DIQUE, DISTRITO DE ALTO PICHIGUA - ESPINAR - CUSCO",4000182,CONSTRUCCION DEL SISTEMA DE AGUA POTABLE Y DISPOSICION SANITARIA DE EXCRETA,08,CUSCO,13,DONACIONES Y TRANSFERENCIAS,0.0,0.0
2024,E,GOBIERNO NACIONAL,37,VIVIENDA CONSTRUCCION Y SANEAMIENTO,037,"MINISTERIO DE VIVIENDA, CONSTRUCCION Y SANEAMIENTO",1443,005,PROGRAMA NACIONAL DE SANEAMIENTO RURAL,15,LIMA,01,LIMA,22,MIRAFLORES,0083,PROGRAMA NACIONAL DE SANEAMIENTO RURAL,2,PROYECTO,2400945,"INSTALACION DEL SERVICIO DE AGUA POTABLE Y SANEAMIENTO EN EL CENTRO POBLADO DE SAN JUAN DE LAGUNILLAS, DISTRITO DE NAUTA, PROVINCIA DE LORETO - LORETO",6000002,SUPERVISION Y LIQUIDACION DE OBRAS,16,LORETO,13,DONACIONES Y TRANSFERENCIAS,21846.0,21846.0
2024,E,GOBIERNO NACIONAL,37,VIVIENDA CONSTRUCCION Y SANEAMIENTO,037,"MINISTERIO DE VIVIENDA, CONSTRUCCION Y SANEAMIENTO",1443,005,PROGRAMA NACIONAL DE SANEAMIENTO RURAL,15,LIMA,01,LIMA,22,MIRAFLORES,0083,PROGRAMA NACIONAL DE SANEAMIENTO RURAL,2,PROYECTO,2328455,"MEJORAMIENTO, AMPLIACION DEL SERVICIO DE AGUA POTABLE Y SANEAMIENTO EN LA COMUNIDAD NATIVA BOLOGNESI, DISTRITO DE ANDOAS, PROVINCIA DE DATEM DEL MARAÑON, REGION LORETO",6000002,SUPERVISION Y LIQUIDACION DE OBRAS,16,LORETO,13,DONACIONES Y TRANSFERENCIAS,13289.0,13288.31
2024,M,GOBIERNOS LOCALES, , , , ,300308,030506,MUNICIPALIDAD DISTRITAL DE CHALLHUAHUACHO,03,APURIMAC,05,COTABAMBA,06,CHALLHUAHUACHO,0083,PROGRAMA NACIONAL DE SANEAMIENTO RURAL,2,PROYECTO,2342222,"MEJORAMIENTO Y AMPLIACION DEL SERVICIO DE AGUA POTABLE Y SANEAMIENTO RURAL EN LA COMUNIDAD DE LLAQTANI, DISTRITO DE CHALLHUAHUACHO - COTABAMBAS - APURIMAC",4000053,MEJORAMIENTO DEL SISTEMA DE AGUA POTABLE,03,APURIMAC,13,DONACIONES Y TRANSFERENCIAS,88559.0,88558.84
2024,M,GOBIERNOS LOCALES, , , , ,301666,210804,MUNICIPALIDAD DISTRITAL DE LLALLI,21,PUNO,08,MELGAR,04,LLALLI,0083,PROGRAMA NACIONAL DE SANEAMIENTO RURAL,2,PROYECTO,2310519,"MEJORAMIENTO Y AMPLIACION DEL SISTEMA DE AGUA POTABLE Y SANEAMIENTO EN LAS LOCALIDADES DE PARKO HUAYTAHUACHO, HUAYLLANI - CERA CUCHO Y SUCRE CCARAÑAUI, DISTRITO DE LLALLI - MELGAR - PUNO",4000183,MEJORAMIENTO DEL SISTEMA DE AGUA POTABLE Y DISPOSICION SANITARIA DE EXCRETA,21,PUNO,13,DONACIONES Y TRANSFERENCIAS,110167.0,74255.56
2024,M,GOBIERNOS LOCALES, , , , ,301819,250104,MUNICIPALIDAD DISTRITAL DE MASISEA,25,UCAYALI,01,CORONEL PORTILLO,04,MASISEA,0090,LOGROS DE APRENDIZAJE DE ESTUDIANTES DE LA EDUCACION BASICA REGULAR,2,PROYECTO,2458383,MEJORAMIENTO DEL SERVICIO DE EDUCACION PRIMARIA EN LA I.E. N° 65142 DEL CENTRO POBLADO NUEVO PROGRESO DEL DISTRITO DE MASISEA - PROVINCIA DE CORONEL PORTILLO - DEPARTAMENTO DE UCAYALI,4000036,MEJORAMIENTO DE INFRAESTRUCTURA DE EDUCACION PRIMARIA,25,UCAYALI,13,DONACIONES Y TRANSFERENCIAS,1594672.0,1537056.66
2024,M,GOBIERNOS LOCALES, , , , ,301628,210306,MUNICIPALIDAD DISTRITAL DE CRUCERO,21,PUNO,03,CARABAYA,06,CRUCERO,0148,"REDUCCION DEL TIEMPO, INSEGURIDAD Y COSTO AMBIENTAL EN EL TRANSPORTE URBANO",2,PROYECTO,2597952,MEJORAMIENTO DEL SERVICIO DE MOVILIDAD URBANA EN LA LOCALIDAD DE CRUCERO DEL DISTRITO DE CRUCERO DE LA PROVINCIA DE CARABAYA DEL DEPARTAMENTO DE PUNO,4000156,AMPLIACION DE INFRAESTRUCTURA DE COMUNICACIONES,21,PUNO,13,DONACIONES Y TRANSFERENCIAS,7515642.0,0.0
2024,M,GOBIERNOS LOCALES, , , , ,300735,080704,MUNICIPALIDAD DISTRITAL DE COLQUEMARCA,08,CUSCO,07,CHUMBIVILCAS,04,COLQUEMARCA,0083,PROGRAMA NACIONAL DE SANEAMIENTO RURAL,2,PROYECTO,2488698,MEJORAMIENTO Y AMPLIACION DEL SERVICIO DE AGUA POTABLE Y SANEAMIENTO BASICO EN EL ANEXO DE CHOCCOYO DE LA COMUNIDAD IDIOPA - ÑAUPA JAPO - URINSAYA DEL DISTRITO DE COLQUEMARCA - PROVINCIA DE CHUMBIVILCAS - DEPARTAMENTO DE CUSCO,6000001,EXPEDIENTE TECNICO,08,CUSCO,13,DONACIONES Y TRANSFERENCIAS,54660.0,53659.08
2024,M,GOBIERNOS LOCALES, , , , ,300308,030506,MUNICIPALIDAD DISTRITAL DE CHALLHUAHUACHO,03,APURIMAC,05,COTABAMBA,06,CHALLHUAHUACHO,0083,PROGRAMA NACIONAL DE SANEAMIENTO RURAL,2,PROYECTO,2342219,"MEJORAMIENTO Y AMPLIACION DEL SERVICIO DE AGUA POTABLE Y SANEAMIENTO RURAL EN LA COMUNIDAD DE SUYTUYO, DISTRITO DE CHALLHUAHUACHO - COTABAMBAS - APURIMAC",4000053,MEJORAMIENTO DEL SISTEMA DE AGUA POTABLE,03,APURIMAC,13,DONACIONES Y TRANSFERENCIAS,45614.0,45614.0
2024,M,GOBIERNOS LOCALES, , , , ,300308,030506,MUNICIPALIDAD DISTRITAL DE CHALLHUAHUACHO,03,APURIMAC,05,COTABAMBA,06,CHALLHUAHUACHO,0082,PROGRAMA NACIONAL DE SANEAMIENTO URBANO,2,PROYECTO,2342227,"MEJORAMIENTO Y AMPLIACION DEL SERVICIO DE AGUA POTABLE Y SANEAMIENTO RURAL EN LAS LOCALIDADES DE YANAHUARA, TOCCO, HUAYÑUNA, CHURAMA, MOSOCCLLACTA, PUMAHUASI, HUAYHUALLA, ULLANCANI, QUEUÑA CENTRO, ORAPATA Y SUCA SUCA, DEL CENTRO POBLADO DE QUEUÑA, DISTRITO DE CHALLHUAHUACHO - COTABAMBAS - APURIMAC",4000053,MEJORAMIENTO DEL SISTEMA DE AGUA POTABLE,03,APURIMAC,13,DONACIONES Y TRANSFERENCIAS,1119703.0,981971.8
2024,M,GOBIERNOS LOCALES, , , , ,300732,080701,MUNICIPALIDAD PROVINCIAL DE CHUMBIVILCAS - SANTO TOMAS,08,CUSCO,07,CHUMBIVILCAS,01,SANTO TOMAS,0138,"REDUCCION DEL COSTO, TIEMPO E INSEGURIDAD EN EL SISTEMA DE TRANSPORTE",2,PROYECTO,2505058,"MEJORAMIENTO Y AMPLIACION DEL CAMINO VECINAL DEL KM 0+000 AL 17+200 ENTRE CC QUILCATA Y CC ANTUYO CONDES, KM 17+200 AL 30+200 ENTRE SECTOR CCARAPAMPA Y SECTOR MUYUCCOCHA, KM 30+200 AL 36+915.43 DE LA CC CANGALLE EN LOS DISTRITOS DE SANTO TOMAS, VELILLE Y CHAMACA DE LA PROVINCIA DE CHUMBIVILCAS - DEPARTAMENTO DE CUSCO",6000001,EXPEDIENTE TECNICO,08,CUSCO,13,DONACIONES Y TRANSFERENCIAS,110920.0,104100.0
2024,M,GOBIERNOS LOCALES, , , , ,300738,080707,MUNICIPALIDAD DISTRITAL DE QUIÑOTA,08,CUSCO,07,CHUMBIVILCAS,07,QUINOTA,0090,LOGROS DE APRENDIZAJE DE ESTUDIANTES DE LA EDUCACION BASICA REGULAR,2,PROYECTO,2484007,MEJORAMIENTO DEL SERVICIO EDUCATIVO DE LA INSTITUCION EDUCATIVA DE NIVEL PRIMARIO 501447 YAWARMAYO DEL DISTRITO DE QUIÑOTA - PROVINCIA DE CHUMBIVILCAS - DEPARTAMENTO DE CUSCO,4000036,MEJORAMIENTO DE INFRAESTRUCTURA DE EDUCACION PRIMARIA,08,CUSCO,13,DONACIONES Y TRANSFERENCIAS,190000.0,0.0
2024,M,GOBIERNOS LOCALES, , , , ,300739,080708,MUNICIPALIDAD DISTRITAL DE VELILLE,08,CUSCO,07,CHUMBIVILCAS,08,VELILLE,0036,GESTION INTEGRAL DE RESIDUOS SOLIDOS,2,PROYECTO,2472956,MEJORAMIENTO DEL SERVICIO DE LIMPIEZA PUBLICA EN LA LOCALIDAD DE VELILLE- DISTRITO DE VELILLE - PROVINCIA DE CHUMBIVILCAS - DEPARTAMENTO DE CUSCO,4000201,MEJORAMIENTO DE SISTEMA DE RECOLECCION Y TRATAMIENTO DE RESIDUOS SOLIDOS,08,CUSCO,13,DONACIONES Y TRANSFERENCIAS,1907717.0,0.0
2024,E,GOBIERNO NACIONAL,37,VIVIENDA CONSTRUCCION Y SANEAMIENTO,037,"MINISTERIO DE VIVIENDA, CONSTRUCCION Y SANEAMIENTO",1443,005,PROGRAMA NACIONAL DE SANEAMIENTO RURAL,15,LIMA,01,LIMA,22,MIRAFLORES,0083,PROGRAMA NACIONAL DE SANEAMIENTO RURAL,2,PROYECTO,2328479,"MEJORAMIENTO, AMPLIACION DEL SERVICIO DE AGUA POTABLE Y SANEAMIENTO EN LA COMUNIDAD NATIVA SABALOYACU, DISTRITO DE ANDOAS, PROVINCIA DEL DATEM DEL MARAÑON, REGION LORETO",4000181,"REHABILITACION, MEJORAMIENTO Y AMPLIACION DEL SISTEMA DE AGUA POTABLE Y DISPOSICION SANITARIA DE EXCRETA",16,LORETO,13,DONACIONES Y TRANSFERENCIAS,0.0,0.0
2024,M,GOBIERNOS LOCALES, , , , ,300735,080704,MUNICIPALIDAD DISTRITAL DE COLQUEMARCA,08,CUSCO,07,CHUMBIVILCAS,04,COLQUEMARCA,0083,PROGRAMA NACIONAL DE SANEAMIENTO RURAL,2,PROYECTO,2300687,"MEJORAMIENTO Y AMPLIACION DEL SISTEMA DE SERVICIO DE AGUA POTABLE, LETRINAS SANITARIAS CON ARRASTRE HIDRAULICO Y BIODIGESTOR EN EL SECTORES DE HUACCOTO, HUALLUANI, TOROMANYA Y CANTUTA EN LA COMUNIDAD DE HUACCOTO DEL DISTRITO DE COLQUEMARCA, PROVINCIA DE CHUMBIVILCAS - CUSCO",4000053,MEJORAMIENTO DEL SISTEMA DE AGUA POTABLE,08,CUSCO,13,DONACIONES Y TRANSFERENCIAS,43184.0,0.0
2024,M,GOBIERNOS LOCALES, , , , ,301623,210301,MUNICIPALIDAD PROVINCIAL DE CARABAYA - MACUSANI,21,PUNO,03,CARABAYA,01,MACUSANI,0148,"REDUCCION DEL TIEMPO, INSEGURIDAD Y COSTO AMBIENTAL EN EL TRANSPORTE URBANO",2,PROYECTO,2590353,AMPLIACION DEL SERVICIO DE MOVILIDAD URBANA EN EL BARRIO TUPAC AMARU DISTRITO DE MACUSANI DE LA PROVINCIA DE CARABAYA DEL DEPARTAMENTO DE PUNO,4000075,CONSTRUCCION DE VIA LOCAL,21,PUNO,13,DONACIONES Y TRANSFERENCIAS,6776475.0,1882715.81
2024,M,GOBIERNOS LOCALES, , , , ,300738,080707,MUNICIPALIDAD DISTRITAL DE QUIÑOTA,08,CUSCO,07,CHUMBIVILCAS,07,QUINOTA,0083,PROGRAMA NACIONAL DE SANEAMIENTO RURAL,2,PROYECTO,2344820,"AMPLIACION Y MEJORAMIENTO DEL SISTEMA DE SANEAMIENTO BASICO INTEGRAL EN LOS ANEXOS DE CHILLAPUJRO, SACHAYOQHUAYCCO,QUELLWAPAMPA,QUINSANIA Y CHALANSILLO DE LA COMUNIDAD CAMPESINA DE PUMALLACTA DEL DISTRITO DE QUIÑOTA, PROVINCIA DE CHUMBIVILCAS - CUSCO",4000053,MEJORAMIENTO DEL SISTEMA DE AGUA POTABLE,08,CUSCO,13,DONACIONES Y TRANSFERENCIAS,82043.0,82042.89
2024,M,GOBIERNOS LOCALES, , , , ,300736,080705,MUNICIPALIDAD DISTRITAL DE LIVITACA,08,CUSCO,07,CHUMBIVILCAS,05,LIVITACA,0148,"REDUCCION DEL TIEMPO, INSEGURIDAD Y COSTO AMBIENTAL EN EL TRANSPORTE URBANO",2,PROYECTO,2472854,"MEJORAMIENTO Y AMPLIACION DEL SERVICIO DE TRANSITABILIDAD VEHICULAR Y PEATONAL DE LAS AVENIDAS Y CALLES DEL BARRIO HERRERIA, DE LA A.P.V. HUERTO CCOLLANA DISTRITO DE LIVITACA - PROVINCIA DE CHUMBIVILCAS - DEPARTAMENTO DE CUSCO",4000075,CONSTRUCCION DE VIA LOCAL,08,CUSCO,13,DONACIONES Y TRANSFERENCIAS,4448676.0,0.0
2024,M,GOBIERNOS LOCALES, , , , ,300732,080701,MUNICIPALIDAD PROVINCIAL DE CHUMBIVILCAS - SANTO TOMAS,08,CUSCO,07,CHUMBIVILCAS,01,SANTO TOMAS,0138,"REDUCCION DEL COSTO, TIEMPO E INSEGURIDAD EN EL SISTEMA DE TRANSPORTE",2,PROYECTO,2501886,MEJORAMIENTO DEL SERVICIO DE TRANSITABILIDAD DEL CAMINO VECINAL ANEXO RANRAPATA CC. CCOLLANA Y ANEXO TIRANI CC. PUMALLACTA - DISTRITO DE QUIÑOTA - ANEXO CCASHIAHUI CC. CCOLLPA CCASHIAHUI - DISTRITO DE LLUSCO - R-67 (DESV. LLIQUE- ACCACCO COCHANI MOSCCO) DISTRITO DE SANTO TOMAS - PROVINCIA DE CHUMBIVILCAS - DEPARTAMENTO DE CUSCO,6000001,EXPEDIENTE TECNICO,08,CUSCO,13,DONACIONES Y TRANSFERENCIAS,272983.0,67311.2
2024,E,GOBIERNO NACIONAL,37,VIVIENDA CONSTRUCCION Y SANEAMIENTO,037,"MINISTERIO DE VIVIENDA, CONSTRUCCION Y SANEAMIENTO",1443,005,PROGRAMA NACIONAL DE SANEAMIENTO RURAL,15,LIMA,01,LIMA,22,MIRAFLORES,0083,PROGRAMA NACIONAL DE SANEAMIENTO RURAL,2,PROYECTO,2332507,"MEJORAMIENTO Y AMPLIACION DEL SERVICIO DE AGUA POTABLE Y SANEAMIENTO EN LA CC.NN BELEN DISTRITO DE TROMPETEROS, PROVINCIA DE LORETO, REGION DE LORETO.",4000181,"REHABILITACION, MEJORAMIENTO Y AMPLIACION DEL SISTEMA DE AGUA POTABLE Y DISPOSICION SANITARIA DE EXCRETA",16,LORETO,13,DONACIONES Y TRANSFERENCIAS,0.0,0.0
2024,E,GOBIERNO NACIONAL,37,VIVIENDA CONSTRUCCION Y SANEAMIENTO,037,"MINISTERIO DE VIVIENDA, CONSTRUCCION Y SANEAMIENTO",1443,005,PROGRAMA NACIONAL DE SANEAMIENTO RURAL,15,LIMA,01,LIMA,22,MIRAFLORES,0083,PROGRAMA NACIONAL DE SANEAMIENTO RURAL,2,PROYECTO,2235611,"AMPLIACION Y MEJORAMIENTO DEL SERVICIO DE AGUA POTABLE E INSTALACION DEL SERVICIO DE SANEAMIENTO EN EL CENTRO POBLADO DE PAMPA HERMOSA, DISTRITO DE TROMPETEROS, PROVINCIA DE LORETO, REGION LORETO",6000016,GESTION Y ADMINISTRACION,16,LORETO,13,DONACIONES Y TRANSFERENCIAS,52841.0,52839.7
2024,E,GOBIERNO NACIONAL,37,VIVIENDA CONSTRUCCION Y SANEAMIENTO,037,"MINISTERIO DE VIVIENDA, CONSTRUCCION Y SANEAMIENTO",1443,005,PROGRAMA NACIONAL DE SANEAMIENTO RURAL,15,LIMA,01,LIMA,22,MIRAFLORES,0083,PROGRAMA NACIONAL DE SANEAMIENTO RURAL,2,PROYECTO,2332507,"MEJORAMIENTO Y AMPLIACION DEL SERVICIO DE AGUA POTABLE Y SANEAMIENTO EN LA CC.NN BELEN DISTRITO DE TROMPETEROS, PROVINCIA DE LORETO, REGION DE LORETO.",6000002,SUPERVISION Y LIQUIDACION DE OBRAS,16,LORETO,13,DONACIONES Y TRANSFERENCIAS,0.0,0.0
2024,M,GOBIERNOS LOCALES, , , , ,300733,080702,MUNICIPALIDAD DISTRITAL DE CAPACMARCA,08,CUSCO,07,CHUMBIVILCAS,02,CAPACMARCA,9002,ASIGNACIONES PRESUPUESTARIAS QUE NO RESULTAN EN PRODUCTOS,2,PROYECTO,2490025,CREACION DE LOS SERVICIOS RECREATIVOS EN LA PLAZA PRINCIPAL DEL CENTRO POBLADO DE CANCAHUANI DISTRITO DE CAPACMARCA - PROVINCIA DE CHUMBIVILCAS - DEPARTAMENTO DE CUSCO,4000084,MEJORAMIENTO DE VIA LOCAL,08,CUSCO,13,DONACIONES Y TRANSFERENCIAS,1130749.0,0.0
2024,M,GOBIERNOS LOCALES, , , , ,300736,080705,MUNICIPALIDAD DISTRITAL DE LIVITACA,08,CUSCO,07,CHUMBIVILCAS,05,LIVITACA,0090,LOGROS DE APRENDIZAJE DE ESTUDIANTES DE LA EDUCACION BASICA REGULAR,2,PROYECTO,2466388,MEJORAMIENTO Y AMPLIACION DE SERVICIO EDUCATIVO DEL NIVEL INICIAL Y PRIMARIO DE LA I.E 56286 - KISIO DE LA COMUNIDAD CAMPESINA DE HUANACO DISTRITO DE LIVITACA - PROVINCIA DE CHUMBIVILCAS - DEPARTAMENTO DE CUSCO,6000001,EXPEDIENTE TECNICO,08,CUSCO,13,DONACIONES Y TRANSFERENCIAS,54439.0,0.0
2024,E,GOBIERNO NACIONAL,37,VIVIENDA CONSTRUCCION Y SANEAMIENTO,037,"MINISTERIO DE VIVIENDA, CONSTRUCCION Y SANEAMIENTO",1443,005,PROGRAMA NACIONAL DE SANEAMIENTO RURAL,15,LIMA,01,LIMA,22,MIRAFLORES,0083,PROGRAMA NACIONAL DE SANEAMIENTO RURAL,2,PROYECTO,2456767,MEJORAMIENTO Y AMPLIACION DEL SERVICIO DE AGUA POTABLE Y SISTEMA DE ELIMINACION DE EXCRETAS EN LA LOCALIDAD DE HUASCABAMBA DEL DISTRITO DE CAPACMARCA - PROVINCIA DE CHUMBIVILCAS - DEPARTAMENTO DE CUSCO,4000181,"REHABILITACION, MEJORAMIENTO Y AMPLIACION DEL SISTEMA DE AGUA POTABLE Y DISPOSICION SANITARIA DE EXCRETA",08,CUSCO,13,DONACIONES Y TRANSFERENCIAS,0.0,0.0
2024,M,GOBIERNOS LOCALES, , , , ,300732,080701,MUNICIPALIDAD PROVINCIAL DE CHUMBIVILCAS - SANTO TOMAS,08,CUSCO,07,CHUMBIVILCAS,01,SANTO TOMAS,0083,PROGRAMA NACIONAL DE SANEAMIENTO RURAL,2,PROYECTO,2472604,"MEJORAMIENTO Y AMPLIACION DE LOS SERVICIOS DE AGUA POTABLE Y SANEAMIENTO EN LOS ANEXOS INCUTA, PICUTANI Y CUATRO ESQUINAS DE LA CC URINSAYA PICUTANI, YAVINA Y CHILLIHUANI DEL DISTRITO DE SANTO TOMAS - PROVINCIA DE CHUMBIVILCAS - DEPARTAMENTO DE CUSCO",4000183,MEJORAMIENTO DEL SISTEMA DE AGUA POTABLE Y DISPOSICION SANITARIA DE EXCRETA,08,CUSCO,13,DONACIONES Y TRANSFERENCIAS,7420630.0,0.0
2024,E,GOBIERNO NACIONAL,37,VIVIENDA CONSTRUCCION Y SANEAMIENTO,037,"MINISTERIO DE VIVIENDA, CONSTRUCCION Y SANEAMIENTO",1443,005,PROGRAMA NACIONAL DE SANEAMIENTO RURAL,15,LIMA,01,LIMA,22,MIRAFLORES,0083,PROGRAMA NACIONAL DE SANEAMIENTO RURAL,2,PROYECTO,2330643,"MEJORAMIENTO Y AMPLIACION DEL SERVICIO DE AGUA POTABLE Y SANEAMIENTO EN LA CC.NN MARSELLA DISTRITO DE EL TIGRE, PROVINCIA DE LORETO, REGION DE LORETO",6000002,SUPERVISION Y LIQUIDACION DE OBRAS,16,LORETO,13,DONACIONES Y TRANSFERENCIAS,0.0,0.0
2024,E,GOBIERNO NACIONAL,37,VIVIENDA CONSTRUCCION Y SANEAMIENTO,037,"MINISTERIO DE VIVIENDA, CONSTRUCCION Y SANEAMIENTO",1443,005,PROGRAMA NACIONAL DE SANEAMIENTO RURAL,15,LIMA,01,LIMA,22,MIRAFLORES,0083,PROGRAMA NACIONAL DE SANEAMIENTO RURAL,2,PROYECTO,2330634,"MEJORAMIENTO Y AMPLIACION DEL SERVICIO DE AGUA POTABLE Y SANEAMIENTO EN LA CC.NN SAN JUAN DE BARTRA DISTRITO DE EL TIGRE, PROVINCIA DE LORETO, REGION DE LORETO.",6000039,EDUCACION SANITARIA Y GESTION DE LOS SERVICIOS DE SANEAMIENTO,16,LORETO,13,DONACIONES Y TRANSFERENCIAS,0.0,0.0
2024,E,GOBIERNO NACIONAL,37,VIVIENDA CONSTRUCCION Y SANEAMIENTO,037,"MINISTERIO DE VIVIENDA, CONSTRUCCION Y SANEAMIENTO",1443,005,PROGRAMA NACIONAL DE SANEAMIENTO RURAL,15,LIMA,01,LIMA,22,MIRAFLORES,0083,PROGRAMA NACIONAL DE SANEAMIENTO RURAL,2,PROYECTO,2147748,GESTION DEL PROGRAMA Y OTROS - PROGRAMA DE AGUA POTABLE Y SANEAMIENTO PARA LA AMAZONIA RURAL,6000016,GESTION Y ADMINISTRACION,15,LIMA,13,DONACIONES Y TRANSFERENCIAS,89118.0,72300.0
2024,E,GOBIERNO NACIONAL,37,VIVIENDA CONSTRUCCION Y SANEAMIENTO,037,"MINISTERIO DE VIVIENDA, CONSTRUCCION Y SANEAMIENTO",1443,005,PROGRAMA NACIONAL DE SANEAMIENTO RURAL,15,LIMA,01,LIMA,22,MIRAFLORES,0083,PROGRAMA NACIONAL DE SANEAMIENTO RURAL,2,PROYECTO,2332562,"MEJORAMIENTO Y AMPLIACION DEL SERVICIO DE AGUA POTABLE Y SANEAMIENTO EN LA CC.NN NUEVA JERUSALEN DISTRITO DE TROMPETEROS, PROVINCIA DE LORETO, REGION DE LORETO",6000016,GESTION Y ADMINISTRACION,16,LORETO,13,DONACIONES Y TRANSFERENCIAS,23353.0,20550.38
2024,E,GOBIERNO NACIONAL,37,VIVIENDA CONSTRUCCION Y SANEAMIENTO,037,"MINISTERIO DE VIVIENDA, CONSTRUCCION Y SANEAMIENTO",1443,005,PROGRAMA NACIONAL DE SANEAMIENTO RURAL,15,LIMA,01,LIMA,22,MIRAFLORES,0083,PROGRAMA NACIONAL DE SANEAMIENTO RURAL,2,PROYECTO,2474937,MEJORAMIENTO Y AMPLIACION DEL SISTEMA DE AGUA POTABLE Y DISPOSICION DE EXCRETAS EN LA LOCALIDAD DE AHUICHANTA DEL DISTRITO DE COLQUEMARCA - PROVINCIA DE CHUMBIVILCAS - DEPARTAMENTO DE CUSCO,4000181,"REHABILITACION, MEJORAMIENTO Y AMPLIACION DEL SISTEMA DE AGUA POTABLE Y DISPOSICION SANITARIA DE EXCRETA",08,CUSCO,13,DONACIONES Y TRANSFERENCIAS,0.0,0.0
2024,E,GOBIERNO NACIONAL,37,VIVIENDA CONSTRUCCION Y SANEAMIENTO,037,"MINISTERIO DE VIVIENDA, CONSTRUCCION Y SANEAMIENTO",1443,005,PROGRAMA NACIONAL DE SANEAMIENTO RURAL,15,LIMA,01,LIMA,22,MIRAFLORES,0083,PROGRAMA NACIONAL DE SANEAMIENTO RURAL,2,PROYECTO,2330637,"MEJORAMIENTO Y AMPLIACION DEL SERVICIO DE AGUA POTABLE Y SANEAMIENTO EN LA CC.NN PAICHE PLAYA DISTRITO DE EL TIGRE, PROVINCIA DE LORETO, REGION DE LORETO",6000016,GESTION Y ADMINISTRACION,16,LORETO,13,DONACIONES Y TRANSFERENCIAS,10000.0,10000.0
2024,E,GOBIERNO NACIONAL,37,VIVIENDA CONSTRUCCION Y SANEAMIENTO,037,"MINISTERIO DE VIVIENDA, CONSTRUCCION Y SANEAMIENTO",1443,005,PROGRAMA NACIONAL DE SANEAMIENTO RURAL,15,LIMA,01,LIMA,22,MIRAFLORES,0083,PROGRAMA NACIONAL DE SANEAMIENTO RURAL,2,PROYECTO,2328479,"MEJORAMIENTO, AMPLIACION DEL SERVICIO DE AGUA POTABLE Y SANEAMIENTO EN LA COMUNIDAD NATIVA SABALOYACU, DISTRITO DE ANDOAS, PROVINCIA DEL DATEM DEL MARAÑON, REGION LORETO",6000016,GESTION Y ADMINISTRACION,16,LORETO,13,DONACIONES Y TRANSFERENCIAS,11750.0,11750.0
2024,E,GOBIERNO NACIONAL,13,AGRARIO Y DE RIEGO,013,M. DE DESARROLLO AGRARIO Y RIEGO,1296,011,PROGRAMA DE DESARROLLO PRODUCTIVO AGRARIO RURAL - AGRORURAL,15,LIMA,01,LIMA,13,JESUS MARIA,0042,APROVECHAMIENTO DE LOS RECURSOS HIDRICOS PARA USO AGRARIO,2,PROYECTO,2316039,"MEJORAMIENTO DEL SERVICIO DE AGUA DEL SISTEMA DE RIEGO DE LA MICROCUENCA TACCACCA EN LAS COMUNIDADES DE HUAYHUAHUASI, OQUEBAMBA Y TOTORA ALTA, DISTRITO DE COPORAQUE, PROVINCIA DE ESPINAR, REGION CUSCO",4000120,MEJORAMIENTO DE LINEA DE CONDUCCION DE SISTEMAS DE RIEGO,08,CUSCO,13,DONACIONES Y TRANSFERENCIAS,1095226.0,415194.0
2024,M,GOBIERNOS LOCALES, , , , ,300733,080702,MUNICIPALIDAD DISTRITAL DE CAPACMARCA,08,CUSCO,07,CHUMBIVILCAS,02,CAPACMARCA,0042,APROVECHAMIENTO DE LOS RECURSOS HIDRICOS PARA USO AGRARIO,2,PROYECTO,2405351,"CREACION DEL SERVICIO DE AGUA PARA RIEGO EN LOS SECTORES DE LAROBAMBA, PUMAPUJIO, MOLLECCACCA, MACHAYPUNCO, SAYHUA, COMUN ORETONAYOC, HUANCALLO Y LAMANTE DE LA COMUNIDAD DE TAHUAY DEL DISTRITO DE CAPACMARCA - PROVINCIA DE CHUMBIVILCAS - REGION CUSCO",4000109,AMPLIACION DE SISTEMA DE RIEGO,08,CUSCO,13,DONACIONES Y TRANSFERENCIAS,2767614.0,2610566.22
2024,M,GOBIERNOS LOCALES, , , , ,300734,080703,MUNICIPALIDAD DISTRITAL DE CHAMACA,08,CUSCO,07,CHUMBIVILCAS,03,CHAMACA,0083,PROGRAMA NACIONAL DE SANEAMIENTO RURAL,2,PROYECTO,2387789,"MEJORAMIENTO Y AMPLIACION DEL SISTEMA DE SANEAMIENTO BASICO INTEGRAL EN LAS COMUNIDADES DE QACCHO LIMAMAYO Y QUELLOMARCA, DEL DISTRITO DE CHAMACA - PROVINCIA DE CHUMBIVILCAS - DEPARTAMENTO DE CUSCO",4000055,MEJORAMIENTO DEL SISTEMA DE DISPOSICION SANITARIA DE EXCRETAS,08,CUSCO,13,DONACIONES Y TRANSFERENCIAS,7572698.0,7266872.05
2024,M,GOBIERNOS LOCALES, , , , ,300736,080705,MUNICIPALIDAD DISTRITAL DE LIVITACA,08,CUSCO,07,CHUMBIVILCAS,05,LIVITACA,0083,PROGRAMA NACIONAL DE SANEAMIENTO RURAL,2,PROYECTO,2459105,"MEJORAMIENTO Y AMPLIACION DE LOS SERVICIOS DE AGUA POTABLE Y DISPOSICION SANITARIA DE EXCRETAS EN LOS SECTORES MOYOPAMPA, LACCA LACCA Y ACCOPARA-CHUÑONOSA DE LA COMUNIDAD CAMPESINA DE CCOLLANA DISTRITO DE LIVITACA - PROVINCIA DE CHUMBIVILCAS - DEPARTAMENTO DE CUSCO",4000183,MEJORAMIENTO DEL SISTEMA DE AGUA POTABLE Y DISPOSICION SANITARIA DE EXCRETA,08,CUSCO,13,DONACIONES Y TRANSFERENCIAS,1439136.0,1439136.0
2024,M,GOBIERNOS LOCALES, , , , ,300736,080705,MUNICIPALIDAD DISTRITAL DE LIVITACA,08,CUSCO,07,CHUMBIVILCAS,05,LIVITACA,0042,APROVECHAMIENTO DE LOS RECURSOS HIDRICOS PARA USO AGRARIO,2,PROYECTO,2492705,"MEJORAMIENTO DEL SERVICIO DE AGUA PARA RIEGO EN LA MARGEN IZQUIERDA Y DERECHA DE LA COMUNIDAD CAMPESINA CCOLLANA ALTA, DISTRITO DE LIVITACA - PROVINCIA DE CHUMBIVILCAS - DEPARTAMENTO DE CUSCO",6000001,EXPEDIENTE TECNICO,08,CUSCO,13,DONACIONES Y TRANSFERENCIAS,42610.0,0.0
2024,E,GOBIERNO NACIONAL,37,VIVIENDA CONSTRUCCION Y SANEAMIENTO,037,"MINISTERIO DE VIVIENDA, CONSTRUCCION Y SANEAMIENTO",1443,005,PROGRAMA NACIONAL DE SANEAMIENTO RURAL,15,LIMA,01,LIMA,22,MIRAFLORES,0083,PROGRAMA NACIONAL DE SANEAMIENTO RURAL,2,PROYECTO,2400902,"INSTALACION DEL SERVICIO DE AGUA POTABLE Y SANEAMIENTO EN LA COMUNIDAD NATIVA DE 1 DE MAYO, DISTRITO DE NAUTA, PROVINCIA DE LORETO - LORETO",6000039,EDUCACION SANITARIA Y GESTION DE LOS SERVICIOS DE SANEAMIENTO,16,LORETO,13,DONACIONES Y TRANSFERENCIAS,0.0,0.0
2024,M,GOBIERNOS LOCALES, , , , ,300040,010401,MUNICIPALIDAD PROVINCIAL DE CONDORCANQUI - NIEVA,01,AMAZONAS,04,CONDORCANQUI,01,NIEVA,0083,PROGRAMA NACIONAL DE SANEAMIENTO RURAL,2,PROYECTO,2515628,"RENOVACION DE CAPTACION DE AGUA, BOCATOMA - DESARENADOR Y PTAP; REPARACION DE LINEA DE CONDUCCION; ADEMAS DE OTROS ACTIVOS EN EL(LA) SISTEMA DE AGUA POTABLE EN LA LOCALIDAD SANTA MARIA DE NIEVA, DISTRITO DE NIEVA, PROVINCIA CONDORCANQUI, DEPARTAMENTO AMAZONAS",4000106,RECUPERACION DE BOCATOMA,01,AMAZONAS,13,DONACIONES Y TRANSFERENCIAS,143109.0,143108.85
2024,E,GOBIERNO NACIONAL,37,VIVIENDA CONSTRUCCION Y SANEAMIENTO,037,"MINISTERIO DE VIVIENDA, CONSTRUCCION Y SANEAMIENTO",1443,005,PROGRAMA NACIONAL DE SANEAMIENTO RURAL,15,LIMA,01,LIMA,22,MIRAFLORES,0083,PROGRAMA NACIONAL DE SANEAMIENTO RURAL,2,PROYECTO,2400913,"INSTALACION DEL SERVICIO DE AGUA POTABLE Y SANEAMIENTO EN LA COMUNIDAD NATIVA DE MIGUEL GRAU, DISTRITO DE NAUTA, PROVINCIA DE LORETO - LORETO",6000002,SUPERVISION Y LIQUIDACION DE OBRAS,16,LORETO,13,DONACIONES Y TRANSFERENCIAS,0.0,0.0
2024,E,GOBIERNO NACIONAL,37,VIVIENDA CONSTRUCCION Y SANEAMIENTO,037,"MINISTERIO DE VIVIENDA, CONSTRUCCION Y SANEAMIENTO",1443,005,PROGRAMA NACIONAL DE SANEAMIENTO RURAL,15,LIMA,01,LIMA,22,MIRAFLORES,0083,PROGRAMA NACIONAL DE SANEAMIENTO RURAL,2,PROYECTO,2400936,"INSTALACION DEL SERVICIO DE AGUA POTABLE Y SANEAMIENTO EN EL CENTRO POBLADO DE MIRAFLORES, DISTRITO DE NAUTA, PROVINCIA DE LORETO - LORETO",6000002,SUPERVISION Y LIQUIDACION DE OBRAS,16,LORETO,13,DONACIONES Y TRANSFERENCIAS,46445.0,46445.0
2024,M,GOBIERNOS LOCALES, , , , ,300040,010401,MUNICIPALIDAD PROVINCIAL DE CONDORCANQUI - NIEVA,01,AMAZONAS,04,CONDORCANQUI,01,NIEVA,0090,LOGROS DE APRENDIZAJE DE ESTUDIANTES DE LA EDUCACION BASICA REGULAR,2,PROYECTO,2460610,"MEJORAMIENTO DEL SERVICIO EDUCATIVO EN LA I.E.I N° 270 CC.NN. NUEVA ESPERANZA, DISTRITO DE NIEVA - PROVINCIA DE CONDORCANQUI - DEPARTAMENTO DE AMAZONAS",6000002,SUPERVISION Y LIQUIDACION DE OBRAS,01,AMAZONAS,13,DONACIONES Y TRANSFERENCIAS,58424.0,58424.0
2024,E,GOBIERNO NACIONAL,37,VIVIENDA CONSTRUCCION Y SANEAMIENTO,037,"MINISTERIO DE VIVIENDA, CONSTRUCCION Y SANEAMIENTO",1443,005,PROGRAMA NACIONAL DE SANEAMIENTO RURAL,15,LIMA,01,LIMA,22,MIRAFLORES,0083,PROGRAMA NACIONAL DE SANEAMIENTO RURAL,2,PROYECTO,2446787,MEJORAMIENTO Y AMPLIACION DEL SERVICIO DE AGUA POTABLE E INSTALACION DE UNIDADES BASICAS DE SANEAMIENTO EN LOS SECTORES DE CENTRO Y CORCCAYOC DE LA COMUNIDAD DE PALLPA DEL DISTRITO DE QUIÑOTA - PROVINCIA DE CHUMBIVILCAS - DEPARTAMENTO DE CUSCO,4000181,"REHABILITACION, MEJORAMIENTO Y AMPLIACION DEL SISTEMA DE AGUA POTABLE Y DISPOSICION SANITARIA DE EXCRETA",08,CUSCO,13,DONACIONES Y TRANSFERENCIAS,0.0,0.0
2024,E,GOBIERNO NACIONAL,37,VIVIENDA CONSTRUCCION Y SANEAMIENTO,037,"MINISTERIO DE VIVIENDA, CONSTRUCCION Y SANEAMIENTO",1443,005,PROGRAMA NACIONAL DE SANEAMIENTO RURAL,15,LIMA,01,LIMA,22,MIRAFLORES,0083,PROGRAMA NACIONAL DE SANEAMIENTO RURAL,2,PROYECTO,2249276,"MEJORAMIENTO DEL SERVICIO DE AGUA POTABLE EN EL SECTOR DE LLIPTAMAYO COMUNIDAD DE CCAHUAYA, DISTRITO DE ALTO PICHIGUA - ESPINAR - CUSCO",4000181,"REHABILITACION, MEJORAMIENTO Y AMPLIACION DEL SISTEMA DE AGUA POTABLE Y DISPOSICION SANITARIA DE EXCRETA",08,CUSCO,13,DONACIONES Y TRANSFERENCIAS,0.0,0.0
2024,E,GOBIERNO NACIONAL,11,SALUD,011,M. DE SALUD,1655,125,PROGRAMA NACIONAL DE INVERSIONES EN SALUD,15,LIMA,01,LIMA,31,SAN ISIDRO,9002,ASIGNACIONES PRESUPUESTARIAS QUE NO RESULTAN EN PRODUCTOS,2,PROYECTO,2469195,"MEJORAMIENTO Y AMPLIACION DE LOS SERVICIOS DE SALUD DEL ESTABLECIMIENTO DE SALUD NUEVO ANDOAS, DISTRITO DE ANDOAS - PROVINCIA DE DATEM DEL MARAÑON - DEPARTAMENTO DE LORETO",6000002,SUPERVISION Y LIQUIDACION DE OBRAS,16,LORETO,13,DONACIONES Y TRANSFERENCIAS,0.0,0.0
2024,E,GOBIERNO NACIONAL,36,TRANSPORTES Y COMUNICACIONES,036,MINISTERIO DE TRANSPORTES Y COMUNICACIONES,1250,010,MTC- PROVIAS DESCENTRALIZADO,15,LIMA,01,LIMA,01,LIMA,0138,"REDUCCION DEL COSTO, TIEMPO E INSEGURIDAD EN EL SISTEMA DE TRANSPORTE",2,PROYECTO,2210922,"MEJORAMIENTO DE LA CARRETERA SARAMIRIZA-BORJA, DISTRITO DE MANSERICHE - DATEM DEL MARANON - LORETO",4000079,MEJORAMIENTO DE CAMINO VECINAL,16,LORETO,13,DONACIONES Y TRANSFERENCIAS,151320.0,151319.05
2024,M,GOBIERNOS LOCALES, , , , ,300733,080702,MUNICIPALIDAD DISTRITAL DE CAPACMARCA,08,CUSCO,07,CHUMBIVILCAS,02,CAPACMARCA,9002,ASIGNACIONES PRESUPUESTARIAS QUE NO RESULTAN EN PRODUCTOS,2,PROYECTO,2500577,MEJORAMIENTO Y AMPLIACION LA INFRAESTRUCTURA VIAL Y PEATONAL DE LA AV. CUSCO DE LA COMUNIDAD DE CAPACMARCA DEL DISTRITO DE CAPACMARCA - PROVINCIA DE CHUMBIVILCAS - DEPARTAMENTO DE CUSCO,4000084,MEJORAMIENTO DE VIA LOCAL,08,CUSCO,13,DONACIONES Y TRANSFERENCIAS,1476812.0,0.0
2024,M,GOBIERNOS LOCALES, , , , ,300733,080702,MUNICIPALIDAD DISTRITAL DE CAPACMARCA,08,CUSCO,07,CHUMBIVILCAS,02,CAPACMARCA,0148,"REDUCCION DEL TIEMPO, INSEGURIDAD Y COSTO AMBIENTAL EN EL TRANSPORTE URBANO",2,PROYECTO,2458938,CREACION DEL SERVICIO DE TRANSITABILIDAD PEATONAL Y VEHICULAR DE LA CALLE PRINCIPAL Y PLAZA CENTRAL DEL CP CANCAHUANI DEL DISTRITO DE CAPACMARCA - PROVINCIA DE CHUMBIVILCAS - DEPARTAMENTO DE CUSCO,4000079,MEJORAMIENTO DE CAMINO VECINAL,08,CUSCO,13,DONACIONES Y TRANSFERENCIAS,3011232.0,0.0
2024,E,GOBIERNO NACIONAL,37,VIVIENDA CONSTRUCCION Y SANEAMIENTO,037,"MINISTERIO DE VIVIENDA, CONSTRUCCION Y SANEAMIENTO",1443,005,PROGRAMA NACIONAL DE SANEAMIENTO RURAL,15,LIMA,01,LIMA,22,MIRAFLORES,0083,PROGRAMA NACIONAL DE SANEAMIENTO RURAL,2,PROYECTO,2330637,"MEJORAMIENTO Y AMPLIACION DEL SERVICIO DE AGUA POTABLE Y SANEAMIENTO EN LA CC.NN PAICHE PLAYA DISTRITO DE EL TIGRE, PROVINCIA DE LORETO, REGION DE LORETO",4000181,"REHABILITACION, MEJORAMIENTO Y AMPLIACION DEL SISTEMA DE AGUA POTABLE Y DISPOSICION SANITARIA DE EXCRETA",16,LORETO,13,DONACIONES Y TRANSFERENCIAS,0.0,0.0
2024,E,GOBIERNO NACIONAL,37,VIVIENDA CONSTRUCCION Y SANEAMIENTO,037,"MINISTERIO DE VIVIENDA, CONSTRUCCION Y SANEAMIENTO",1443,005,PROGRAMA NACIONAL DE SANEAMIENTO RURAL,15,LIMA,01,LIMA,22,MIRAFLORES,0083,PROGRAMA NACIONAL DE SANEAMIENTO RURAL,2,PROYECTO,2328455,"MEJORAMIENTO, AMPLIACION DEL SERVICIO DE AGUA POTABLE Y SANEAMIENTO EN LA COMUNIDAD NATIVA BOLOGNESI, DISTRITO DE ANDOAS, PROVINCIA DE DATEM DEL MARAÑON, REGION LORETO",6000039,EDUCACION SANITARIA Y GESTION DE LOS SERVICIOS DE SANEAMIENTO,16,LORETO,13,DONACIONES Y TRANSFERENCIAS,0.0,0.0
2024,M,GOBIERNOS LOCALES, , , , ,300732,080701,MUNICIPALIDAD PROVINCIAL DE CHUMBIVILCAS - SANTO TOMAS,08,CUSCO,07,CHUMBIVILCAS,01,SANTO TOMAS,0083,PROGRAMA NACIONAL DE SANEAMIENTO RURAL,2,PROYECTO,2290579,"MEJORAMIENTO Y AMPLIACION DEL SISTEMA DE AGUA POTABLE E INSTALACION DE UNIDADES BASICAS SANITARIAS EN EL ANEXO ARMIRI DE LA C.C. CHARAMURAY, DISTRITO DE COLQUEMARCA, PROVINCIA DE CHUMBIVILCAS - CUSCO",4000053,MEJORAMIENTO DEL SISTEMA DE AGUA POTABLE,08,CUSCO,13,DONACIONES Y TRANSFERENCIAS,273354.0,0.0
2024,M,GOBIERNOS LOCALES, , , , ,300733,080702,MUNICIPALIDAD DISTRITAL DE CAPACMARCA,08,CUSCO,07,CHUMBIVILCAS,02,CAPACMARCA,0090,LOGROS DE APRENDIZAJE DE ESTUDIANTES DE LA EDUCACION BASICA REGULAR,2,PROYECTO,2225770,"MEJORAMIENTO Y AMPLIACION DE LA I.E. LAS AMERICAS DEL NIVEL SECUNDARIO ANEXO TAKINA, DISTRITO DE CAPACMARCA - CHUMBIVILCAS - CUSCO",4000019,INSTALACION DE INFRAESTRUCTURA DE EDUCACION SECUNDARIA,08,CUSCO,13,DONACIONES Y TRANSFERENCIAS,428531.0,0.0
2024,M,GOBIERNOS LOCALES, , , , ,301628,210306,MUNICIPALIDAD DISTRITAL DE CRUCERO,21,PUNO,03,CARABAYA,06,CRUCERO,0148,"REDUCCION DEL TIEMPO, INSEGURIDAD Y COSTO AMBIENTAL EN EL TRANSPORTE URBANO",2,PROYECTO,2597952,MEJORAMIENTO DEL SERVICIO DE MOVILIDAD URBANA EN LA LOCALIDAD DE CRUCERO DEL DISTRITO DE CRUCERO DE LA PROVINCIA DE CARABAYA DEL DEPARTAMENTO DE PUNO,6000053,CONTROL CONCURRENTE,21,PUNO,13,DONACIONES Y TRANSFERENCIAS,160143.0,0.0
2024,E,GOBIERNO NACIONAL,37,VIVIENDA CONSTRUCCION Y SANEAMIENTO,037,"MINISTERIO DE VIVIENDA, CONSTRUCCION Y SANEAMIENTO",1443,005,PROGRAMA NACIONAL DE SANEAMIENTO RURAL,15,LIMA,01,LIMA,22,MIRAFLORES,0083,PROGRAMA NACIONAL DE SANEAMIENTO RURAL,2,PROYECTO,2330643,"MEJORAMIENTO Y AMPLIACION DEL SERVICIO DE AGUA POTABLE Y SANEAMIENTO EN LA CC.NN MARSELLA DISTRITO DE EL TIGRE, PROVINCIA DE LORETO, REGION DE LORETO",6000039,EDUCACION SANITARIA Y GESTION DE LOS SERVICIOS DE SANEAMIENTO,16,LORETO,13,DONACIONES Y TRANSFERENCIAS,0.0,0.0
2024,E,GOBIERNO NACIONAL,37,VIVIENDA CONSTRUCCION Y SANEAMIENTO,037,"MINISTERIO DE VIVIENDA, CONSTRUCCION Y SANEAMIENTO",1443,005,PROGRAMA NACIONAL DE SANEAMIENTO RURAL,15,LIMA,01,LIMA,22,MIRAFLORES,0083,PROGRAMA NACIONAL DE SANEAMIENTO RURAL,2,PROYECTO,2400913,"INSTALACION DEL SERVICIO DE AGUA POTABLE Y SANEAMIENTO EN LA COMUNIDAD NATIVA DE MIGUEL GRAU, DISTRITO DE NAUTA, PROVINCIA DE LORETO - LORETO",4000182,CONSTRUCCION DEL SISTEMA DE AGUA POTABLE Y DISPOSICION SANITARIA DE EXCRETA,16,LORETO,13,DONACIONES Y TRANSFERENCIAS,655322.0,655321.48
2024,E,GOBIERNO NACIONAL,37,VIVIENDA CONSTRUCCION Y SANEAMIENTO,037,"MINISTERIO DE VIVIENDA, CONSTRUCCION Y SANEAMIENTO",1443,005,PROGRAMA NACIONAL DE SANEAMIENTO RURAL,15,LIMA,01,LIMA,22,MIRAFLORES,0083,PROGRAMA NACIONAL DE SANEAMIENTO RURAL,2,PROYECTO,2307922,"AMPLIACION Y MEJORAMIENTO DEL SERVICIO DE AGUA POTABLE E INSTALACION DEL SANEAMIENTO DE LA LOCALIDAD DE LIBERTAD, DISTRITO DE TIGRE - LORETO - LORETO",6000039,EDUCACION SANITARIA Y GESTION DE LOS SERVICIOS DE SANEAMIENTO,16,LORETO,13,DONACIONES Y TRANSFERENCIAS,0.0,0.0
2024,E,GOBIERNO NACIONAL,37,VIVIENDA CONSTRUCCION Y SANEAMIENTO,037,"MINISTERIO DE VIVIENDA, CONSTRUCCION Y SANEAMIENTO",1443,005,PROGRAMA NACIONAL DE SANEAMIENTO RURAL,15,LIMA,01,LIMA,22,MIRAFLORES,0083,PROGRAMA NACIONAL DE SANEAMIENTO RURAL,2,PROYECTO,2332562,"MEJORAMIENTO Y AMPLIACION DEL SERVICIO DE AGUA POTABLE Y SANEAMIENTO EN LA CC.NN NUEVA JERUSALEN DISTRITO DE TROMPETEROS, PROVINCIA DE LORETO, REGION DE LORETO",6000039,EDUCACION SANITARIA Y GESTION DE LOS SERVICIOS DE SANEAMIENTO,16,LORETO,13,DONACIONES Y TRANSFERENCIAS,0.0,0.0
2024,M,GOBIERNOS LOCALES, , , , ,301628,210306,MUNICIPALIDAD DISTRITAL DE CRUCERO,21,PUNO,03,CARABAYA,06,CRUCERO,0148,"REDUCCION DEL TIEMPO, INSEGURIDAD Y COSTO AMBIENTAL EN EL TRANSPORTE URBANO",2,PROYECTO,2597952,MEJORAMIENTO DEL SERVICIO DE MOVILIDAD URBANA EN LA LOCALIDAD DE CRUCERO DEL DISTRITO DE CRUCERO DE LA PROVINCIA DE CARABAYA DEL DEPARTAMENTO DE PUNO,6000002,SUPERVISION Y LIQUIDACION DE OBRAS,21,PUNO,13,DONACIONES Y TRANSFERENCIAS,491523.0,0.0
2024,E,GOBIERNO NACIONAL,37,VIVIENDA CONSTRUCCION Y SANEAMIENTO,037,"MINISTERIO DE VIVIENDA, CONSTRUCCION Y SANEAMIENTO",1443,005,PROGRAMA NACIONAL DE SANEAMIENTO RURAL,15,LIMA,01,LIMA,22,MIRAFLORES,0083,PROGRAMA NACIONAL DE SANEAMIENTO RURAL,2,PROYECTO,2328473,"MEJORAMIENTO, AMPLIACION DEL SERVICIO DE AGUA POTABLE Y SANEAMIENTO EN LA COMUNIDAD NATIVA ALIANZA TOPAL, DISTRITO DE ANDOAS, PROVINCIA DE DATEM DEL MARAÑON, REGION LORETO",4000181,"REHABILITACION, MEJORAMIENTO Y AMPLIACION DEL SISTEMA DE AGUA POTABLE Y DISPOSICION SANITARIA DE EXCRETA",16,LORETO,13,DONACIONES Y TRANSFERENCIAS,0.0,0.0
2024,E,GOBIERNO NACIONAL,11,SALUD,011,M. DE SALUD,1655,125,PROGRAMA NACIONAL DE INVERSIONES EN SALUD,15,LIMA,01,LIMA,31,SAN ISIDRO,9002,ASIGNACIONES PRESUPUESTARIAS QUE NO RESULTAN EN PRODUCTOS,2,PROYECTO,2469195,"MEJORAMIENTO Y AMPLIACION DE LOS SERVICIOS DE SALUD DEL ESTABLECIMIENTO DE SALUD NUEVO ANDOAS, DISTRITO DE ANDOAS - PROVINCIA DE DATEM DEL MARAÑON - DEPARTAMENTO DE LORETO",6000016,GESTION Y ADMINISTRACION,16,LORETO,13,DONACIONES Y TRANSFERENCIAS,0.0,0.0
2024,E,GOBIERNO NACIONAL,37,VIVIENDA CONSTRUCCION Y SANEAMIENTO,037,"MINISTERIO DE VIVIENDA, CONSTRUCCION Y SANEAMIENTO",1443,005,PROGRAMA NACIONAL DE SANEAMIENTO RURAL,15,LIMA,01,LIMA,22,MIRAFLORES,0083,PROGRAMA NACIONAL DE SANEAMIENTO RURAL,2,PROYECTO,2252832,"INSTALACION DE LOS SISTEMAS DE AGUA POTABLE Y SANEAMIENTO PARA EL CENTRO POBLADO DE AJACHIN, DISTRITO DE MANSERICHE - DATEM DEL MARANON - LORETO",6000002,SUPERVISION Y LIQUIDACION DE OBRAS,16,LORETO,13,DONACIONES Y TRANSFERENCIAS,41951.0,41950.64
2024,E,GOBIERNO NACIONAL,37,VIVIENDA CONSTRUCCION Y SANEAMIENTO,037,"MINISTERIO DE VIVIENDA, CONSTRUCCION Y SANEAMIENTO",1443,005,PROGRAMA NACIONAL DE SANEAMIENTO RURAL,15,LIMA,01,LIMA,22,MIRAFLORES,0083,PROGRAMA NACIONAL DE SANEAMIENTO RURAL,2,PROYECTO,2235611,"AMPLIACION Y MEJORAMIENTO DEL SERVICIO DE AGUA POTABLE E INSTALACION DEL SERVICIO DE SANEAMIENTO EN EL CENTRO POBLADO DE PAMPA HERMOSA, DISTRITO DE TROMPETEROS, PROVINCIA DE LORETO, REGION LORETO",6000002,SUPERVISION Y LIQUIDACION DE OBRAS,16,LORETO,13,DONACIONES Y TRANSFERENCIAS,87596.0,87594.76000000001
2024,E,GOBIERNO NACIONAL,37,VIVIENDA CONSTRUCCION Y SANEAMIENTO,037,"MINISTERIO DE VIVIENDA, CONSTRUCCION Y SANEAMIENTO",1443,005,PROGRAMA NACIONAL DE SANEAMIENTO RURAL,15,LIMA,01,LIMA,22,MIRAFLORES,0083,PROGRAMA NACIONAL DE SANEAMIENTO RURAL,2,PROYECTO,2330643,"MEJORAMIENTO Y AMPLIACION DEL SERVICIO DE AGUA POTABLE Y SANEAMIENTO EN LA CC.NN MARSELLA DISTRITO DE EL TIGRE, PROVINCIA DE LORETO, REGION DE LORETO",4000181,"REHABILITACION, MEJORAMIENTO Y AMPLIACION DEL SISTEMA DE AGUA POTABLE Y DISPOSICION SANITARIA DE EXCRETA",16,LORETO,13,DONACIONES Y TRANSFERENCIAS,0.0,0.0
2024,E,GOBIERNO NACIONAL,37,VIVIENDA CONSTRUCCION Y SANEAMIENTO,037,"MINISTERIO DE VIVIENDA, CONSTRUCCION Y SANEAMIENTO",1443,005,PROGRAMA NACIONAL DE SANEAMIENTO RURAL,15,LIMA,01,LIMA,22,MIRAFLORES,0083,PROGRAMA NACIONAL DE SANEAMIENTO RURAL,2,PROYECTO,2307922,"AMPLIACION Y MEJORAMIENTO DEL SERVICIO DE AGUA POTABLE E INSTALACION DEL SANEAMIENTO DE LA LOCALIDAD DE LIBERTAD, DISTRITO DE TIGRE - LORETO - LORETO",4000181,"REHABILITACION, MEJORAMIENTO Y AMPLIACION DEL SISTEMA DE AGUA POTABLE Y DISPOSICION SANITARIA DE EXCRETA",16,LORETO,13,DONACIONES Y TRANSFERENCIAS,4053173.0,4015835.4299999997
2024,M,GOBIERNOS LOCALES, , , , ,300040,010401,MUNICIPALIDAD PROVINCIAL DE CONDORCANQUI - NIEVA,01,AMAZONAS,04,CONDORCANQUI,01,NIEVA,0090,LOGROS DE APRENDIZAJE DE ESTUDIANTES DE LA EDUCACION BASICA REGULAR,2,PROYECTO,2460610,"MEJORAMIENTO DEL SERVICIO EDUCATIVO EN LA I.E.I N° 270 CC.NN. NUEVA ESPERANZA, DISTRITO DE NIEVA - PROVINCIA DE CONDORCANQUI - DEPARTAMENTO DE AMAZONAS",4000035,MEJORAMIENTO DE INFRAESTRUCTURA DE EDUCACION INICIAL,01,AMAZONAS,13,DONACIONES Y TRANSFERENCIAS,1035015.0,1035014.97
2024,M,GOBIERNOS LOCALES, , , , ,301464,160511,MUNICIPALIDAD DISTRITAL DE YAQUERANA,16,LORETO,05,REQUENA,11,YAQUERANA,0083,PROGRAMA NACIONAL DE SANEAMIENTO RURAL,2,PROYECTO,2214208,"MEJORAMIENTO DEL SERVICIO DE EDUCACION INICIAL EN LA IEI N 882 DE LA COMUNIDAD NATIVA BUENAS LOMAS NUEVA, DISTRITO DE YAQUERANA - REQUENA - LORETO",4000041,INSTALACION DE SISTEMA DE AGUA POTABLE,16,LORETO,13,DONACIONES Y TRANSFERENCIAS,569554.0,569552.67
2024,E,GOBIERNO NACIONAL,37,VIVIENDA CONSTRUCCION Y SANEAMIENTO,037,"MINISTERIO DE VIVIENDA, CONSTRUCCION Y SANEAMIENTO",1443,005,PROGRAMA NACIONAL DE SANEAMIENTO RURAL,15,LIMA,01,LIMA,22,MIRAFLORES,0083,PROGRAMA NACIONAL DE SANEAMIENTO RURAL,2,PROYECTO,2484744,"MEJORAMIENTO Y AMPLIACION DEL SISTEMA DE AGUA POTABLE Y SANEAMIENTO EN LOSSECTORES DE TANDARCOCHA, MOLLEBAMBA, AYLLUPACHICTE, CARHUACALLA, PUMATAMBO,CCOYPA, AYUSBAMBA, HUILLKAQUI, CCOLQUEUCRO, MISKABAMBA, HUAROBAMBA, PIRCCA,NAYHUA, URBIS Y KARUSPAMPA DEL DISTRITO DE PACCARITAMBO - PROVINCIA DE PARURO - DEPARTAMENTO DE CUSCO",4000181,"REHABILITACION, MEJORAMIENTO Y AMPLIACION DEL SISTEMA DE AGUA POTABLE Y DISPOSICION SANITARIA DE EXCRETA",08,CUSCO,13,DONACIONES Y TRANSFERENCIAS,0.0,0.0
2024,M,GOBIERNOS LOCALES, , , , ,300734,080703,MUNICIPALIDAD DISTRITAL DE CHAMACA,08,CUSCO,07,CHUMBIVILCAS,03,CHAMACA,0083,PROGRAMA NACIONAL DE SANEAMIENTO RURAL,2,PROYECTO,2488687,"MEJORAMIENTO Y AMPLIACION DEL SISTEMA DE SANEAMIENTO BASICO EN LOS SECTORES DE KERAKERA, AYANI, FUNDICION, TARUCATINCUC, JORNADA, KIVIO, HUALLATACCOTA, WINCHO, CHALLUMA Y HUAYLLAYOC DE LA C.C. DE UCHUCCARCCO DEL DISTRITO DE CHAMACA - PROVINCIA DE CHUMBIVILCAS - DEPARTAMENTO DE CUSCO",4000198,"REHABILITACION, MEJORAMIENTO Y AMPLIACION DE SISTEMA DE AGUA POTABLE Y ALCANTARILLADO",08,CUSCO,13,DONACIONES Y TRANSFERENCIAS,39460.0,39459.2
2024,M,GOBIERNOS LOCALES, , , , ,300735,080704,MUNICIPALIDAD DISTRITAL DE COLQUEMARCA,08,CUSCO,07,CHUMBIVILCAS,04,COLQUEMARCA,0138,"REDUCCION DEL COSTO, TIEMPO E INSEGURIDAD EN EL SISTEMA DE TRANSPORTE",2,PROYECTO,2468682,MEJORAMIENTO DEL CAMINO VECINAL DE LA COMUNIDAD DE HUARACCO HACIA LA LAGUNA CCACANSA DEL DISTRITO DE COLQUEMARCA - PROVINCIA DE CHUMBIVILCAS - DEPARTAMENTO DE CUSCO,6000001,EXPEDIENTE TECNICO,08,CUSCO,13,DONACIONES Y TRANSFERENCIAS,54301.0,0.0
2024,M,GOBIERNOS LOCALES, , , , ,300735,080704,MUNICIPALIDAD DISTRITAL DE COLQUEMARCA,08,CUSCO,07,CHUMBIVILCAS,04,COLQUEMARCA,0083,PROGRAMA NACIONAL DE SANEAMIENTO RURAL,2,PROYECTO,2488698,MEJORAMIENTO Y AMPLIACION DEL SERVICIO DE AGUA POTABLE Y SANEAMIENTO BASICO EN EL ANEXO DE CHOCCOYO DE LA COMUNIDAD IDIOPA - ÑAUPA JAPO - URINSAYA DEL DISTRITO DE COLQUEMARCA - PROVINCIA DE CHUMBIVILCAS - DEPARTAMENTO DE CUSCO,4000053,MEJORAMIENTO DEL SISTEMA DE AGUA POTABLE,08,CUSCO,13,DONACIONES Y TRANSFERENCIAS,7407403.0,0.0
2024,M,GOBIERNOS LOCALES, , , , ,300736,080705,MUNICIPALIDAD DISTRITAL DE LIVITACA,08,CUSCO,07,CHUMBIVILCAS,05,LIVITACA,0090,LOGROS DE APRENDIZAJE DE ESTUDIANTES DE LA EDUCACION BASICA REGULAR,2,PROYECTO,2388403,MEJORAMIENTO Y AMPLIACION DEL SERVICIO DE EDUCACION INICIAL 521 EN EL SECTOR DE QUECHAPAMPA DE LA C.C. DE HUANACO DEL DISTRITO DE LIVITACA - PROVINCIA DE CHUMBIVILCAS - DEPARTAMENTO DE CUSCO,6000001,EXPEDIENTE TECNICO,08,CUSCO,13,DONACIONES Y TRANSFERENCIAS,44722.0,0.0
2024,M,GOBIERNOS LOCALES, , , , ,300736,080705,MUNICIPALIDAD DISTRITAL DE LIVITACA,08,CUSCO,07,CHUMBIVILCAS,05,LIVITACA,0083,PROGRAMA NACIONAL DE SANEAMIENTO RURAL,2,PROYECTO,2267690,"MEJORAMIENTO Y AMPLIACION DEL SERVICIO DE AGUA POTABLE Y SANEAMIENTO EN LOS SECTORES DE TUNSUMA Y SIHUA DE LA C.C HUANACO, DISTRITO DE LIVITACA - CHUMBIVILCAS - CUSCO",4000183,MEJORAMIENTO DEL SISTEMA DE AGUA POTABLE Y DISPOSICION SANITARIA DE EXCRETA,08,CUSCO,13,DONACIONES Y TRANSFERENCIAS,27449.0,27449.0
2024,E,GOBIERNO NACIONAL,37,VIVIENDA CONSTRUCCION Y SANEAMIENTO,037,"MINISTERIO DE VIVIENDA, CONSTRUCCION Y SANEAMIENTO",1443,005,PROGRAMA NACIONAL DE SANEAMIENTO RURAL,15,LIMA,01,LIMA,22,MIRAFLORES,0083,PROGRAMA NACIONAL DE SANEAMIENTO RURAL,2,PROYECTO,2332562,"MEJORAMIENTO Y AMPLIACION DEL SERVICIO DE AGUA POTABLE Y SANEAMIENTO EN LA CC.NN NUEVA JERUSALEN DISTRITO DE TROMPETEROS, PROVINCIA DE LORETO, REGION DE LORETO",6000002,SUPERVISION Y LIQUIDACION DE OBRAS,16,LORETO,13,DONACIONES Y TRANSFERENCIAS,75000.0,52496.64
2024,E,GOBIERNO NACIONAL,37,VIVIENDA CONSTRUCCION Y SANEAMIENTO,037,"MINISTERIO DE VIVIENDA, CONSTRUCCION Y SANEAMIENTO",1443,005,PROGRAMA NACIONAL DE SANEAMIENTO RURAL,15,LIMA,01,LIMA,22,MIRAFLORES,0083,PROGRAMA NACIONAL DE SANEAMIENTO RURAL,2,PROYECTO,2330634,"MEJORAMIENTO Y AMPLIACION DEL SERVICIO DE AGUA POTABLE Y SANEAMIENTO EN LA CC.NN SAN JUAN DE BARTRA DISTRITO DE EL TIGRE, PROVINCIA DE LORETO, REGION DE LORETO.",6000016,GESTION Y ADMINISTRACION,16,LORETO,13,DONACIONES Y TRANSFERENCIAS,6408.0,6408.0
2024,E,GOBIERNO NACIONAL,37,VIVIENDA CONSTRUCCION Y SANEAMIENTO,037,"MINISTERIO DE VIVIENDA, CONSTRUCCION Y SANEAMIENTO",1443,005,PROGRAMA NACIONAL DE SANEAMIENTO RURAL,15,LIMA,01,LIMA,22,MIRAFLORES,0083,PROGRAMA NACIONAL DE SANEAMIENTO RURAL,2,PROYECTO,2332562,"MEJORAMIENTO Y AMPLIACION DEL SERVICIO DE AGUA POTABLE Y SANEAMIENTO EN LA CC.NN NUEVA JERUSALEN DISTRITO DE TROMPETEROS, PROVINCIA DE LORETO, REGION DE LORETO",4000181,"REHABILITACION, MEJORAMIENTO Y AMPLIACION DEL SISTEMA DE AGUA POTABLE Y DISPOSICION SANITARIA DE EXCRETA",16,LORETO,13,DONACIONES Y TRANSFERENCIAS,716495.0,716495.0
2024,E,GOBIERNO NACIONAL,37,VIVIENDA CONSTRUCCION Y SANEAMIENTO,037,"MINISTERIO DE VIVIENDA, CONSTRUCCION Y SANEAMIENTO",1443,005,PROGRAMA NACIONAL DE SANEAMIENTO RURAL,15,LIMA,01,LIMA,22,MIRAFLORES,0083,PROGRAMA NACIONAL DE SANEAMIENTO RURAL,2,PROYECTO,2400945,"INSTALACION DEL SERVICIO DE AGUA POTABLE Y SANEAMIENTO EN EL CENTRO POBLADO DE SAN JUAN DE LAGUNILLAS, DISTRITO DE NAUTA, PROVINCIA DE LORETO - LORETO",4000182,CONSTRUCCION DEL SISTEMA DE AGUA POTABLE Y DISPOSICION SANITARIA DE EXCRETA,16,LORETO,13,DONACIONES Y TRANSFERENCIAS,80000.0,0.0
2024,E,GOBIERNO NACIONAL,37,VIVIENDA CONSTRUCCION Y SANEAMIENTO,037,"MINISTERIO DE VIVIENDA, CONSTRUCCION Y SANEAMIENTO",1443,005,PROGRAMA NACIONAL DE SANEAMIENTO RURAL,15,LIMA,01,LIMA,22,MIRAFLORES,0083,PROGRAMA NACIONAL DE SANEAMIENTO RURAL,2,PROYECTO,2328479,"MEJORAMIENTO, AMPLIACION DEL SERVICIO DE AGUA POTABLE Y SANEAMIENTO EN LA COMUNIDAD NATIVA SABALOYACU, DISTRITO DE ANDOAS, PROVINCIA DEL DATEM DEL MARAÑON, REGION LORETO",6000002,SUPERVISION Y LIQUIDACION DE OBRAS,16,LORETO,13,DONACIONES Y TRANSFERENCIAS,0.0,0.0
2024,E,GOBIERNO NACIONAL,37,VIVIENDA CONSTRUCCION Y SANEAMIENTO,037,"MINISTERIO DE VIVIENDA, CONSTRUCCION Y SANEAMIENTO",1443,005,PROGRAMA NACIONAL DE SANEAMIENTO RURAL,15,LIMA,01,LIMA,22,MIRAFLORES,0083,PROGRAMA NACIONAL DE SANEAMIENTO RURAL,2,PROYECTO,2400905,"INSTALACION DEL SERVICIO DE AGUA POTABLE Y SANEAMIENTO EN EL CENTRO POBLADO DE 1 DE FEBRERO, DISTRITO DE NAUTA, PROVINCIA DE LORETO - LORETO",6000039,EDUCACION SANITARIA Y GESTION DE LOS SERVICIOS DE SANEAMIENTO,16,LORETO,13,DONACIONES Y TRANSFERENCIAS,0.0,0.0
2024,M,GOBIERNOS LOCALES, , , , ,301464,160511,MUNICIPALIDAD DISTRITAL DE YAQUERANA,16,LORETO,05,REQUENA,11,YAQUERANA,0083,PROGRAMA NACIONAL DE SANEAMIENTO RURAL,2,PROYECTO,2331811,"CREACION DEL SISTEMA DE AGUA POTABLE Y SANEAMIENTO DE LA LOCALIDAD DE SAN JOSE DE AÑUSHI, DISTRITO DE YAQUERANA - REQUENA - LORETO",4000041,INSTALACION DE SISTEMA DE AGUA POTABLE,16,LORETO,13,DONACIONES Y TRANSFERENCIAS,1885299.0,1869904.76
2024,M,GOBIERNOS LOCALES, , , , ,301464,160511,MUNICIPALIDAD DISTRITAL DE YAQUERANA,16,LORETO,05,REQUENA,11,YAQUERANA,0083,PROGRAMA NACIONAL DE SANEAMIENTO RURAL,2,PROYECTO,2462693,CREACION DEL SISTEMA DE ABASTECIMIENTO DE AGUA POTABLE Y UNIDADES BASICAS DE SANEAMIENTO EN LA COMUNIDAD DE BUENAS LOMAS NUEVA DEL DISTRITO DE YAQUERANA - PROVINCIA DE REQUENA - DEPARTAMENTO DE LORETO,4000041,INSTALACION DE SISTEMA DE AGUA POTABLE,16,LORETO,13,DONACIONES Y TRANSFERENCIAS,1150724.0,1150723.66
2024,M,GOBIERNOS LOCALES, , , , ,301623,210301,MUNICIPALIDAD PROVINCIAL DE CARABAYA - MACUSANI,21,PUNO,03,CARABAYA,01,MACUSANI,0132,PUESTA EN VALOR Y USO SOCIAL DEL PATRIMONIO CULTURAL,2,PROYECTO,2446056,MEJORAMIENTO DEL SERVICIO CULTURAL PUBLICO DE LA IGLESIA SAN JUAN BAUTISTA DE LA CIUDAD DE MACUSANI DEL DISTRITO DE MACUSANI - PROVINCIA DE CARABAYA - DEPARTAMENTO DE PUNO,4000165,MEJORAMIENTO DE INFRAESTRUCTURA CULTURAL,21,PUNO,13,DONACIONES Y TRANSFERENCIAS,3911415.0,1141137.6400000001
2024,E,GOBIERNO NACIONAL,37,VIVIENDA CONSTRUCCION Y SANEAMIENTO,037,"MINISTERIO DE VIVIENDA, CONSTRUCCION Y SANEAMIENTO",1443,005,PROGRAMA NACIONAL DE SANEAMIENTO RURAL,15,LIMA,01,LIMA,22,MIRAFLORES,0083,PROGRAMA NACIONAL DE SANEAMIENTO RURAL,2,PROYECTO,2275299,"MEJORAMIENTO Y AMPLIACION DEL SERVICIO DE AGUA POTABLE E INSTALACION DE SANEAMIENTO BASICO EN EL CENTRO POBLADO DE PALCA, DISTRITO DE OLLACHEA, DEPARTAMENTO DE PUNO",6000016,GESTION Y ADMINISTRACION,21,PUNO,13,DONACIONES Y TRANSFERENCIAS,5625.0,5625.0
2024,M,GOBIERNOS LOCALES, , , , ,300736,080705,MUNICIPALIDAD DISTRITAL DE LIVITACA,08,CUSCO,07,CHUMBIVILCAS,05,LIVITACA,0090,LOGROS DE APRENDIZAJE DE ESTUDIANTES DE LA EDUCACION BASICA REGULAR,2,PROYECTO,2300940,"MEJORAMIENTO Y AMPLIACION DEL SERVICIO DE EDUCACION DE NIVEL SECUNDARIO DE LA I.E. N 56289 RICARDO PALMA EN EL SECTOR QUECHAPAMPA DE LA COMUNIDAD CAMPESINA HUANACO, DISTRITO DE LIVITACA - CHUMBIVILCAS - CUSCO",4000037,MEJORAMIENTO DE INFRAESTRUCTURA DE EDUCACION SECUNDARIA,08,CUSCO,13,DONACIONES Y TRANSFERENCIAS,99834.0,51737.1
2024,M,GOBIERNOS LOCALES, , , , ,300739,080708,MUNICIPALIDAD DISTRITAL DE VELILLE,08,CUSCO,07,CHUMBIVILCAS,08,VELILLE,0083,PROGRAMA NACIONAL DE SANEAMIENTO RURAL,2,PROYECTO,2467058,MEJORAMIENTO Y AMPLIACION DE LOS SERVICIOS DE AGUA POTABLE Y SANEAMIENTO EN LA COMUNIDAD DE CASA BLANCA DEL DISTRITO DE VELILLE - PROVINCIA DE CHUMBIVILCAS - DEPARTAMENTO DE CUSCO,4000049,AMPLIACION DEL SISTEMA DE AGUA POTABLE,08,CUSCO,13,DONACIONES Y TRANSFERENCIAS,1035549.0,705513.94
2024,M,GOBIERNOS LOCALES, , , , ,301623,210301,MUNICIPALIDAD PROVINCIAL DE CARABAYA - MACUSANI,21,PUNO,03,CARABAYA,01,MACUSANI,0146,ACCESO DE LAS FAMILIAS A VIVIENDA Y ENTORNO URBANO ADECUADO,2,PROYECTO,2591091,CREACION DE LOS SERVICIOS PUBLICOS DE INTEGRACION ECONOMICA Y SOCIAL EN LOSA DEPORTIVA MULTIUSOS DEL BARRIO TUPAC AMARU DISTRITO DE MACUSANI DE LA PROVINCIA DE CARABAYA DEL DEPARTAMENTO DE PUNO,4000129,INSTALACION DE INFRAESTRUCTURA DEPORTIVA,21,PUNO,13,DONACIONES Y TRANSFERENCIAS,872398.0,146464.28999999998
2024,E,GOBIERNO NACIONAL,37,VIVIENDA CONSTRUCCION Y SANEAMIENTO,037,"MINISTERIO DE VIVIENDA, CONSTRUCCION Y SANEAMIENTO",1443,005,PROGRAMA NACIONAL DE SANEAMIENTO RURAL,15,LIMA,01,LIMA,22,MIRAFLORES,0083,PROGRAMA NACIONAL DE SANEAMIENTO RURAL,2,PROYECTO,2275299,"MEJORAMIENTO Y AMPLIACION DEL SERVICIO DE AGUA POTABLE E INSTALACION DE SANEAMIENTO BASICO EN EL CENTRO POBLADO DE PALCA, DISTRITO DE OLLACHEA, DEPARTAMENTO DE PUNO",6000002,SUPERVISION Y LIQUIDACION DE OBRAS,21,PUNO,13,DONACIONES Y TRANSFERENCIAS,52814.0,52813.35
2024,E,GOBIERNO NACIONAL,11,SALUD,011,M. DE SALUD,1655,125,PROGRAMA NACIONAL DE INVERSIONES EN SALUD,15,LIMA,01,LIMA,31,SAN ISIDRO,9002,ASIGNACIONES PRESUPUESTARIAS QUE NO RESULTAN EN PRODUCTOS,2,PROYECTO,2469195,"MEJORAMIENTO Y AMPLIACION DE LOS SERVICIOS DE SALUD DEL ESTABLECIMIENTO DE SALUD NUEVO ANDOAS, DISTRITO DE ANDOAS - PROVINCIA DE DATEM DEL MARAÑON - DEPARTAMENTO DE LORETO",4000014,MEJORAMIENTO DE CENTROS DE SALUD,16,LORETO,13,DONACIONES Y TRANSFERENCIAS,7140353.0,7140352.5
2024,M,GOBIERNOS LOCALES, , , , ,300735,080704,MUNICIPALIDAD DISTRITAL DE COLQUEMARCA,08,CUSCO,07,CHUMBIVILCAS,04,COLQUEMARCA,0083,PROGRAMA NACIONAL DE SANEAMIENTO RURAL,2,PROYECTO,2488698,MEJORAMIENTO Y AMPLIACION DEL SERVICIO DE AGUA POTABLE Y SANEAMIENTO BASICO EN EL ANEXO DE CHOCCOYO DE LA COMUNIDAD IDIOPA - ÑAUPA JAPO - URINSAYA DEL DISTRITO DE COLQUEMARCA - PROVINCIA DE CHUMBIVILCAS - DEPARTAMENTO DE CUSCO,6000002,SUPERVISION Y LIQUIDACION DE OBRAS,08,CUSCO,13,DONACIONES Y TRANSFERENCIAS,253579.0,0.0
2024,M,GOBIERNOS LOCALES, , , , ,300739,080708,MUNICIPALIDAD DISTRITAL DE VELILLE,08,CUSCO,07,CHUMBIVILCAS,08,VELILLE,0090,LOGROS DE APRENDIZAJE DE ESTUDIANTES DE LA EDUCACION BASICA REGULAR,2,PROYECTO,2341831,"MEJORAMIENTO DE LOS SERVICIOS EDUCATIVOS EN LA I.E. INICIAL SAGRADO CORAZON DE JESUS EN EL, DISTRITO DE VELILLE - CHUMBIVILCAS - CUSCO",4000020,INSTALACION DE INFRAESTRUCTURA DE EDUCACION BASICA REGULAR,08,CUSCO,13,DONACIONES Y TRANSFERENCIAS,152218.0,152217.4
2024,M,GOBIERNOS LOCALES, , , , ,300735,080704,MUNICIPALIDAD DISTRITAL DE COLQUEMARCA,08,CUSCO,07,CHUMBIVILCAS,04,COLQUEMARCA,0083,PROGRAMA NACIONAL DE SANEAMIENTO RURAL,2,PROYECTO,2466167,MEJORAMIENTO Y AMPLIACION DEL SISTEMA DE SANEAMIENTO BASICO INTEGRAL EN EL ANEXO DE PARCCOBAMBA DE LA C.C DE YANQUE DEL DISTRITO DE COLQUEMARCA - PROVINCIA DE CHUMBIVILCAS - DEPARTAMENTO DE CUSCO,4000053,MEJORAMIENTO DEL SISTEMA DE AGUA POTABLE,08,CUSCO,13,DONACIONES Y TRANSFERENCIAS,2603177.0,0.0
2024,E,GOBIERNO NACIONAL,37,VIVIENDA CONSTRUCCION Y SANEAMIENTO,037,"MINISTERIO DE VIVIENDA, CONSTRUCCION Y SANEAMIENTO",1443,005,PROGRAMA NACIONAL DE SANEAMIENTO RURAL,15,LIMA,01,LIMA,22,MIRAFLORES,0083,PROGRAMA NACIONAL DE SANEAMIENTO RURAL,2,PROYECTO,2400913,"INSTALACION DEL SERVICIO DE AGUA POTABLE Y SANEAMIENTO EN LA COMUNIDAD NATIVA DE MIGUEL GRAU, DISTRITO DE NAUTA, PROVINCIA DE LORETO - LORETO",6000039,EDUCACION SANITARIA Y GESTION DE LOS SERVICIOS DE SANEAMIENTO,16,LORETO,13,DONACIONES Y TRANSFERENCIAS,8000.0,8000.0
2024,E,GOBIERNO NACIONAL,37,VIVIENDA CONSTRUCCION Y SANEAMIENTO,037,"MINISTERIO DE VIVIENDA, CONSTRUCCION Y SANEAMIENTO",1443,005,PROGRAMA NACIONAL DE SANEAMIENTO RURAL,15,LIMA,01,LIMA,22,MIRAFLORES,0083,PROGRAMA NACIONAL DE SANEAMIENTO RURAL,2,PROYECTO,2235558,"INSTALACION DE LOS SISTEMAS DE AGUA POTABLE Y SANEAMIENTO PARA EL CENTRO POBLADO DE SOLEDAD, DISTRITO DE MANSERICHE - DATEM DEL MARANON - LORETO",4000182,CONSTRUCCION DEL SISTEMA DE AGUA POTABLE Y DISPOSICION SANITARIA DE EXCRETA,16,LORETO,13,DONACIONES Y TRANSFERENCIAS,0.0,0.0
2024,M,GOBIERNOS LOCALES, , , , ,300735,080704,MUNICIPALIDAD DISTRITAL DE COLQUEMARCA,08,CUSCO,07,CHUMBIVILCAS,04,COLQUEMARCA,0083,PROGRAMA NACIONAL DE SANEAMIENTO RURAL,2,PROYECTO,2466167,MEJORAMIENTO Y AMPLIACION DEL SISTEMA DE SANEAMIENTO BASICO INTEGRAL EN EL ANEXO DE PARCCOBAMBA DE LA C.C DE YANQUE DEL DISTRITO DE COLQUEMARCA - PROVINCIA DE CHUMBIVILCAS - DEPARTAMENTO DE CUSCO,6000002,SUPERVISION Y LIQUIDACION DE OBRAS,08,CUSCO,13,DONACIONES Y TRANSFERENCIAS,186724.0,0.0
2024,M,GOBIERNOS LOCALES, , , , ,300737,080706,MUNICIPALIDAD DISTRITAL DE LLUSCO,08,CUSCO,07,CHUMBIVILCAS,06,LLUSCO,0138,"REDUCCION DEL COSTO, TIEMPO E INSEGURIDAD EN EL SISTEMA DE TRANSPORTE",2,PROYECTO,2488665,CREACION DEL CAMINO VECINAL ANTUYO - PERCCATUYO - CASIAHUI EN LAS COMUNIDADES DE ANTUYO LLAULLIMARCA Y CCOLLPA DEL DISTRITO DE LLUSCO - PROVINCIA DE CHUMBIVILCAS - DEPARTAMENTO DE CUSCO,6000001,EXPEDIENTE TECNICO,08,CUSCO,13,DONACIONES Y TRANSFERENCIAS,56711.0,0.0
2024,E,GOBIERNO NACIONAL,37,VIVIENDA CONSTRUCCION Y SANEAMIENTO,037,"MINISTERIO DE VIVIENDA, CONSTRUCCION Y SANEAMIENTO",1443,005,PROGRAMA NACIONAL DE SANEAMIENTO RURAL,15,LIMA,01,LIMA,22,MIRAFLORES,0083,PROGRAMA NACIONAL DE SANEAMIENTO RURAL,2,PROYECTO,2471794,"CREACION DEL SERVICIO DE AGUA POTABLE Y DISPOSICION SANITARIA DE EXCRETAS EN LOS SECTORES DE SILLCO, HUALLATANI, ORCCOCHIRI, CHACCOPALLA, SAYWA, HUAMANHUIRI, INTICANCHA, OTAÑA, PILLONE Y NANRAPAMPA DE LA C.C DE CHILLOROYA DEL DISTRITO DE LIVITACA - PROVINCIA DE CHUMBIVILCAS - DEPARTAMENTO DE CUSCO",4000182,CONSTRUCCION DEL SISTEMA DE AGUA POTABLE Y DISPOSICION SANITARIA DE EXCRETA,08,CUSCO,13,DONACIONES Y TRANSFERENCIAS,0.0,0.0
2024,E,GOBIERNO NACIONAL,11,SALUD,011,M. DE SALUD,1655,125,PROGRAMA NACIONAL DE INVERSIONES EN SALUD,15,LIMA,01,LIMA,31,SAN ISIDRO,9002,ASIGNACIONES PRESUPUESTARIAS QUE NO RESULTAN EN PRODUCTOS,2,PROYECTO,2469195,"MEJORAMIENTO Y AMPLIACION DE LOS SERVICIOS DE SALUD DEL ESTABLECIMIENTO DE SALUD NUEVO ANDOAS, DISTRITO DE ANDOAS - PROVINCIA DE DATEM DEL MARAÑON - DEPARTAMENTO DE LORETO",6000017,ADQUISICION DE EQUIPOS MEDICOS,16,LORETO,13,DONACIONES Y TRANSFERENCIAS,0.0,0.0
2025,M,GOBIERNOS LOCALES, , , , ,301623,210301,MUNICIPALIDAD PROVINCIAL DE CARABAYA - MACUSANI,21,PUNO,03,CARABAYA,01,MACUSANI,0132,PUESTA EN VALOR Y USO SOCIAL DEL PATRIMONIO CULTURAL,2,PROYECTO,2446056,MEJORAMIENTO DEL SERVICIO CULTURAL PUBLICO DE LA IGLESIA SAN JUAN BAUTISTA DE LA CIUDAD DE MACUSANI DEL DISTRITO DE MACUSANI - PROVINCIA DE CARABAYA - DEPARTAMENTO DE PUNO,4000165,MEJORAMIENTO DE INFRAESTRUCTURA CULTURAL,21,PUNO,13,DONACIONES Y TRANSFERENCIAS,2770277.0,2001024.87
2025,M,GOBIERNOS LOCALES, , , , ,301628,210306,MUNICIPALIDAD DISTRITAL DE CRUCERO,21,PUNO,03,CARABAYA,06,CRUCERO,0148,"REDUCCION DEL TIEMPO, INSEGURIDAD Y COSTO AMBIENTAL EN EL TRANSPORTE URBANO",2,PROYECTO,2597952,MEJORAMIENTO DEL SERVICIO DE MOVILIDAD URBANA EN LA LOCALIDAD DE CRUCERO DEL DISTRITO DE CRUCERO DE LA PROVINCIA DE CARABAYA DEL DEPARTAMENTO DE PUNO,4000156,AMPLIACION DE INFRAESTRUCTURA DE COMUNICACIONES,21,PUNO,13,DONACIONES Y TRANSFERENCIAS,7515642.0,2677418.61
2025,M,GOBIERNOS LOCALES, , , , ,300733,080702,MUNICIPALIDAD DISTRITAL DE CAPACMARCA,08,CUSCO,07,CHUMBIVILCAS,02,CAPACMARCA,9002,ASIGNACIONES PRESUPUESTARIAS QUE NO RESULTAN EN PRODUCTOS,2,PROYECTO,2500577,MEJORAMIENTO Y AMPLIACION LA INFRAESTRUCTURA VIAL Y PEATONAL DE LA AV. CUSCO DE LA COMUNIDAD DE CAPACMARCA DEL DISTRITO DE CAPACMARCA - PROVINCIA DE CHUMBIVILCAS - DEPARTAMENTO DE CUSCO,4000084,MEJORAMIENTO DE VIA LOCAL,08,CUSCO,13,DONACIONES Y TRANSFERENCIAS,1476812.0,1311531.22
2025,M,GOBIERNOS LOCALES, , , , ,300739,080708,MUNICIPALIDAD DISTRITAL DE VELILLE,08,CUSCO,07,CHUMBIVILCAS,08,VELILLE,0036,GESTION INTEGRAL DE RESIDUOS SOLIDOS,2,PROYECTO,2472956,MEJORAMIENTO DEL SERVICIO DE LIMPIEZA PUBLICA EN LA LOCALIDAD DE VELILLE- DISTRITO DE VELILLE - PROVINCIA DE CHUMBIVILCAS - DEPARTAMENTO DE CUSCO,4000201,MEJORAMIENTO DE SISTEMA DE RECOLECCION Y TRATAMIENTO DE RESIDUOS SOLIDOS,08,CUSCO,13,DONACIONES Y TRANSFERENCIAS,1907717.0,1465117.01
2025,M,GOBIERNOS LOCALES, , , , ,300736,080705,MUNICIPALIDAD DISTRITAL DE LIVITACA,08,CUSCO,07,CHUMBIVILCAS,05,LIVITACA,0042,APROVECHAMIENTO DE LOS RECURSOS HIDRICOS PARA USO AGRARIO,2,PROYECTO,2492705,"MEJORAMIENTO DEL SERVICIO DE AGUA PARA RIEGO EN LA MARGEN IZQUIERDA Y DERECHA DE LA COMUNIDAD CAMPESINA CCOLLANA ALTA, DISTRITO DE LIVITACA - PROVINCIA DE CHUMBIVILCAS - DEPARTAMENTO DE CUSCO",6000001,EXPEDIENTE TECNICO,08,CUSCO,13,DONACIONES Y TRANSFERENCIAS,42610.0,0.0
2025,M,GOBIERNOS LOCALES, , , , ,301625,210303,MUNICIPALIDAD DISTRITAL DE AYAPATA,21,PUNO,03,CARABAYA,03,AYAPATA,0083,PROGRAMA NACIONAL DE SANEAMIENTO RURAL,2,PROYECTO,2252384,"MEJORAMIENTO Y AMPLIACION DE LOS SERVICIOS DE AGUA POTABLE Y SANEAMIENTO EN LA COMUNIDAD DE KANCHI ORCCOTAQUI DEL, DISTRITO DE AYAPATA - CARABAYA - PUNO",4000053,MEJORAMIENTO DEL SISTEMA DE AGUA POTABLE,21,PUNO,13,DONACIONES Y TRANSFERENCIAS,3419887.0,0.0
2025,E,GOBIERNO NACIONAL,37,VIVIENDA CONSTRUCCION Y SANEAMIENTO,037,"MINISTERIO DE VIVIENDA, CONSTRUCCION Y SANEAMIENTO",1443,005,PROGRAMA NACIONAL DE SANEAMIENTO RURAL,15,LIMA,01,LIMA,22,MIRAFLORES,0083,PROGRAMA NACIONAL DE SANEAMIENTO RURAL,2,PROYECTO,2328479,"MEJORAMIENTO, AMPLIACION DEL SERVICIO DE AGUA POTABLE Y SANEAMIENTO EN LA COMUNIDAD NATIVA SABALOYACU, DISTRITO DE ANDOAS, PROVINCIA DEL DATEM DEL MARAÑON, REGION LORETO",6000016,GESTION Y ADMINISTRACION,16,LORETO,13,DONACIONES Y TRANSFERENCIAS,58674.0,58674.0
2025,E,GOBIERNO NACIONAL,37,VIVIENDA CONSTRUCCION Y SANEAMIENTO,037,"MINISTERIO DE VIVIENDA, CONSTRUCCION Y SANEAMIENTO",1443,005,PROGRAMA NACIONAL DE SANEAMIENTO RURAL,15,LIMA,01,LIMA,22,MIRAFLORES,0083,PROGRAMA NACIONAL DE SANEAMIENTO RURAL,2,PROYECTO,2400945,"INSTALACION DEL SERVICIO DE AGUA POTABLE Y SANEAMIENTO EN EL CENTRO POBLADO DE SAN JUAN DE LAGUNILLAS, DISTRITO DE NAUTA, PROVINCIA DE LORETO - LORETO",4000182,CONSTRUCCION DEL SISTEMA DE AGUA POTABLE Y DISPOSICION SANITARIA DE EXCRETA,16,LORETO,13,DONACIONES Y TRANSFERENCIAS,304506.0,302963.23
2025,M,GOBIERNOS LOCALES, , , , ,300732,080701,MUNICIPALIDAD PROVINCIAL DE CHUMBIVILCAS - SANTO TOMAS,08,CUSCO,07,CHUMBIVILCAS,01,SANTO TOMAS,0138,"REDUCCION DEL COSTO, TIEMPO E INSEGURIDAD EN EL SISTEMA DE TRANSPORTE",2,PROYECTO,2501886,MEJORAMIENTO DEL SERVICIO DE TRANSITABILIDAD DEL CAMINO VECINAL ANEXO RANRAPATA CC. CCOLLANA Y ANEXO TIRANI CC. PUMALLACTA - DISTRITO DE QUIÑOTA - ANEXO CCASHIAHUI CC. CCOLLPA CCASHIAHUI - DISTRITO DE LLUSCO - R-67 (DESV. LLIQUE- ACCACCO COCHANI MOSCCO) DISTRITO DE SANTO TOMAS - PROVINCIA DE CHUMBIVILCAS - DEPARTAMENTO DE CUSCO,6000001,EXPEDIENTE TECNICO,08,CUSCO,13,DONACIONES Y TRANSFERENCIAS,205672.0,0.0
2025,M,GOBIERNOS LOCALES, , , , ,301623,210301,MUNICIPALIDAD PROVINCIAL DE CARABAYA - MACUSANI,21,PUNO,03,CARABAYA,01,MACUSANI,0148,"REDUCCION DEL TIEMPO, INSEGURIDAD Y COSTO AMBIENTAL EN EL TRANSPORTE URBANO",2,PROYECTO,2590353,AMPLIACION DEL SERVICIO DE MOVILIDAD URBANA EN EL BARRIO TUPAC AMARU DISTRITO DE MACUSANI DE LA PROVINCIA DE CARABAYA DEL DEPARTAMENTO DE PUNO,4000075,CONSTRUCCION DE VIA LOCAL,21,PUNO,13,DONACIONES Y TRANSFERENCIAS,4893760.0,4893759.1899999995
2025,M,GOBIERNOS LOCALES, , , , ,300735,080704,MUNICIPALIDAD DISTRITAL DE COLQUEMARCA,08,CUSCO,07,CHUMBIVILCAS,04,COLQUEMARCA,0083,PROGRAMA NACIONAL DE SANEAMIENTO RURAL,2,PROYECTO,2488698,MEJORAMIENTO Y AMPLIACION DEL SERVICIO DE AGUA POTABLE Y SANEAMIENTO BASICO EN EL ANEXO DE CHOCCOYO DE LA COMUNIDAD IDIOPA - ÑAUPA JAPO - URINSAYA DEL DISTRITO DE COLQUEMARCA - PROVINCIA DE CHUMBIVILCAS - DEPARTAMENTO DE CUSCO,4000053,MEJORAMIENTO DEL SISTEMA DE AGUA POTABLE,08,CUSCO,13,DONACIONES Y TRANSFERENCIAS,7388481.0,7215966.28
2025,E,GOBIERNO NACIONAL,37,VIVIENDA CONSTRUCCION Y SANEAMIENTO,037,"MINISTERIO DE VIVIENDA, CONSTRUCCION Y SANEAMIENTO",1443,005,PROGRAMA NACIONAL DE SANEAMIENTO RURAL,15,LIMA,01,LIMA,22,MIRAFLORES,0083,PROGRAMA NACIONAL DE SANEAMIENTO RURAL,2,PROYECTO,2235611,"AMPLIACION Y MEJORAMIENTO DEL SERVICIO DE AGUA POTABLE E INSTALACION DEL SERVICIO DE SANEAMIENTO EN EL CENTRO POBLADO DE PAMPA HERMOSA, DISTRITO DE TROMPETEROS, PROVINCIA DE LORETO, REGION LORETO",6000016,GESTION Y ADMINISTRACION,16,LORETO,13,DONACIONES Y TRANSFERENCIAS,33400.0,16500.0
2025,E,GOBIERNO NACIONAL,11,SALUD,011,M. DE SALUD,1655,125,PROGRAMA NACIONAL DE INVERSIONES EN SALUD,15,LIMA,01,LIMA,31,SAN ISIDRO,9002,ASIGNACIONES PRESUPUESTARIAS QUE NO RESULTAN EN PRODUCTOS,2,PROYECTO,2469195,"MEJORAMIENTO Y AMPLIACION DE LOS SERVICIOS DE SALUD DEL ESTABLECIMIENTO DE SALUD NUEVO ANDOAS, DISTRITO DE ANDOAS - PROVINCIA DE DATEM DEL MARAÑON - DEPARTAMENTO DE LORETO",6000016,GESTION Y ADMINISTRACION,16,LORETO,13,DONACIONES Y TRANSFERENCIAS,12000.0,3734.78
2025,M,GOBIERNOS LOCALES, , , , ,300733,080702,MUNICIPALIDAD DISTRITAL DE CAPACMARCA,08,CUSCO,07,CHUMBIVILCAS,02,CAPACMARCA,0042,APROVECHAMIENTO DE LOS RECURSOS HIDRICOS PARA USO AGRARIO,2,PROYECTO,2405351,"CREACION DEL SERVICIO DE AGUA PARA RIEGO EN LOS SECTORES DE LAROBAMBA, PUMAPUJIO, MOLLECCACCA, MACHAYPUNCO, SAYHUA, COMUN ORETONAYOC, HUANCALLO Y LAMANTE DE LA COMUNIDAD DE TAHUAY DEL DISTRITO DE CAPACMARCA - PROVINCIA DE CHUMBIVILCAS - REGION CUSCO",4000109,AMPLIACION DE SISTEMA DE RIEGO,08,CUSCO,13,DONACIONES Y TRANSFERENCIAS,1465500.0,0.0
2025,E,GOBIERNO NACIONAL,37,VIVIENDA CONSTRUCCION Y SANEAMIENTO,037,"MINISTERIO DE VIVIENDA, CONSTRUCCION Y SANEAMIENTO",1443,005,PROGRAMA NACIONAL DE SANEAMIENTO RURAL,15,LIMA,01,LIMA,22,MIRAFLORES,0083,PROGRAMA NACIONAL DE SANEAMIENTO RURAL,2,PROYECTO,2332562,"MEJORAMIENTO Y AMPLIACION DEL SERVICIO DE AGUA POTABLE Y SANEAMIENTO EN LA CC.NN NUEVA JERUSALEN DISTRITO DE TROMPETEROS, PROVINCIA DE LORETO, REGION DE LORETO",6000039,EDUCACION SANITARIA Y GESTION DE LOS SERVICIOS DE SANEAMIENTO,16,LORETO,13,DONACIONES Y TRANSFERENCIAS,81594.0,30400.0
2025,E,GOBIERNO NACIONAL,37,VIVIENDA CONSTRUCCION Y SANEAMIENTO,037,"MINISTERIO DE VIVIENDA, CONSTRUCCION Y SANEAMIENTO",1443,005,PROGRAMA NACIONAL DE SANEAMIENTO RURAL,15,LIMA,01,LIMA,22,MIRAFLORES,0083,PROGRAMA NACIONAL DE SANEAMIENTO RURAL,2,PROYECTO,2307922,"AMPLIACION Y MEJORAMIENTO DEL SERVICIO DE AGUA POTABLE E INSTALACION DEL SANEAMIENTO DE LA LOCALIDAD DE LIBERTAD, DISTRITO DE TIGRE - LORETO - LORETO",6000002,SUPERVISION Y LIQUIDACION DE OBRAS,16,LORETO,13,DONACIONES Y TRANSFERENCIAS,146261.0,119794.2
2025,E,GOBIERNO NACIONAL,37,VIVIENDA CONSTRUCCION Y SANEAMIENTO,037,"MINISTERIO DE VIVIENDA, CONSTRUCCION Y SANEAMIENTO",1443,005,PROGRAMA NACIONAL DE SANEAMIENTO RURAL,15,LIMA,01,LIMA,22,MIRAFLORES,0083,PROGRAMA NACIONAL DE SANEAMIENTO RURAL,2,PROYECTO,2147748,GESTION DEL PROGRAMA Y OTROS - PROGRAMA DE AGUA POTABLE Y SANEAMIENTO PARA LA AMAZONIA RURAL,6000016,GESTION Y ADMINISTRACION,15,LIMA,13,DONACIONES Y TRANSFERENCIAS,16818.0,0.0
2025,M,GOBIERNOS LOCALES, , , , ,300733,080702,MUNICIPALIDAD DISTRITAL DE CAPACMARCA,08,CUSCO,07,CHUMBIVILCAS,02,CAPACMARCA,9002,ASIGNACIONES PRESUPUESTARIAS QUE NO RESULTAN EN PRODUCTOS,2,PROYECTO,2458938,CREACION DEL SERVICIO DE TRANSITABILIDAD PEATONAL Y VEHICULAR DE LA CALLE PRINCIPAL Y PLAZA CENTRAL DEL CP CANCAHUANI DEL DISTRITO DE CAPACMARCA - PROVINCIA DE CHUMBIVILCAS - DEPARTAMENTO DE CUSCO,4000079,MEJORAMIENTO DE CAMINO VECINAL,08,CUSCO,13,DONACIONES Y TRANSFERENCIAS,3011232.0,2812937.48
2025,M,GOBIERNOS LOCALES, , , , ,300732,080701,MUNICIPALIDAD PROVINCIAL DE CHUMBIVILCAS - SANTO TOMAS,08,CUSCO,07,CHUMBIVILCAS,01,SANTO TOMAS,0083,PROGRAMA NACIONAL DE SANEAMIENTO RURAL,2,PROYECTO,2472604,"MEJORAMIENTO Y AMPLIACION DE LOS SERVICIOS DE AGUA POTABLE Y SANEAMIENTO EN LOS ANEXOS INCUTA, PICUTANI Y CUATRO ESQUINAS DE LA CC URINSAYA PICUTANI, YAVINA Y CHILLIHUANI DEL DISTRITO DE SANTO TOMAS - PROVINCIA DE CHUMBIVILCAS - DEPARTAMENTO DE CUSCO",4000183,MEJORAMIENTO DEL SISTEMA DE AGUA POTABLE Y DISPOSICION SANITARIA DE EXCRETA,08,CUSCO,13,DONACIONES Y TRANSFERENCIAS,7420630.0,736693.15
2025,M,GOBIERNOS LOCALES, , , , ,300733,080702,MUNICIPALIDAD DISTRITAL DE CAPACMARCA,08,CUSCO,07,CHUMBIVILCAS,02,CAPACMARCA,9002,ASIGNACIONES PRESUPUESTARIAS QUE NO RESULTAN EN PRODUCTOS,2,PROYECTO,2608847,"MEJORAMIENTO Y AMPLIACION DEL SERVICIO DE PROVISION DE AGUA PARA RIEGO EN LOS SECTORES PAUCAPATA, PACOBAMBA, ALBERJAERA, HUERTAPAMPA, TINKAÑA, PAQAERA Y QARACHA DE LA COMUNIDAD CAMPESINA DE HUASCABAMBA DEL DISTRITO DE CAPACMARCA DE LA PROVINCIA DE CHUMBIVILCAS DEL DEPARTAMENTO DE CUSCO",6000001,EXPEDIENTE TECNICO,08,CUSCO,13,DONACIONES Y TRANSFERENCIAS,3587124.0,0.0
2025,M,GOBIERNOS LOCALES, , , , ,300738,080707,MUNICIPALIDAD DISTRITAL DE QUIÑOTA,08,CUSCO,07,CHUMBIVILCAS,07,QUINOTA,9002,ASIGNACIONES PRESUPUESTARIAS QUE NO RESULTAN EN PRODUCTOS,2,PROYECTO,2624278,MEJORAMIENTO DE LOS SERVICIOS OPERATIVOS O MISIONALES INSTITUCIONALES EN LA IMPLEMENTACION CON MAQUINARIA PESADA Y LIVIANA EN EL DISTRITO DE QUIÑOTA DE LA PROVINCIA DE CHUMBIVILCAS DEL DEPARTAMENTO DE CUSCO,4000160,MEJORAMIENTO DE INFRAESTRUCTURA ADMINISTRATIVA,08,CUSCO,13,DONACIONES Y TRANSFERENCIAS,4881951.0,3644672.78
2025,M,GOBIERNOS LOCALES, , , , ,301628,210306,MUNICIPALIDAD DISTRITAL DE CRUCERO,21,PUNO,03,CARABAYA,06,CRUCERO,0109,NUESTRAS CIUDADES,2,PROYECTO,2594541,CREACION DE LOS SERVICIOS PUBLICOS DE INTEGRACION ECONOMICA Y SOCIAL EN EL BARRIO JOSE DOMINGO CHOQUEHUANCA DE LA LOCALIDAD DE CRUCERO DEL DISTRITO DE CRUCERO DE LA PROVINCIA DE CARABAYA DEL DEPARTAMENTO DE PUNO,6000002,SUPERVISION Y LIQUIDACION DE OBRAS,21,PUNO,13,DONACIONES Y TRANSFERENCIAS,53472.0,48124.61
2025,M,GOBIERNOS LOCALES, , , , ,301628,210306,MUNICIPALIDAD DISTRITAL DE CRUCERO,21,PUNO,03,CARABAYA,06,CRUCERO,0109,NUESTRAS CIUDADES,2,PROYECTO,2594541,CREACION DE LOS SERVICIOS PUBLICOS DE INTEGRACION ECONOMICA Y SOCIAL EN EL BARRIO JOSE DOMINGO CHOQUEHUANCA DE LA LOCALIDAD DE CRUCERO DEL DISTRITO DE CRUCERO DE LA PROVINCIA DE CARABAYA DEL DEPARTAMENTO DE PUNO,4000187,CONSTRUCCION DE PARQUES,21,PUNO,13,DONACIONES Y TRANSFERENCIAS,460353.0,409551.19
2025,E,GOBIERNO NACIONAL,37,VIVIENDA CONSTRUCCION Y SANEAMIENTO,037,"MINISTERIO DE VIVIENDA, CONSTRUCCION Y SANEAMIENTO",1443,005,PROGRAMA NACIONAL DE SANEAMIENTO RURAL,15,LIMA,01,LIMA,22,MIRAFLORES,0083,PROGRAMA NACIONAL DE SANEAMIENTO RURAL,2,PROYECTO,2400905,"INSTALACION DEL SERVICIO DE AGUA POTABLE Y SANEAMIENTO EN EL CENTRO POBLADO DE 1 DE FEBRERO, DISTRITO DE NAUTA, PROVINCIA DE LORETO - LORETO",6000039,EDUCACION SANITARIA Y GESTION DE LOS SERVICIOS DE SANEAMIENTO,16,LORETO,13,DONACIONES Y TRANSFERENCIAS,24000.0,24000.0
2025,E,GOBIERNO NACIONAL,13,AGRARIO Y DE RIEGO,013,M. DE DESARROLLO AGRARIO Y RIEGO,1296,011,PROGRAMA DE DESARROLLO PRODUCTIVO AGRARIO RURAL - AGRORURAL,15,LIMA,01,LIMA,13,JESUS MARIA,0042,APROVECHAMIENTO DE LOS RECURSOS HIDRICOS PARA USO AGRARIO,2,PROYECTO,2316039,"MEJORAMIENTO DEL SERVICIO DE AGUA DEL SISTEMA DE RIEGO DE LA MICROCUENCA TACCACCA EN LAS COMUNIDADES DE HUAYHUAHUASI, OQUEBAMBA Y TOTORA ALTA, DISTRITO DE COPORAQUE, PROVINCIA DE ESPINAR, REGION CUSCO",4000120,MEJORAMIENTO DE LINEA DE CONDUCCION DE SISTEMAS DE RIEGO,08,CUSCO,13,DONACIONES Y TRANSFERENCIAS,424102.0,368108.77
2025,M,GOBIERNOS LOCALES, , , , ,300735,080704,MUNICIPALIDAD DISTRITAL DE COLQUEMARCA,08,CUSCO,07,CHUMBIVILCAS,04,COLQUEMARCA,0083,PROGRAMA NACIONAL DE SANEAMIENTO RURAL,2,PROYECTO,2300687,"MEJORAMIENTO Y AMPLIACION DEL SISTEMA DE SERVICIO DE AGUA POTABLE, LETRINAS SANITARIAS CON ARRASTRE HIDRAULICO Y BIODIGESTOR EN EL SECTORES DE HUACCOTO, HUALLUANI, TOROMANYA Y CANTUTA EN LA COMUNIDAD DE HUACCOTO DEL DISTRITO DE COLQUEMARCA, PROVINCIA DE CHUMBIVILCAS - CUSCO",4000053,MEJORAMIENTO DEL SISTEMA DE AGUA POTABLE,08,CUSCO,13,DONACIONES Y TRANSFERENCIAS,43184.0,37790.020000000004
2025,E,GOBIERNO NACIONAL,37,VIVIENDA CONSTRUCCION Y SANEAMIENTO,037,"MINISTERIO DE VIVIENDA, CONSTRUCCION Y SANEAMIENTO",1443,005,PROGRAMA NACIONAL DE SANEAMIENTO RURAL,15,LIMA,01,LIMA,22,MIRAFLORES,0083,PROGRAMA NACIONAL DE SANEAMIENTO RURAL,2,PROYECTO,2328455,"MEJORAMIENTO, AMPLIACION DEL SERVICIO DE AGUA POTABLE Y SANEAMIENTO EN LA COMUNIDAD NATIVA BOLOGNESI, DISTRITO DE ANDOAS, PROVINCIA DE DATEM DEL MARAÑON, REGION LORETO",6000016,GESTION Y ADMINISTRACION,16,LORETO,13,DONACIONES Y TRANSFERENCIAS,72821.0,69452.72
2025,E,GOBIERNO NACIONAL,37,VIVIENDA CONSTRUCCION Y SANEAMIENTO,037,"MINISTERIO DE VIVIENDA, CONSTRUCCION Y SANEAMIENTO",1443,005,PROGRAMA NACIONAL DE SANEAMIENTO RURAL,15,LIMA,01,LIMA,22,MIRAFLORES,0083,PROGRAMA NACIONAL DE SANEAMIENTO RURAL,2,PROYECTO,2275299,"MEJORAMIENTO Y AMPLIACION DEL SERVICIO DE AGUA POTABLE E INSTALACION DE SANEAMIENTO BASICO EN EL CENTRO POBLADO DE PALCA, DISTRITO DE OLLACHEA, DEPARTAMENTO DE PUNO",6000039,EDUCACION SANITARIA Y GESTION DE LOS SERVICIOS DE SANEAMIENTO,21,PUNO,13,DONACIONES Y TRANSFERENCIAS,40541.0,40540.5
2025,E,GOBIERNO NACIONAL,37,VIVIENDA CONSTRUCCION Y SANEAMIENTO,037,"MINISTERIO DE VIVIENDA, CONSTRUCCION Y SANEAMIENTO",1443,005,PROGRAMA NACIONAL DE SANEAMIENTO RURAL,15,LIMA,01,LIMA,22,MIRAFLORES,0083,PROGRAMA NACIONAL DE SANEAMIENTO RURAL,2,PROYECTO,2328479,"MEJORAMIENTO, AMPLIACION DEL SERVICIO DE AGUA POTABLE Y SANEAMIENTO EN LA COMUNIDAD NATIVA SABALOYACU, DISTRITO DE ANDOAS, PROVINCIA DEL DATEM DEL MARAÑON, REGION LORETO",4000181,"REHABILITACION, MEJORAMIENTO Y AMPLIACION DEL SISTEMA DE AGUA POTABLE Y DISPOSICION SANITARIA DE EXCRETA",16,LORETO,13,DONACIONES Y TRANSFERENCIAS,857599.0,0.0
2025,E,GOBIERNO NACIONAL,37,VIVIENDA CONSTRUCCION Y SANEAMIENTO,037,"MINISTERIO DE VIVIENDA, CONSTRUCCION Y SANEAMIENTO",1443,005,PROGRAMA NACIONAL DE SANEAMIENTO RURAL,15,LIMA,01,LIMA,22,MIRAFLORES,0083,PROGRAMA NACIONAL DE SANEAMIENTO RURAL,2,PROYECTO,2330634,"MEJORAMIENTO Y AMPLIACION DEL SERVICIO DE AGUA POTABLE Y SANEAMIENTO EN LA CC.NN SAN JUAN DE BARTRA DISTRITO DE EL TIGRE, PROVINCIA DE LORETO, REGION DE LORETO.",6000016,GESTION Y ADMINISTRACION,16,LORETO,13,DONACIONES Y TRANSFERENCIAS,45615.0,45540.0
2025,E,GOBIERNO NACIONAL,37,VIVIENDA CONSTRUCCION Y SANEAMIENTO,037,"MINISTERIO DE VIVIENDA, CONSTRUCCION Y SANEAMIENTO",1443,005,PROGRAMA NACIONAL DE SANEAMIENTO RURAL,15,LIMA,01,LIMA,22,MIRAFLORES,0083,PROGRAMA NACIONAL DE SANEAMIENTO RURAL,2,PROYECTO,2332562,"MEJORAMIENTO Y AMPLIACION DEL SERVICIO DE AGUA POTABLE Y SANEAMIENTO EN LA CC.NN NUEVA JERUSALEN DISTRITO DE TROMPETEROS, PROVINCIA DE LORETO, REGION DE LORETO",6000016,GESTION Y ADMINISTRACION,16,LORETO,13,DONACIONES Y TRANSFERENCIAS,4375.0,4375.0
2025,M,GOBIERNOS LOCALES, , , , ,301623,210301,MUNICIPALIDAD PROVINCIAL DE CARABAYA - MACUSANI,21,PUNO,03,CARABAYA,01,MACUSANI,9002,ASIGNACIONES PRESUPUESTARIAS QUE NO RESULTAN EN PRODUCTOS,2,PROYECTO,2675476,MEJORAMIENTO DE LOS SERVICIOS OPERATIVOS O MISIONALES INSTITUCIONALES EN LA DIVISION DE EQUIPO MECANICO DE LA MUNICIPALIDAD PROVINCIAL DE CARABAYA DISTRITO DE MACUSANI DE LA PROVINCIA DE CARABAYA DEL DEPARTAMENTO DE PUNO,6000045,ADQUISICION DE MAQUINARIA Y EQUIPOS,21,PUNO,13,DONACIONES Y TRANSFERENCIAS,5965536.0,0.0
2025,E,GOBIERNO NACIONAL,37,VIVIENDA CONSTRUCCION Y SANEAMIENTO,037,"MINISTERIO DE VIVIENDA, CONSTRUCCION Y SANEAMIENTO",1443,005,PROGRAMA NACIONAL DE SANEAMIENTO RURAL,15,LIMA,01,LIMA,22,MIRAFLORES,0083,PROGRAMA NACIONAL DE SANEAMIENTO RURAL,2,PROYECTO,2330643,"MEJORAMIENTO Y AMPLIACION DEL SERVICIO DE AGUA POTABLE Y SANEAMIENTO EN LA CC.NN MARSELLA DISTRITO DE EL TIGRE, PROVINCIA DE LORETO, REGION DE LORETO",6000039,EDUCACION SANITARIA Y GESTION DE LOS SERVICIOS DE SANEAMIENTO,16,LORETO,13,DONACIONES Y TRANSFERENCIAS,80000.0,0.0
2025,E,GOBIERNO NACIONAL,37,VIVIENDA CONSTRUCCION Y SANEAMIENTO,037,"MINISTERIO DE VIVIENDA, CONSTRUCCION Y SANEAMIENTO",1443,005,PROGRAMA NACIONAL DE SANEAMIENTO RURAL,15,LIMA,01,LIMA,22,MIRAFLORES,0083,PROGRAMA NACIONAL DE SANEAMIENTO RURAL,2,PROYECTO,2332507,"MEJORAMIENTO Y AMPLIACION DEL SERVICIO DE AGUA POTABLE Y SANEAMIENTO EN LA CC.NN BELEN DISTRITO DE TROMPETEROS, PROVINCIA DE LORETO, REGION DE LORETO.",6000016,GESTION Y ADMINISTRACION,16,LORETO,13,DONACIONES Y TRANSFERENCIAS,50000.0,0.0
2025,M,GOBIERNOS LOCALES, , , , ,300735,080704,MUNICIPALIDAD DISTRITAL DE COLQUEMARCA,08,CUSCO,07,CHUMBIVILCAS,04,COLQUEMARCA,0083,PROGRAMA NACIONAL DE SANEAMIENTO RURAL,2,PROYECTO,2488698,MEJORAMIENTO Y AMPLIACION DEL SERVICIO DE AGUA POTABLE Y SANEAMIENTO BASICO EN EL ANEXO DE CHOCCOYO DE LA COMUNIDAD IDIOPA - ÑAUPA JAPO - URINSAYA DEL DISTRITO DE COLQUEMARCA - PROVINCIA DE CHUMBIVILCAS - DEPARTAMENTO DE CUSCO,6000002,SUPERVISION Y LIQUIDACION DE OBRAS,08,CUSCO,13,DONACIONES Y TRANSFERENCIAS,272501.0,221239.5
2025,E,GOBIERNO NACIONAL,37,VIVIENDA CONSTRUCCION Y SANEAMIENTO,037,"MINISTERIO DE VIVIENDA, CONSTRUCCION Y SANEAMIENTO",1443,005,PROGRAMA NACIONAL DE SANEAMIENTO RURAL,15,LIMA,01,LIMA,22,MIRAFLORES,0083,PROGRAMA NACIONAL DE SANEAMIENTO RURAL,2,PROYECTO,2330643,"MEJORAMIENTO Y AMPLIACION DEL SERVICIO DE AGUA POTABLE Y SANEAMIENTO EN LA CC.NN MARSELLA DISTRITO DE EL TIGRE, PROVINCIA DE LORETO, REGION DE LORETO",6000002,SUPERVISION Y LIQUIDACION DE OBRAS,16,LORETO,13,DONACIONES Y TRANSFERENCIAS,108766.0,0.0
2025,M,GOBIERNOS LOCALES, , , , ,300735,080704,MUNICIPALIDAD DISTRITAL DE COLQUEMARCA,08,CUSCO,07,CHUMBIVILCAS,04,COLQUEMARCA,0083,PROGRAMA NACIONAL DE SANEAMIENTO RURAL,2,PROYECTO,2466167,MEJORAMIENTO Y AMPLIACION DEL SISTEMA DE SANEAMIENTO BASICO INTEGRAL EN EL ANEXO DE PARCCOBAMBA DE LA C.C DE YANQUE DEL DISTRITO DE COLQUEMARCA - PROVINCIA DE CHUMBIVILCAS - DEPARTAMENTO DE CUSCO,4000053,MEJORAMIENTO DEL SISTEMA DE AGUA POTABLE,08,CUSCO,13,DONACIONES Y TRANSFERENCIAS,2603177.0,2590909.01
2025,M,GOBIERNOS LOCALES, , , , ,300734,080703,MUNICIPALIDAD DISTRITAL DE CHAMACA,08,CUSCO,07,CHUMBIVILCAS,03,CHAMACA,0083,PROGRAMA NACIONAL DE SANEAMIENTO RURAL,2,PROYECTO,2387789,"MEJORAMIENTO Y AMPLIACION DEL SISTEMA DE SANEAMIENTO BASICO INTEGRAL EN LAS COMUNIDADES DE QACCHO LIMAMAYO Y QUELLOMARCA, DEL DISTRITO DE CHAMACA - PROVINCIA DE CHUMBIVILCAS - DEPARTAMENTO DE CUSCO",4000055,MEJORAMIENTO DEL SISTEMA DE DISPOSICION SANITARIA DE EXCRETAS,08,CUSCO,13,DONACIONES Y TRANSFERENCIAS,305825.0,305824.45
2025,M,GOBIERNOS LOCALES, , , , ,300738,080707,MUNICIPALIDAD DISTRITAL DE QUIÑOTA,08,CUSCO,07,CHUMBIVILCAS,07,QUINOTA,0090,LOGROS DE APRENDIZAJE DE ESTUDIANTES DE LA EDUCACION BASICA REGULAR,2,PROYECTO,2484007,MEJORAMIENTO DEL SERVICIO EDUCATIVO DE LA INSTITUCION EDUCATIVA DE NIVEL PRIMARIO 501447 YAWARMAYO DEL DISTRITO DE QUIÑOTA - PROVINCIA DE CHUMBIVILCAS - DEPARTAMENTO DE CUSCO,4000036,MEJORAMIENTO DE INFRAESTRUCTURA DE EDUCACION PRIMARIA,08,CUSCO,13,DONACIONES Y TRANSFERENCIAS,190000.0,38000.0
2025,E,GOBIERNO NACIONAL,37,VIVIENDA CONSTRUCCION Y SANEAMIENTO,037,"MINISTERIO DE VIVIENDA, CONSTRUCCION Y SANEAMIENTO",1443,005,PROGRAMA NACIONAL DE SANEAMIENTO RURAL,15,LIMA,01,LIMA,22,MIRAFLORES,0083,PROGRAMA NACIONAL DE SANEAMIENTO RURAL,2,PROYECTO,2307922,"AMPLIACION Y MEJORAMIENTO DEL SERVICIO DE AGUA POTABLE E INSTALACION DEL SANEAMIENTO DE LA LOCALIDAD DE LIBERTAD, DISTRITO DE TIGRE - LORETO - LORETO",6000016,GESTION Y ADMINISTRACION,16,LORETO,13,DONACIONES Y TRANSFERENCIAS,102155.0,99043.0
2025,E,GOBIERNO NACIONAL,37,VIVIENDA CONSTRUCCION Y SANEAMIENTO,037,"MINISTERIO DE VIVIENDA, CONSTRUCCION Y SANEAMIENTO",1443,005,PROGRAMA NACIONAL DE SANEAMIENTO RURAL,15,LIMA,01,LIMA,22,MIRAFLORES,0083,PROGRAMA NACIONAL DE SANEAMIENTO RURAL,2,PROYECTO,2400913,"INSTALACION DEL SERVICIO DE AGUA POTABLE Y SANEAMIENTO EN LA COMUNIDAD NATIVA DE MIGUEL GRAU, DISTRITO DE NAUTA, PROVINCIA DE LORETO - LORETO",4000182,CONSTRUCCION DEL SISTEMA DE AGUA POTABLE Y DISPOSICION SANITARIA DE EXCRETA,16,LORETO,13,DONACIONES Y TRANSFERENCIAS,54840.0,54839.4
2025,E,GOBIERNO NACIONAL,37,VIVIENDA CONSTRUCCION Y SANEAMIENTO,037,"MINISTERIO DE VIVIENDA, CONSTRUCCION Y SANEAMIENTO",1443,005,PROGRAMA NACIONAL DE SANEAMIENTO RURAL,15,LIMA,01,LIMA,22,MIRAFLORES,0083,PROGRAMA NACIONAL DE SANEAMIENTO RURAL,2,PROYECTO,2484744,"MEJORAMIENTO Y AMPLIACION DEL SISTEMA DE AGUA POTABLE Y SANEAMIENTO EN LOSSECTORES DE TANDARCOCHA, MOLLEBAMBA, AYLLUPACHICTE, CARHUACALLA, PUMATAMBO,CCOYPA, AYUSBAMBA, HUILLKAQUI, CCOLQUEUCRO, MISKABAMBA, HUAROBAMBA, PIRCCA,NAYHUA, URBIS Y KARUSPAMPA DEL DISTRITO DE PACCARITAMBO - PROVINCIA DE PARURO - DEPARTAMENTO DE CUSCO",6000001,EXPEDIENTE TECNICO,08,CUSCO,13,DONACIONES Y TRANSFERENCIAS,154054.0,139053.8
2025,E,GOBIERNO NACIONAL,37,VIVIENDA CONSTRUCCION Y SANEAMIENTO,037,"MINISTERIO DE VIVIENDA, CONSTRUCCION Y SANEAMIENTO",1443,005,PROGRAMA NACIONAL DE SANEAMIENTO RURAL,15,LIMA,01,LIMA,22,MIRAFLORES,0083,PROGRAMA NACIONAL DE SANEAMIENTO RURAL,2,PROYECTO,2328455,"MEJORAMIENTO, AMPLIACION DEL SERVICIO DE AGUA POTABLE Y SANEAMIENTO EN LA COMUNIDAD NATIVA BOLOGNESI, DISTRITO DE ANDOAS, PROVINCIA DE DATEM DEL MARAÑON, REGION LORETO",4000181,"REHABILITACION, MEJORAMIENTO Y AMPLIACION DEL SISTEMA DE AGUA POTABLE Y DISPOSICION SANITARIA DE EXCRETA",16,LORETO,13,DONACIONES Y TRANSFERENCIAS,0.0,0.0
2025,M,GOBIERNOS LOCALES, , , , ,300307,030505,MUNICIPALIDAD DISTRITAL DE MARA,03,APURIMAC,05,COTABAMBA,05,MARA,0083,PROGRAMA NACIONAL DE SANEAMIENTO RURAL,2,PROYECTO,2517726,MEJORAMIENTO Y AMPLIACION DEL SISTEMA DE AGUA Y SANEAMIENTO BASICO DEL CENTRO POBLADO DE ARCOSPAMPA DEL DISTRITO DE MARA - PROVINCIA DE COTABAMBAS - DEPARTAMENTO DE APURIMAC,4000053,MEJORAMIENTO DEL SISTEMA DE AGUA POTABLE,03,APURIMAC,13,DONACIONES Y TRANSFERENCIAS,1671519.0,0.0
2025,E,GOBIERNO NACIONAL,11,SALUD,011,M. DE SALUD,1655,125,PROGRAMA NACIONAL DE INVERSIONES EN SALUD,15,LIMA,01,LIMA,31,SAN ISIDRO,9002,ASIGNACIONES PRESUPUESTARIAS QUE NO RESULTAN EN PRODUCTOS,2,PROYECTO,2469195,"MEJORAMIENTO Y AMPLIACION DE LOS SERVICIOS DE SALUD DEL ESTABLECIMIENTO DE SALUD NUEVO ANDOAS, DISTRITO DE ANDOAS - PROVINCIA DE DATEM DEL MARAÑON - DEPARTAMENTO DE LORETO",4000014,MEJORAMIENTO DE CENTROS DE SALUD,16,LORETO,13,DONACIONES Y TRANSFERENCIAS,8578203.0,6724367.880000001
2025,E,GOBIERNO NACIONAL,37,VIVIENDA CONSTRUCCION Y SANEAMIENTO,037,"MINISTERIO DE VIVIENDA, CONSTRUCCION Y SANEAMIENTO",1443,005,PROGRAMA NACIONAL DE SANEAMIENTO RURAL,15,LIMA,01,LIMA,22,MIRAFLORES,0083,PROGRAMA NACIONAL DE SANEAMIENTO RURAL,2,PROYECTO,2307922,"AMPLIACION Y MEJORAMIENTO DEL SERVICIO DE AGUA POTABLE E INSTALACION DEL SANEAMIENTO DE LA LOCALIDAD DE LIBERTAD, DISTRITO DE TIGRE - LORETO - LORETO",4000181,"REHABILITACION, MEJORAMIENTO Y AMPLIACION DEL SISTEMA DE AGUA POTABLE Y DISPOSICION SANITARIA DE EXCRETA",16,LORETO,13,DONACIONES Y TRANSFERENCIAS,1733803.0,1695745.56
2025,E,GOBIERNO NACIONAL,37,VIVIENDA CONSTRUCCION Y SANEAMIENTO,037,"MINISTERIO DE VIVIENDA, CONSTRUCCION Y SANEAMIENTO",1443,005,PROGRAMA NACIONAL DE SANEAMIENTO RURAL,15,LIMA,01,LIMA,22,MIRAFLORES,0083,PROGRAMA NACIONAL DE SANEAMIENTO RURAL,2,PROYECTO,2400902,"INSTALACION DEL SERVICIO DE AGUA POTABLE Y SANEAMIENTO EN LA COMUNIDAD NATIVA DE 1 DE MAYO, DISTRITO DE NAUTA, PROVINCIA DE LORETO - LORETO",6000039,EDUCACION SANITARIA Y GESTION DE LOS SERVICIOS DE SANEAMIENTO,16,LORETO,13,DONACIONES Y TRANSFERENCIAS,2766.0,2766.0
2025,E,GOBIERNO NACIONAL,37,VIVIENDA CONSTRUCCION Y SANEAMIENTO,037,"MINISTERIO DE VIVIENDA, CONSTRUCCION Y SANEAMIENTO",1443,005,PROGRAMA NACIONAL DE SANEAMIENTO RURAL,15,LIMA,01,LIMA,22,MIRAFLORES,0083,PROGRAMA NACIONAL DE SANEAMIENTO RURAL,2,PROYECTO,2328454,"MEJORAMIENTO, AMPLIACION DEL SERVICIO DE AGUA POTABLE Y SANEAMIENTO EN LA COMUNIDAD NATIVA PUERTO ALEGRE, DISTRITO DE ANDOAS, PROVINCIA DEL DATEM DEL MARAÑON, REGION LORETO",6000016,GESTION Y ADMINISTRACION,16,LORETO,13,DONACIONES Y TRANSFERENCIAS,113913.0,73313.0
2025,M,GOBIERNOS LOCALES, , , , ,300738,080707,MUNICIPALIDAD DISTRITAL DE QUIÑOTA,08,CUSCO,07,CHUMBIVILCAS,07,QUINOTA,0148,"REDUCCION DEL TIEMPO, INSEGURIDAD Y COSTO AMBIENTAL EN EL TRANSPORTE URBANO",2,PROYECTO,2470978,CREACION DE LA INFRAESTRUCTURA VIAL DEL BARRIO URINSAYA DE LA LOCALIDAD DE QUIÑOTA DEL DISTRITO DE QUIÑOTA - PROVINCIA DE CHUMBIVILCAS - DEPARTAMENTO DE CUSCO,6000039,EDUCACION SANITARIA Y GESTION DE LOS SERVICIOS DE SANEAMIENTO,08,CUSCO,13,DONACIONES Y TRANSFERENCIAS,3996527.0,0.0
2025,M,GOBIERNOS LOCALES, , , , ,300736,080705,MUNICIPALIDAD DISTRITAL DE LIVITACA,08,CUSCO,07,CHUMBIVILCAS,05,LIVITACA,0090,LOGROS DE APRENDIZAJE DE ESTUDIANTES DE LA EDUCACION BASICA REGULAR,2,PROYECTO,2466388,MEJORAMIENTO Y AMPLIACION DE SERVICIO EDUCATIVO DEL NIVEL INICIAL Y PRIMARIO DE LA I.E 56286 - KISIO DE LA COMUNIDAD CAMPESINA DE HUANACO DISTRITO DE LIVITACA - PROVINCIA DE CHUMBIVILCAS - DEPARTAMENTO DE CUSCO,6000001,EXPEDIENTE TECNICO,08,CUSCO,13,DONACIONES Y TRANSFERENCIAS,54439.0,0.0
2025,E,GOBIERNO NACIONAL,37,VIVIENDA CONSTRUCCION Y SANEAMIENTO,037,"MINISTERIO DE VIVIENDA, CONSTRUCCION Y SANEAMIENTO",1443,005,PROGRAMA NACIONAL DE SANEAMIENTO RURAL,15,LIMA,01,LIMA,22,MIRAFLORES,0083,PROGRAMA NACIONAL DE SANEAMIENTO RURAL,2,PROYECTO,2275299,"MEJORAMIENTO Y AMPLIACION DEL SERVICIO DE AGUA POTABLE E INSTALACION DE SANEAMIENTO BASICO EN EL CENTRO POBLADO DE PALCA, DISTRITO DE OLLACHEA, DEPARTAMENTO DE PUNO",6000016,GESTION Y ADMINISTRACION,21,PUNO,13,DONACIONES Y TRANSFERENCIAS,38861.0,19259.68
2025,M,GOBIERNOS LOCALES, , , , ,301628,210306,MUNICIPALIDAD DISTRITAL DE CRUCERO,21,PUNO,03,CARABAYA,06,CRUCERO,0148,"REDUCCION DEL TIEMPO, INSEGURIDAD Y COSTO AMBIENTAL EN EL TRANSPORTE URBANO",2,PROYECTO,2597952,MEJORAMIENTO DEL SERVICIO DE MOVILIDAD URBANA EN LA LOCALIDAD DE CRUCERO DEL DISTRITO DE CRUCERO DE LA PROVINCIA DE CARABAYA DEL DEPARTAMENTO DE PUNO,6000002,SUPERVISION Y LIQUIDACION DE OBRAS,21,PUNO,13,DONACIONES Y TRANSFERENCIAS,491523.0,348346.0
2025,E,GOBIERNO NACIONAL,37,VIVIENDA CONSTRUCCION Y SANEAMIENTO,037,"MINISTERIO DE VIVIENDA, CONSTRUCCION Y SANEAMIENTO",1443,005,PROGRAMA NACIONAL DE SANEAMIENTO RURAL,15,LIMA,01,LIMA,22,MIRAFLORES,0083,PROGRAMA NACIONAL DE SANEAMIENTO RURAL,2,PROYECTO,2330643,"MEJORAMIENTO Y AMPLIACION DEL SERVICIO DE AGUA POTABLE Y SANEAMIENTO EN LA CC.NN MARSELLA DISTRITO DE EL TIGRE, PROVINCIA DE LORETO, REGION DE LORETO",4000181,"REHABILITACION, MEJORAMIENTO Y AMPLIACION DEL SISTEMA DE AGUA POTABLE Y DISPOSICION SANITARIA DE EXCRETA",16,LORETO,13,DONACIONES Y TRANSFERENCIAS,2388358.0,0.0
2025,M,GOBIERNOS LOCALES, , , , ,300732,080701,MUNICIPALIDAD PROVINCIAL DE CHUMBIVILCAS - SANTO TOMAS,08,CUSCO,07,CHUMBIVILCAS,01,SANTO TOMAS,0138,"REDUCCION DEL COSTO, TIEMPO E INSEGURIDAD EN EL SISTEMA DE TRANSPORTE",2,PROYECTO,2505058,"MEJORAMIENTO Y AMPLIACION DEL CAMINO VECINAL DEL KM 0+000 AL 17+200 ENTRE CC QUILCATA Y CC ANTUYO CONDES, KM 17+200 AL 30+200 ENTRE SECTOR CCARAPAMPA Y SECTOR MUYUCCOCHA, KM 30+200 AL 36+915.43 DE LA CC CANGALLE EN LOS DISTRITOS DE SANTO TOMAS, VELILLE Y CHAMACA DE LA PROVINCIA DE CHUMBIVILCAS - DEPARTAMENTO DE CUSCO",6000001,EXPEDIENTE TECNICO,08,CUSCO,13,DONACIONES Y TRANSFERENCIAS,6820.0,0.0
2025,M,GOBIERNOS LOCALES, , , , ,300417,040603,MUNICIPALIDAD DISTRITAL DE CAYARANI,04,AREQUIPA,06,CONDESUYOS,03,CAYARANI,0042,APROVECHAMIENTO DE LOS RECURSOS HIDRICOS PARA USO AGRARIO,2,PROYECTO,2672845,"MEJORAMIENTO DEL SERVICIO DE PROVISION DE AGUA PARA RIEGO EN EL SECTOR CCOCHAPATA DE LA COMUNIDAD DE CHALLA, DISTRITO DE CAYARANI DE LA PROVINCIA DE CONDESUYOS DEL DEPARTAMENTO DE AREQUIPA",4000120,MEJORAMIENTO DE LINEA DE CONDUCCION DE SISTEMAS DE RIEGO,04,AREQUIPA,13,DONACIONES Y TRANSFERENCIAS,2708242.0,0.0
2025,E,GOBIERNO NACIONAL,37,VIVIENDA CONSTRUCCION Y SANEAMIENTO,037,"MINISTERIO DE VIVIENDA, CONSTRUCCION Y SANEAMIENTO",1443,005,PROGRAMA NACIONAL DE SANEAMIENTO RURAL,15,LIMA,01,LIMA,22,MIRAFLORES,0083,PROGRAMA NACIONAL DE SANEAMIENTO RURAL,2,PROYECTO,2328479,"MEJORAMIENTO, AMPLIACION DEL SERVICIO DE AGUA POTABLE Y SANEAMIENTO EN LA COMUNIDAD NATIVA SABALOYACU, DISTRITO DE ANDOAS, PROVINCIA DEL DATEM DEL MARAÑON, REGION LORETO",6000039,EDUCACION SANITARIA Y GESTION DE LOS SERVICIOS DE SANEAMIENTO,16,LORETO,13,DONACIONES Y TRANSFERENCIAS,65270.0,0.0
2025,M,GOBIERNOS LOCALES, , , , ,300733,080702,MUNICIPALIDAD DISTRITAL DE CAPACMARCA,08,CUSCO,07,CHUMBIVILCAS,02,CAPACMARCA,9002,ASIGNACIONES PRESUPUESTARIAS QUE NO RESULTAN EN PRODUCTOS,2,PROYECTO,2490025,CREACION DE LOS SERVICIOS RECREATIVOS EN LA PLAZA PRINCIPAL DEL CENTRO POBLADO DE CANCAHUANI DISTRITO DE CAPACMARCA - PROVINCIA DE CHUMBIVILCAS - DEPARTAMENTO DE CUSCO,4000084,MEJORAMIENTO DE VIA LOCAL,08,CUSCO,13,DONACIONES Y TRANSFERENCIAS,1130749.0,1063406.99
2025,M,GOBIERNOS LOCALES, , , , ,300736,080705,MUNICIPALIDAD DISTRITAL DE LIVITACA,08,CUSCO,07,CHUMBIVILCAS,05,LIVITACA,0148,"REDUCCION DEL TIEMPO, INSEGURIDAD Y COSTO AMBIENTAL EN EL TRANSPORTE URBANO",2,PROYECTO,2472854,"MEJORAMIENTO Y AMPLIACION DEL SERVICIO DE TRANSITABILIDAD VEHICULAR Y PEATONAL DE LAS AVENIDAS Y CALLES DEL BARRIO HERRERIA, DE LA A.P.V. HUERTO CCOLLANA DISTRITO DE LIVITACA - PROVINCIA DE CHUMBIVILCAS - DEPARTAMENTO DE CUSCO",4000075,CONSTRUCCION DE VIA LOCAL,08,CUSCO,13,DONACIONES Y TRANSFERENCIAS,4448676.0,3721819.1399999997
2025,M,GOBIERNOS LOCALES, , , , ,301623,210301,MUNICIPALIDAD PROVINCIAL DE CARABAYA - MACUSANI,21,PUNO,03,CARABAYA,01,MACUSANI,0146,ACCESO DE LAS FAMILIAS A VIVIENDA Y ENTORNO URBANO ADECUADO,2,PROYECTO,2591091,CREACION DE LOS SERVICIOS PUBLICOS DE INTEGRACION ECONOMICA Y SOCIAL EN LOSA DEPORTIVA MULTIUSOS DEL BARRIO TUPAC AMARU DISTRITO DE MACUSANI DE LA PROVINCIA DE CARABAYA DEL DEPARTAMENTO DE PUNO,4000129,INSTALACION DE INFRAESTRUCTURA DEPORTIVA,21,PUNO,13,DONACIONES Y TRANSFERENCIAS,725933.0,713594.75
2025,M,GOBIERNOS LOCALES, , , , ,301628,210306,MUNICIPALIDAD DISTRITAL DE CRUCERO,21,PUNO,03,CARABAYA,06,CRUCERO,0148,"REDUCCION DEL TIEMPO, INSEGURIDAD Y COSTO AMBIENTAL EN EL TRANSPORTE URBANO",2,PROYECTO,2597952,MEJORAMIENTO DEL SERVICIO DE MOVILIDAD URBANA EN LA LOCALIDAD DE CRUCERO DEL DISTRITO DE CRUCERO DE LA PROVINCIA DE CARABAYA DEL DEPARTAMENTO DE PUNO,6000053,CONTROL CONCURRENTE,21,PUNO,13,DONACIONES Y TRANSFERENCIAS,160143.0,0.0
2025,E,GOBIERNO NACIONAL,11,SALUD,011,M. DE SALUD,1655,125,PROGRAMA NACIONAL DE INVERSIONES EN SALUD,15,LIMA,01,LIMA,31,SAN ISIDRO,9002,ASIGNACIONES PRESUPUESTARIAS QUE NO RESULTAN EN PRODUCTOS,2,PROYECTO,2521713,CREACION DE LOS SERVICIOS DE SALUD BASICOS EN LA COMUNIDAD NATIVA NUEVA ALIANZA DEL DISTRITO DE URARINAS - PROVINCIA DE LORETO - DEPARTAMENTO DE LORETO,6000002,SUPERVISION Y LIQUIDACION DE OBRAS,16,LORETO,13,DONACIONES Y TRANSFERENCIAS,24838.0,24837.83
2025,E,GOBIERNO NACIONAL,37,VIVIENDA CONSTRUCCION Y SANEAMIENTO,037,"MINISTERIO DE VIVIENDA, CONSTRUCCION Y SANEAMIENTO",1443,005,PROGRAMA NACIONAL DE SANEAMIENTO RURAL,15,LIMA,01,LIMA,22,MIRAFLORES,0083,PROGRAMA NACIONAL DE SANEAMIENTO RURAL,2,PROYECTO,2307922,"AMPLIACION Y MEJORAMIENTO DEL SERVICIO DE AGUA POTABLE E INSTALACION DEL SANEAMIENTO DE LA LOCALIDAD DE LIBERTAD, DISTRITO DE TIGRE - LORETO - LORETO",6000039,EDUCACION SANITARIA Y GESTION DE LOS SERVICIOS DE SANEAMIENTO,16,LORETO,13,DONACIONES Y TRANSFERENCIAS,51765.0,51304.0
2025,E,GOBIERNO NACIONAL,37,VIVIENDA CONSTRUCCION Y SANEAMIENTO,037,"MINISTERIO DE VIVIENDA, CONSTRUCCION Y SANEAMIENTO",1443,005,PROGRAMA NACIONAL DE SANEAMIENTO RURAL,15,LIMA,01,LIMA,22,MIRAFLORES,0083,PROGRAMA NACIONAL DE SANEAMIENTO RURAL,2,PROYECTO,2330643,"MEJORAMIENTO Y AMPLIACION DEL SERVICIO DE AGUA POTABLE Y SANEAMIENTO EN LA CC.NN MARSELLA DISTRITO DE EL TIGRE, PROVINCIA DE LORETO, REGION DE LORETO",6000016,GESTION Y ADMINISTRACION,16,LORETO,13,DONACIONES Y TRANSFERENCIAS,60000.0,0.0
2025,M,GOBIERNOS LOCALES, , , , ,300739,080708,MUNICIPALIDAD DISTRITAL DE VELILLE,08,CUSCO,07,CHUMBIVILCAS,08,VELILLE,0083,PROGRAMA NACIONAL DE SANEAMIENTO RURAL,2,PROYECTO,2467058,MEJORAMIENTO Y AMPLIACION DE LOS SERVICIOS DE AGUA POTABLE Y SANEAMIENTO EN LA COMUNIDAD DE CASA BLANCA DEL DISTRITO DE VELILLE - PROVINCIA DE CHUMBIVILCAS - DEPARTAMENTO DE CUSCO,4000053,MEJORAMIENTO DEL SISTEMA DE AGUA POTABLE,08,CUSCO,13,DONACIONES Y TRANSFERENCIAS,220029.0,220028.28
2025,M,GOBIERNOS LOCALES, , , , ,301842,160706,MUNICIPALIDAD DISTRITAL DE ANDOAS,16,LORETO,07,DATEM DEL MARAÑON,06,ANDOAS,0083,PROGRAMA NACIONAL DE SANEAMIENTO RURAL,2,PROYECTO,2462559,CREACION DEL SISTEMA DE AGUA POTABLE Y DESAGUE DE LA COMUNIDAD NATIVA LOBOYACU DEL DISTRITO DE ANDOAS - PROVINCIA DE DATEM DEL MARAÑON - DEPARTAMENTO DE LORETO,4000041,INSTALACION DE SISTEMA DE AGUA POTABLE,16,LORETO,13,DONACIONES Y TRANSFERENCIAS,110662.0,110660.84
2025,M,GOBIERNOS LOCALES, , , , ,300737,080706,MUNICIPALIDAD DISTRITAL DE LLUSCO,08,CUSCO,07,CHUMBIVILCAS,06,LLUSCO,0042,APROVECHAMIENTO DE LOS RECURSOS HIDRICOS PARA USO AGRARIO,2,PROYECTO,2500128,MEJORAMIENTO DEL SERVICIO DE AGUA PARA RIEGO DEL SISTEMA DE RIEGO LLOCCAMARCA EN LA COMUNIDAD DE LUTTO KUTUTO DEL DISTRITO DE LLUSCO - PROVINCIA DE CHUMBIVILCAS - DEPARTAMENTO DE CUSCO,4000109,AMPLIACION DE SISTEMA DE RIEGO,08,CUSCO,13,DONACIONES Y TRANSFERENCIAS,2437411.0,0.0
2025,M,GOBIERNOS LOCALES, , , , ,300735,080704,MUNICIPALIDAD DISTRITAL DE COLQUEMARCA,08,CUSCO,07,CHUMBIVILCAS,04,COLQUEMARCA,0042,APROVECHAMIENTO DE LOS RECURSOS HIDRICOS PARA USO AGRARIO,2,PROYECTO,2490542,MEJORAMIENTO DEL SERVICIO DE AGUA PARA RIEGO EN EL SECTOR PARCCOBAMBA DE LA COMUNIDAD YANQUE PARCCOBAMBA LACCA LACCA DEL DISTRITO DE COLQUEMARCA - PROVINCIA DE CHUMBIVILCAS - DEPARTAMENTO DE CUSCO,4000121,MEJORAMIENTO DE LINEA DE DISTRIBUCION DE SISTEMAS DE RIEGO,08,CUSCO,13,DONACIONES Y TRANSFERENCIAS,1679848.0,0.0
2025,M,GOBIERNOS LOCALES, , , , ,300736,080705,MUNICIPALIDAD DISTRITAL DE LIVITACA,08,CUSCO,07,CHUMBIVILCAS,05,LIVITACA,0090,LOGROS DE APRENDIZAJE DE ESTUDIANTES DE LA EDUCACION BASICA REGULAR,2,PROYECTO,2300940,"MEJORAMIENTO Y AMPLIACION DEL SERVICIO DE EDUCACION DE NIVEL SECUNDARIO DE LA I.E. N 56289 RICARDO PALMA EN EL SECTOR QUECHAPAMPA DE LA COMUNIDAD CAMPESINA HUANACO, DISTRITO DE LIVITACA - CHUMBIVILCAS - CUSCO",4000037,MEJORAMIENTO DE INFRAESTRUCTURA DE EDUCACION SECUNDARIA,08,CUSCO,13,DONACIONES Y TRANSFERENCIAS,48097.0,0.0
2025,E,GOBIERNO NACIONAL,37,VIVIENDA CONSTRUCCION Y SANEAMIENTO,037,"MINISTERIO DE VIVIENDA, CONSTRUCCION Y SANEAMIENTO",1443,005,PROGRAMA NACIONAL DE SANEAMIENTO RURAL,15,LIMA,01,LIMA,22,MIRAFLORES,0083,PROGRAMA NACIONAL DE SANEAMIENTO RURAL,2,PROYECTO,2328479,"MEJORAMIENTO, AMPLIACION DEL SERVICIO DE AGUA POTABLE Y SANEAMIENTO EN LA COMUNIDAD NATIVA SABALOYACU, DISTRITO DE ANDOAS, PROVINCIA DEL DATEM DEL MARAÑON, REGION LORETO",6000002,SUPERVISION Y LIQUIDACION DE OBRAS,16,LORETO,13,DONACIONES Y TRANSFERENCIAS,27743.0,7221.7
2025,M,GOBIERNOS LOCALES, , , , ,300733,080702,MUNICIPALIDAD DISTRITAL DE CAPACMARCA,08,CUSCO,07,CHUMBIVILCAS,02,CAPACMARCA,0090,LOGROS DE APRENDIZAJE DE ESTUDIANTES DE LA EDUCACION BASICA REGULAR,2,PROYECTO,2225770,"MEJORAMIENTO Y AMPLIACION DE LA I.E. LAS AMERICAS DEL NIVEL SECUNDARIO ANEXO TAKINA, DISTRITO DE CAPACMARCA - CHUMBIVILCAS - CUSCO",4000019,INSTALACION DE INFRAESTRUCTURA DE EDUCACION SECUNDARIA,08,CUSCO,13,DONACIONES Y TRANSFERENCIAS,428531.0,422504.85
2025,M,GOBIERNOS LOCALES, , , , ,300736,080705,MUNICIPALIDAD DISTRITAL DE LIVITACA,08,CUSCO,07,CHUMBIVILCAS,05,LIVITACA,0083,PROGRAMA NACIONAL DE SANEAMIENTO RURAL,2,PROYECTO,2512020,"MEJORAMIENTO Y AMPLIACION DEL SERVICIO DE AGUA POTABLE Y SANEAMIENTO BASICO EN EL SECTOR DE AUSANTA DE LA COMUNIDAD DE AUCHO, DISTRITO DE LIVITACA - PROVINCIA DE CHUMBIVILCAS - DEPARTAMENTO DE CUSCO",4000183,MEJORAMIENTO DEL SISTEMA DE AGUA POTABLE Y DISPOSICION SANITARIA DE EXCRETA,08,CUSCO,13,DONACIONES Y TRANSFERENCIAS,1610585.0,1217984.3599999999
2025,M,GOBIERNOS LOCALES, , , , ,300732,080701,MUNICIPALIDAD PROVINCIAL DE CHUMBIVILCAS - SANTO TOMAS,08,CUSCO,07,CHUMBIVILCAS,01,SANTO TOMAS,0083,PROGRAMA NACIONAL DE SANEAMIENTO RURAL,2,PROYECTO,2290579,"MEJORAMIENTO Y AMPLIACION DEL SISTEMA DE AGUA POTABLE E INSTALACION DE UNIDADES BASICAS SANITARIAS EN EL ANEXO ARMIRI DE LA C.C. CHARAMURAY, DISTRITO DE COLQUEMARCA, PROVINCIA DE CHUMBIVILCAS - CUSCO",4000053,MEJORAMIENTO DEL SISTEMA DE AGUA POTABLE,08,CUSCO,13,DONACIONES Y TRANSFERENCIAS,273355.0,273354.37
2025,M,GOBIERNOS LOCALES, , , , ,300735,080704,MUNICIPALIDAD DISTRITAL DE COLQUEMARCA,08,CUSCO,07,CHUMBIVILCAS,04,COLQUEMARCA,0083,PROGRAMA NACIONAL DE SANEAMIENTO RURAL,2,PROYECTO,2466167,MEJORAMIENTO Y AMPLIACION DEL SISTEMA DE SANEAMIENTO BASICO INTEGRAL EN EL ANEXO DE PARCCOBAMBA DE LA C.C DE YANQUE DEL DISTRITO DE COLQUEMARCA - PROVINCIA DE CHUMBIVILCAS - DEPARTAMENTO DE CUSCO,6000002,SUPERVISION Y LIQUIDACION DE OBRAS,08,CUSCO,13,DONACIONES Y TRANSFERENCIAS,186724.0,127537.6
2025,M,GOBIERNOS LOCALES, , , , ,300736,080705,MUNICIPALIDAD DISTRITAL DE LIVITACA,08,CUSCO,07,CHUMBIVILCAS,05,LIVITACA,0090,LOGROS DE APRENDIZAJE DE ESTUDIANTES DE LA EDUCACION BASICA REGULAR,2,PROYECTO,2388403,MEJORAMIENTO Y AMPLIACION DEL SERVICIO DE EDUCACION INICIAL 521 EN EL SECTOR DE QUECHAPAMPA DE LA C.C. DE HUANACO DEL DISTRITO DE LIVITACA - PROVINCIA DE CHUMBIVILCAS - DEPARTAMENTO DE CUSCO,6000001,EXPEDIENTE TECNICO,08,CUSCO,13,DONACIONES Y TRANSFERENCIAS,44722.0,0.0
2025,E,GOBIERNO NACIONAL,11,SALUD,011,M. DE SALUD,1655,125,PROGRAMA NACIONAL DE INVERSIONES EN SALUD,15,LIMA,01,LIMA,31,SAN ISIDRO,9002,ASIGNACIONES PRESUPUESTARIAS QUE NO RESULTAN EN PRODUCTOS,2,PROYECTO,2469195,"MEJORAMIENTO Y AMPLIACION DE LOS SERVICIOS DE SALUD DEL ESTABLECIMIENTO DE SALUD NUEVO ANDOAS, DISTRITO DE ANDOAS - PROVINCIA DE DATEM DEL MARAÑON - DEPARTAMENTO DE LORETO",6000002,SUPERVISION Y LIQUIDACION DE OBRAS,16,LORETO,13,DONACIONES Y TRANSFERENCIAS,231059.0,53747.43
2025,M,GOBIERNOS LOCALES, , , , ,300733,080702,MUNICIPALIDAD DISTRITAL DE CAPACMARCA,08,CUSCO,07,CHUMBIVILCAS,02,CAPACMARCA,9002,ASIGNACIONES PRESUPUESTARIAS QUE NO RESULTAN EN PRODUCTOS,2,PROYECTO,2571514,"MEJORAMIENTO Y AMPLIACION DEL SERVICIO DE PROVISION DE AGUA PARA RIEGO EN LOS SECTORES DE TAQERUMI, LLUSHO, TAHUAY UNO, HUERTAPAMPA Y TAHUAY DOS, DE LA COMUNIDAD CAMPESINA DE TAHUAY DEL DISTRITO DE CAPACMARCA DE LA PROVINCIA DE CHUMBIVILCAS DEL DEPARTAMENTO DE CUSCO",6000001,EXPEDIENTE TECNICO,08,CUSCO,13,DONACIONES Y TRANSFERENCIAS,1147396.0,0.0
2025,E,GOBIERNO NACIONAL,37,VIVIENDA CONSTRUCCION Y SANEAMIENTO,037,"MINISTERIO DE VIVIENDA, CONSTRUCCION Y SANEAMIENTO",1443,005,PROGRAMA NACIONAL DE SANEAMIENTO RURAL,15,LIMA,01,LIMA,22,MIRAFLORES,0083,PROGRAMA NACIONAL DE SANEAMIENTO RURAL,2,PROYECTO,2235611,"AMPLIACION Y MEJORAMIENTO DEL SERVICIO DE AGUA POTABLE E INSTALACION DEL SERVICIO DE SANEAMIENTO EN EL CENTRO POBLADO DE PAMPA HERMOSA, DISTRITO DE TROMPETEROS, PROVINCIA DE LORETO, REGION LORETO",4000181,"REHABILITACION, MEJORAMIENTO Y AMPLIACION DEL SISTEMA DE AGUA POTABLE Y DISPOSICION SANITARIA DE EXCRETA",16,LORETO,13,DONACIONES Y TRANSFERENCIAS,0.0,0.0
2025,E,GOBIERNO NACIONAL,37,VIVIENDA CONSTRUCCION Y SANEAMIENTO,037,"MINISTERIO DE VIVIENDA, CONSTRUCCION Y SANEAMIENTO",1443,005,PROGRAMA NACIONAL DE SANEAMIENTO RURAL,15,LIMA,01,LIMA,22,MIRAFLORES,0083,PROGRAMA NACIONAL DE SANEAMIENTO RURAL,2,PROYECTO,2332507,"MEJORAMIENTO Y AMPLIACION DEL SERVICIO DE AGUA POTABLE Y SANEAMIENTO EN LA CC.NN BELEN DISTRITO DE TROMPETEROS, PROVINCIA DE LORETO, REGION DE LORETO.",4000181,"REHABILITACION, MEJORAMIENTO Y AMPLIACION DEL SISTEMA DE AGUA POTABLE Y DISPOSICION SANITARIA DE EXCRETA",16,LORETO,13,DONACIONES Y TRANSFERENCIAS,0.0,0.0
2025,E,GOBIERNO NACIONAL,37,VIVIENDA CONSTRUCCION Y SANEAMIENTO,037,"MINISTERIO DE VIVIENDA, CONSTRUCCION Y SANEAMIENTO",1443,005,PROGRAMA NACIONAL DE SANEAMIENTO RURAL,15,LIMA,01,LIMA,22,MIRAFLORES,0083,PROGRAMA NACIONAL DE SANEAMIENTO RURAL,2,PROYECTO,2328454,"MEJORAMIENTO, AMPLIACION DEL SERVICIO DE AGUA POTABLE Y SANEAMIENTO EN LA COMUNIDAD NATIVA PUERTO ALEGRE, DISTRITO DE ANDOAS, PROVINCIA DEL DATEM DEL MARAÑON, REGION LORETO",4000181,"REHABILITACION, MEJORAMIENTO Y AMPLIACION DEL SISTEMA DE AGUA POTABLE Y DISPOSICION SANITARIA DE EXCRETA",16,LORETO,13,DONACIONES Y TRANSFERENCIAS,0.0,0.0
2025,M,GOBIERNOS LOCALES, , , , ,300734,080703,MUNICIPALIDAD DISTRITAL DE CHAMACA,08,CUSCO,07,CHUMBIVILCAS,03,CHAMACA,0138,"REDUCCION DEL COSTO, TIEMPO E INSEGURIDAD EN EL SISTEMA DE TRANSPORTE",2,PROYECTO,2470712,MEJORAMIENTO DEL CAMINO VECINAL CU 1563 (CHAMACA - ALCCAYHUARMI) DEL DISTRITO DE CHAMACA - PROVINCIA DE CHUMBIVILCAS - DEPARTAMENTO DE CUSCO,4000079,MEJORAMIENTO DE CAMINO VECINAL,08,CUSCO,13,DONACIONES Y TRANSFERENCIAS,6493660.0,6403195.0
